ref,lat,lng,statut
8721,49.47699600,0.16394790,0
17533,49.47962950,0.16406900,0
19894,49.47982500,0.16635480,0
17525,49.48001400,0.16364200,0
19818,49.48074920,0.16367280,0
19832,49.48100490,0.16347200,0
19792,49.48124710,0.16323610,0
19806,49.48125020,0.16321700,0
19756,49.48132280,0.16467550,0
19780,49.48155920,0.16424250,0
19744,49.48187510,0.16368160,0
19730,49.48213260,0.16315920,0
19844,49.48264870,0.16191300,1
19858,49.48272110,0.16213700,0
19365,49.48384450,0.13451400,0
19523,49.48441090,0.13148020,0
19513,49.48448460,0.13100980,0
19515,49.48454210,0.13141660,0
19505,49.48458490,0.13122360,0
19424,49.48470020,0.13342440,0
8612,49.48511250,0.10422050,0
19448,49.48521930,0.13389040,0
8642,49.48546320,0.10390030,0
8509,49.48553500,0.10204930,0
8670,49.48556860,0.10415740,0
8694,49.48566830,0.10443000,0
19541,49.48567530,0.13758120,0
8527,49.48568270,0.10240940,0
18969,49.48572540,0.13698790,0
8709,49.48576800,0.10470250,0
8568,49.48584680,0.10274330,0
19716,49.48598150,0.13708650,0
8506,49.48602210,0.10080220,0
9184,49.48603350,0.10076900,0
19475,49.48603480,0.13488040,0
8911,49.48614500,0.10086020,0
8541,49.48615580,0.10091160,0
19486,49.48615800,0.13487660,0
20632,49.48616260,0.13108450,0
9167,49.48618590,0.10037650,0
9154,49.48622320,0.10053670,0
9098,49.48623090,0.10319420,0
8925,49.48625300,0.10097140,0
19687,49.48625600,0.14034630,0
8552,49.48626440,0.10105430,0
9116,49.48632320,0.10310980,0
19494,49.48632710,0.13477360,0
9176,49.48633500,0.09997000,0
8660,49.48633750,0.10418020,0
19527,49.48635240,0.14078150,1
8741,49.48635850,0.10416090,0
8488,49.48641980,0.10145430,0
19462,49.48643220,0.13432030,0
19643,49.48645420,0.14014540,0
9126,49.48645870,0.10313750,0
9140,49.48650530,0.10305860,0
19657,49.48656770,0.14004930,0
19667,49.48673470,0.13979170,0
8899,49.48686980,0.10260610,0
8885,49.48687580,0.10261510,0
8937,49.48689160,0.10260140,0
19677,49.48690170,0.13953420,0
19701,49.48698510,0.13940540,0
8951,49.48703460,0.10247800,0
8771,49.48718410,0.10341420,0
9405,49.48723170,0.10575770,0
9393,49.48733280,0.10555930,0
9359,49.48734150,0.10498040,0
9373,49.48734680,0.10516340,0
9383,49.48735830,0.10535700,0
19195,49.48756780,0.13523660,0
9746,49.48759620,0.11447370,0
8963,49.48760020,0.10196580,0
9773,49.48778100,0.11363500,0
8977,49.48779170,0.10177440,0
9056,49.48781430,0.10176460,0
9204,49.48793650,0.10207080,0
8475,49.48794350,0.10888200,0
9735,49.48797610,0.11442800,0
8989,49.48806950,0.10153420,0
8411,49.48817210,0.11006700,0
9003,49.48819720,0.10141900,0
9013,49.48832480,0.10130380,0
8425,49.48836660,0.10989160,0
19361,49.48839450,0.14952210,1
9023,49.48845240,0.10118860,0
8435,49.48856110,0.10971610,0
9033,49.48857930,0.10107060,0
19871,49.48864730,0.16299940,0
9043,49.48870490,0.10095010,0
21786,49.48875090,0.14490990,0
8445,49.48875560,0.10954070,0
8455,49.48895010,0.10936520,0
8465,49.48914460,0.10918980,0
8408,49.48916400,0.10919400,0
20883,49.48917940,0.13960400,1
21771,49.48922030,0.14504540,1
9606,49.48922080,0.11390140,0
21009,49.48932270,0.14906180,0
20943,49.48935160,0.13928940,0
20953,49.48935350,0.13950310,0
21010,49.48939330,0.14917010,0
9580,49.48940600,0.11306730,0
21011,49.48947080,0.14925270,0
20933,49.48952280,0.13896040,1
21007,49.48956300,0.14926570,0
21719,49.48957480,0.14444090,0
21008,49.48963120,0.14917030,0
21867,49.48966720,0.14519430,0
20684,49.48968940,0.13863950,0
21701,49.48969910,0.14424750,0
20643,49.48971330,0.13862520,0
21012,49.48991370,0.14873700,0
20897,49.48994010,0.14099050,0
20790,49.48994820,0.13892660,0
21032,49.48995060,0.14809690,0
21755,49.48996170,0.14385820,0
20861,49.48998060,0.14025050,1
21013,49.48998430,0.14862870,0
20832,49.49004950,0.14006290,0
21014,49.49005490,0.14852040,0
21015,49.49012550,0.14841210,1
21017,49.49014160,0.14838760,0
20965,49.49014970,0.13983690,0
20979,49.49016300,0.13985410,0
20810,49.49018310,0.13922800,0
21018,49.49021350,0.14827920,0
20907,49.49025990,0.14058560,0
21019,49.49028550,0.14817070,0
21020,49.49035740,0.14806220,0
21660,49.49037850,0.14261250,0
20721,49.49041800,0.13952930,0
21021,49.49042940,0.14795380,0
21022,49.49050130,0.14784530,0
21673,49.49051240,0.14265000,0
21023,49.49057330,0.14773680,0
21029,49.49059400,0.14718620,0
21033,49.49059850,0.14718180,0
21688,49.49061760,0.14289170,1
20750,49.49064360,0.13984870,0
21024,49.49064520,0.14762840,1
21027,49.49066180,0.14730080,0
21025,49.49071710,0.14751990,0
21026,49.49072950,0.14741550,0
21035,49.49104740,0.14118300,0
8813,49.49127710,0.11549460,0
8803,49.49131470,0.11429240,0
8823,49.49136050,0.11545490,0
8789,49.49137270,0.11436200,0
9663,49.49139160,0.11782770,0
21888,49.49141500,0.14558610,0
9653,49.49147420,0.11734730,0
9643,49.49147980,0.11715350,0
9615,49.49148360,0.11696840,0
8858,49.49148660,0.11521230,0
8850,49.49149690,0.11491120,0
8849,49.49150730,0.11461020,0
8835,49.49151760,0.11430910,0
9673,49.49164450,0.11777420,0
19309,49.49194860,0.14152090,0
19329,49.49208470,0.14125840,0
19357,49.49215570,0.14113080,0
20564,49.49217450,0.13995110,0
20287,49.49218170,0.13989570,0
19901,49.49225450,0.13830240,0
19913,49.49232510,0.13857820,0
19954,49.49238360,0.13880360,0
19944,49.49241240,0.13894630,0
17944,49.49249650,0.14847560,0
20372,49.49249660,0.13967420,0
20355,49.49252340,0.13992140,0
21646,49.49270800,0.14893570,0
21097,49.49291180,0.14947380,0
21178,49.49292880,0.14952710,1
21261,49.49294580,0.14958040,0
21368,49.49296280,0.14963370,0
21450,49.49304770,0.14930140,0
20608,49.49315000,0.13976350,0
9439,49.49315200,0.12012050,0
19983,49.49346910,0.14124820,0
19997,49.49351280,0.14142460,0
19221,49.49353070,0.14251750,0
20012,49.49355650,0.14160110,0
20027,49.49360020,0.14177760,0
20583,49.49362230,0.14194190,0
20596,49.49362850,0.14218990,0
20039,49.49364390,0.14195410,0
20054,49.49368760,0.14213060,0
20621,49.49371730,0.14233260,0
20066,49.49373130,0.14230700,0
20553,49.49381910,0.13935430,0
20094,49.49422590,0.14075290,0
20107,49.49426840,0.14103430,0
20123,49.49435350,0.14159710,0
9495,49.49439270,0.12606940,0
20082,49.49439930,0.14188150,0
9489,49.49440050,0.12662920,0
10042,49.49450560,0.12019640,0
10045,49.49451950,0.11962410,0
9777,49.49463940,0.12431080,0
10334,49.49479400,0.12372940,0
10300,49.49480290,0.12384780,0
20305,49.49483610,0.15454980,0
10215,49.49501960,0.12079090,0
10109,49.49509950,0.12072910,0
9795,49.49514800,0.12519600,0
10011,49.49517130,0.12180340,0
10124,49.49517940,0.12066730,0
9810,49.49524030,0.12505400,0
9905,49.49529260,0.11338440,0
9921,49.49529610,0.11336600,0
9931,49.49540910,0.11331240,0
21039,49.49542180,0.15571450,1
20302,49.49553380,0.15360840,0
20308,49.49560100,0.15347640,0
20322,49.49565100,0.15340930,0
9986,49.49565690,0.11692980,0
20332,49.49570970,0.15335100,0
20342,49.49577880,0.15334950,0
17958,49.49597060,0.15661040,0
9983,49.49602300,0.12131650,0
17966,49.49604220,0.15671970,0
22122,49.49607620,0.32111090,0
10039,49.49616240,0.12597570,0
22121,49.49616690,0.32090850,0
22120,49.49620550,0.32084400,0
22119,49.49633940,0.32067180,0
22118,49.49637410,0.32046210,0
22117,49.49639370,0.32019360,0
22112,49.49642740,0.31955570,0
22116,49.49643220,0.31993410,0
22115,49.49643490,0.31988200,0
22113,49.49643630,0.31985590,1
22111,49.49645660,0.31946450,0
22110,49.49648040,0.31921200,0
20480,49.49661050,0.15765960,0
20429,49.49669400,0.15779670,0
17179,49.49676190,0.15144670,0
20376,49.49676280,0.15791600,0
17120,49.49684000,0.15225570,0
17134,49.49689010,0.15239420,1
20540,49.49690020,0.15815450,0
22126,49.49690300,0.31918990,0
9981,49.49690310,0.12033660,0
17144,49.49694020,0.15253280,0
10363,49.49695170,0.12721730,0
17154,49.49699020,0.15267130,0
10380,49.49702670,0.12748170,0
10002,49.49704030,0.11220840,1
17164,49.49704030,0.15280990,0
13310,49.49789670,0.10468120,0
11176,49.49790220,0.10715360,0
9990,49.49832600,0.12207370,0
9535,49.49833470,0.10242110,0
9518,49.49837240,0.10325980,0
18682,49.49889500,0.14036170,0
18675,49.49906730,0.14426640,0
18812,49.49909590,0.14528430,0
18486,49.49911730,0.14459440,0
18594,49.49912160,0.14620060,0
8030,49.49924530,0.20284080,0
8130,49.49924740,0.20284570,0
8042,49.49924860,0.20281890,0
8115,49.49927000,0.19971980,0
8054,49.49930550,0.20347220,0
17066,49.49933370,0.13167540,0
8029,49.49936560,0.20410360,0
8032,49.49936950,0.20410750,0
8075,49.49951750,0.20535520,0
8100,49.49951830,0.20537750,0
8090,49.49956050,0.20287930,0
8067,49.49956620,0.19963620,0
18561,49.49963540,0.14399180,0
8166,49.49964380,0.20413950,0
8058,49.49965320,0.20669590,0
8055,49.49965510,0.20665880,0
8103,49.49965590,0.20665860,0
18503,49.49966810,0.14366270,0
8043,49.49968040,0.20286520,0
18614,49.49968880,0.14610450,0
8037,49.49971110,0.20417430,0
8094,49.49981820,0.20539490,0
18717,49.49983770,0.14226910,0
8095,49.49989980,0.20543260,0
8038,49.49991830,0.20417160,0
8079,49.49992210,0.20078220,0
8047,49.49992450,0.20074480,0
17682,49.49992550,0.15927890,1
17566,49.49995930,0.15807480,0
8059,49.49996950,0.20674810,0
8085,49.49997180,0.20671070,0
10035,49.49997410,0.12823190,1
8077,49.49998170,0.20549450,0
10024,49.50000360,0.13028530,0
17636,49.50000760,0.15948310,0
17650,49.50003680,0.15969940,0
8039,49.50005390,0.20421650,0
17660,49.50008860,0.15989580,0
17670,49.50009800,0.16042840,0
8217,49.50011690,0.20283590,0
8141,49.50012470,0.20532510,0
8193,49.50018610,0.20295550,0
8035,49.50019250,0.20420800,0
9899,49.50021070,0.12947980,0
8298,49.50026090,0.20079450,0
8078,49.50028370,0.20548130,0
8060,49.50028610,0.20679380,0
8180,49.50028830,0.20675640,0
17438,49.50030420,0.16325430,0
17613,49.50030790,0.15922030,0
17446,49.50031430,0.16343530,0
9901,49.50031850,0.12940130,0
8175,49.50035220,0.20540970,0
17554,49.50035320,0.15793630,0
9897,49.50038990,0.12942520,1
8290,49.50039660,0.20426200,0
9898,49.50045570,0.12940520,0
8044,49.50046240,0.20296770,0
17454,49.50046300,0.16634610,0
8036,49.50046660,0.20424440,0
17462,49.50047380,0.16654000,0
17468,49.50048460,0.16673390,0
8082,49.50048540,0.20092220,0
8215,49.50049870,0.20299980,0
8155,49.50051950,0.20092710,0
17698,49.50053170,0.15973100,0
8156,49.50059740,0.20084410,0
8061,49.50060260,0.20683950,0
8208,49.50060480,0.20680210,0
8168,49.50062260,0.20681000,0
8057,49.50062450,0.20684270,0
8063,49.50062680,0.20680530,0
18816,49.50066530,0.14207870,0
8096,49.50066750,0.20552990,0
8076,49.50066900,0.20550310,0
8170,49.50067060,0.20552980,0
17411,49.50067300,0.14416970,0
8214,49.50068930,0.20550670,0
8267,49.50069150,0.20553340,0
8194,49.50069340,0.20550680,0
8317,49.50072730,0.20090100,0
18909,49.50073280,0.17341060,0
18919,49.50073750,0.17355470,0
8033,49.50073930,0.20430750,0
8121,49.50074080,0.20428080,0
8041,49.50074450,0.20430690,0
18929,49.50074680,0.17384300,0
8316,49.50076340,0.20428460,0
18875,49.50079810,0.17270900,0
18889,49.50080910,0.17291090,0
8133,49.50081290,0.20301740,0
18899,49.50081440,0.17311530,0
8171,49.50084140,0.20302190,0
8204,49.50087140,0.20684040,0
8034,49.50088370,0.20438340,0
8052,49.50091370,0.20177280,0
17486,49.50122090,0.16607780,0
17415,49.50122680,0.16627910,0
17423,49.50123260,0.16648030,0
17429,49.50123850,0.16668160,0
17476,49.50124510,0.16667260,1
17906,49.50125720,0.17243410,0
17935,49.50126410,0.17242560,0
8003,49.50129150,0.20693720,0
8046,49.50130710,0.20104800,0
18853,49.50133210,0.17362220,1
18863,49.50136010,0.17418850,0
17741,49.50138200,0.17417980,0
17715,49.50138440,0.17418570,0
18956,49.50141180,0.17238840,0
8296,49.50142480,0.20565650,0
8045,49.50150540,0.20316610,0
17570,49.50156230,0.17798110,0
19111,49.50158170,0.18212620,0
19125,49.50160020,0.18227360,0
19135,49.50160320,0.18230000,0
19146,49.50162020,0.18247680,0
17975,49.50163530,0.17476280,0
17917,49.50164990,0.17247070,0
17925,49.50166220,0.17247340,1
18974,49.50169420,0.18335120,0
8005,49.50170570,0.20687560,0
18981,49.50171820,0.18359200,0
8172,49.50172280,0.20326730,0
8123,49.50172550,0.20440380,0
8089,49.50173940,0.20443240,0
8198,49.50177350,0.20576270,0
8160,49.50177770,0.20105270,0
8107,49.50182800,0.20700490,0
17774,49.50183840,0.17419350,0
8124,49.50184990,0.20450710,0
8021,49.50185080,0.20697650,0
8125,49.50185630,0.20436420,0
8236,49.50185630,0.20700290,0
8108,49.50185760,0.20697610,0
8080,49.50188320,0.20098220,0
19072,49.50190720,0.17601580,0
8145,49.50191550,0.20571190,0
8135,49.50193640,0.20571560,0
8074,49.50193780,0.20766030,0
8024,49.50194280,0.20574160,0
19048,49.50194970,0.17531520,0
8295,49.50198660,0.20446270,0
19059,49.50198700,0.17567060,0
17593,49.50200240,0.16987890,0
8294,49.50200540,0.20444020,0
8126,49.50201240,0.20446510,0
8310,49.50201290,0.20443830,0
8023,49.50202520,0.20761640,0
8219,49.50205650,0.20580180,0
8292,49.50208240,0.20326690,0
17575,49.50211530,0.16815420,0
8347,49.50212260,0.20245880,0
8237,49.50212700,0.20713610,1
21906,49.50222080,0.22004030,0
8138,49.50223020,0.20764080,0
8146,49.50224170,0.20568780,0
17939,49.50224350,0.15074510,1
8188,49.50225280,0.20446770,0
19156,49.50226380,0.18350180,0
8006,49.50226380,0.20702300,0
19099,49.50226970,0.18248860,0
19085,49.50227140,0.18226700,0
8127,49.50228250,0.20450020,0
17803,49.50229490,0.17420720,0
17230,49.50234250,0.18350410,0
17220,49.50234420,0.18330870,0
17210,49.50234750,0.18291800,1
17200,49.50235090,0.18252720,0
17186,49.50235120,0.18248500,0
19036,49.50235640,0.17447060,0
19026,49.50235670,0.17438950,0
19012,49.50235700,0.17430840,0
17312,49.50237640,0.17981220,0
8182,49.50238290,0.20706370,0
17830,49.50241120,0.17259890,1
17854,49.50241180,0.17295470,0
17844,49.50241210,0.17283250,0
17866,49.50241730,0.17261300,0
8199,49.50241980,0.20570110,0
8173,49.50243510,0.20766520,0
8248,49.50244300,0.20328150,1
17388,49.50245070,0.17471270,0
17288,49.50245370,0.17947740,0
17336,49.50245650,0.17430490,0
17302,49.50246130,0.17967590,0
17322,49.50246940,0.18009070,1
8189,49.50255360,0.20454190,0
8293,49.50257070,0.20329610,0
8025,49.50260690,0.20573090,0
8339,49.50261350,0.20251730,0
8207,49.50263390,0.20709260,0
8064,49.50267000,0.20706990,0
17266,49.50269750,0.18104890,0
8147,49.50269760,0.20582640,0
17242,49.50270130,0.18055190,0
17276,49.50271160,0.18120280,0
17256,49.50271780,0.18070880,0
8323,49.50275020,0.20254700,0
8093,49.50275590,0.20334430,0
8149,49.50279160,0.20581140,0
8336,49.50282440,0.20204920,0
8261,49.50282490,0.20457550,0
8110,49.50287970,0.20695900,0
8289,49.50288280,0.20449100,0
8008,49.50288480,0.20712160,0
8016,49.50292500,0.20335030,0
8249,49.50295930,0.20322160,1
8148,49.50296920,0.20586090,0
8306,49.50298270,0.20577250,0
18236,49.50308450,0.17624540,0
18408,49.50308780,0.18009190,0
18392,49.50309230,0.17989380,0
18158,49.50309270,0.17622180,0
8018,49.50309270,0.20338300,0
8014,49.50309620,0.20460910,0
18376,49.50309670,0.17969560,0
18353,49.50310410,0.17949490,0
18220,49.50310520,0.18009290,0
8065,49.50313580,0.20715060,0
18155,49.50316350,0.17898410,0
8252,49.50316420,0.20579410,0
8184,49.50316480,0.20835710,0
8264,49.50322490,0.20337130,1
8150,49.50324080,0.20589540,0
8015,49.50325980,0.20460250,0
18206,49.50328460,0.17912670,0
18249,49.50329760,0.17645440,0
18192,49.50331180,0.17806680,0
18178,49.50331410,0.17802710,0
8120,49.50331430,0.20775740,0
18140,49.50331900,0.17723300,0
18152,49.50331950,0.17683610,0
8250,49.50332500,0.23309000,0
8277,49.50336740,0.20464270,0
8112,49.50338670,0.20717960,0
8271,49.50338800,0.20715280,0
8119,49.50338810,0.20716720,0
8012,49.50338890,0.20715900,0
8020,49.50342940,0.20342170,0
8118,49.50344210,0.20659810,0
8071,49.50344340,0.20658530,0
8026,49.50351160,0.20593930,0
8259,49.50351320,0.20593170,0
8117,49.50351520,0.20591240,0
8011,49.50354920,0.20515580,0
8087,49.50361120,0.20446670,0
8010,49.50364030,0.20467490,0
8303,49.50370410,0.20410970,0
8086,49.50381540,0.20308110,0
12229,49.50384370,0.12633430,0
22275,49.50389540,0.12629160,0
8088,49.50391270,0.20200570,0
8241,49.50394000,0.20219240,0
22296,49.50406640,0.12618080,0
11256,49.50422200,0.11843230,0
10519,49.50423190,0.11173040,0
11280,49.50431010,0.11845790,0
7968,49.50440080,0.20240710,0
5279,49.50440100,0.16336670,0
7937,49.50452310,0.20273310,0
3538,49.50455060,0.14344290,0
10511,49.50462430,0.13881290,0
12010,49.50469490,0.12539130,0
13280,49.50471430,0.10357810,0
7740,49.50488530,0.20350360,0
7008,49.50489690,0.18260740,1
7042,49.50493580,0.18236540,0
7032,49.50498590,0.18213300,0
12288,49.50504250,0.11999500,0
11183,49.50509270,0.11685580,0
11322,49.50511350,0.12013970,0
13292,49.50513020,0.10353040,0
11968,49.50513460,0.12451000,0
22063,49.50515530,0.20429320,0
11988,49.50515580,0.12540580,0
12034,49.50516840,0.12539240,0
21929,49.50517300,0.20452940,0
21997,49.50517760,0.20477680,0
11978,49.50517800,0.12504540,0
7022,49.50518180,0.18175140,0
12044,49.50518950,0.12539000,0
12054,49.50519960,0.12539020,0
5268,49.50520740,0.16500930,0
11209,49.50521090,0.11765620,0
11346,49.50521470,0.11857430,0
5236,49.50522980,0.16382920,0
11233,49.50527980,0.11739320,0
5225,49.50529490,0.16336180,1
5244,49.50531470,0.16409780,0
5252,49.50531900,0.16440030,0
5260,49.50532340,0.16470270,0
12277,49.50532880,0.11814200,0
11432,49.50545600,0.12019250,0
5129,49.50546100,0.15073080,0
5117,49.50546880,0.15074450,1
5029,49.50547330,0.15051540,0
5051,49.50547370,0.14963460,0
5077,49.50547770,0.14988720,0
5091,49.50547790,0.15027700,0
11422,49.50548940,0.12044560,0
11412,49.50554530,0.11990060,0
11180,49.50556020,0.12462650,0
11944,49.50556100,0.12462230,0
11368,49.50557690,0.11897740,0
11392,49.50558260,0.11953730,0
2005,49.50560100,0.09637230,0
7870,49.50567180,0.20213650,0
5143,49.50567890,0.15082970,0
5153,49.50568860,0.15083430,0
11452,49.50571400,0.11825610,0
12245,49.50573050,0.12253930,0
11548,49.50582120,0.12167780,0
12269,49.50582710,0.12170680,0
11528,49.50586150,0.12127040,0
4527,49.50589310,0.15598850,0
11654,49.50589430,0.12407810,0
11508,49.50592210,0.12065930,0
11498,49.50596250,0.12025190,0
11474,49.50602300,0.11964080,0
11644,49.50602530,0.12386660,0
4902,49.50604230,0.16615120,0
4547,49.50604710,0.15648710,0
11624,49.50606370,0.12348890,0
4918,49.50606400,0.16706930,0
11614,49.50608930,0.12323700,0
5567,49.50611470,0.18142810,0
11558,49.50611490,0.11904050,0
4894,49.50612070,0.16585380,0
6864,49.50612320,0.18179800,1
4910,49.50612730,0.16643950,0
11604,49.50612770,0.12285930,0
12296,49.50613310,0.12525610,0
6957,49.50613770,0.18298520,0
11580,49.50615330,0.12260750,0
4508,49.50615640,0.15475740,1
4566,49.50615820,0.15708800,0
4488,49.50616040,0.15441060,0
10677,49.50616400,0.11767850,0
11764,49.50619170,0.12222980,0
11754,49.50621730,0.12197800,0
11694,49.50622600,0.12081910,0
7844,49.50625070,0.20390660,0
11734,49.50625570,0.12160020,0
11714,49.50629410,0.12122250,0
10909,49.50629870,0.12141960,0
10903,49.50630390,0.12134100,0
10674,49.50630470,0.11823270,0
11674,49.50634870,0.12070360,0
5165,49.50635870,0.14919340,1
5179,49.50636020,0.14960590,0
5189,49.50636110,0.14981070,0
5199,49.50636210,0.15001540,0
5209,49.50636400,0.15042490,1
6815,49.50636430,0.18138500,0
11870,49.50637650,0.12406410,0
7736,49.50637990,0.20382260,0
11850,49.50641330,0.12367980,0
10749,49.50645000,0.11880070,0
11830,49.50645510,0.12329670,0
11820,49.50646510,0.12303670,0
11892,49.50648140,0.12430420,0
7798,49.50649050,0.20370110,0
7761,49.50649360,0.20367470,0
7632,49.50649510,0.20370030,0
11800,49.50650030,0.12263110,0
7658,49.50650670,0.20368290,0
11786,49.50651710,0.12243150,0
10781,49.50653530,0.11914170,0
10811,49.50654580,0.11981560,0
3534,49.50655390,0.14831250,0
12256,49.50656820,0.12234140,0
4669,49.50656920,0.15705480,0
6874,49.50657170,0.18173730,1
6884,49.50658350,0.18173580,0
4982,49.50660290,0.16120690,0
6825,49.50661390,0.18134360,0
4947,49.50668340,0.16536470,0
10869,49.50668390,0.12033000,0
4961,49.50668760,0.16565570,0
4970,49.50669180,0.16594670,0
4859,49.50669600,0.16623770,0
4870,49.50670020,0.16652870,0
4878,49.50670430,0.16681970,0
4886,49.50670850,0.16711070,0
4697,49.50671390,0.15526970,0
11172,49.50673400,0.12747270,0
6894,49.50674970,0.18209020,0
6904,49.50677610,0.18263180,0
5570,49.50678590,0.18280220,0
10841,49.50679490,0.12019850,0
4665,49.50681630,0.15498660,0
4664,49.50685040,0.15489230,0
4663,49.50688450,0.15479800,1
11169,49.50689040,0.12606520,0
4662,49.50691870,0.15470360,1
4649,49.50694640,0.15461510,0
4661,49.50695280,0.15460930,0
11061,49.50697190,0.12747630,0
6834,49.50698840,0.18128180,1
4483,49.50699210,0.15631040,0
11045,49.50701600,0.12710340,0
7684,49.50705450,0.20375510,1
11029,49.50714430,0.12633460,0
10966,49.50715690,0.12585150,0
10942,49.50716340,0.12546880,0
11037,49.50718740,0.12665810,0
4654,49.50718990,0.15473350,0
4656,49.50719750,0.15473900,1
6844,49.50723800,0.18124060,0
10990,49.50724440,0.12437150,0
12309,49.50725710,0.12973200,0
13219,49.50726340,0.12976830,0
13122,49.50726500,0.12973420,0
10913,49.50727940,0.12492120,0
7744,49.50728460,0.20348140,0
4685,49.50731230,0.15628010,0
4681,49.50731980,0.15642520,0
4471,49.50733240,0.15704200,0
6854,49.50736130,0.18135340,0
12315,49.50736630,0.12847530,0
7606,49.50740560,0.20291490,0
7710,49.50742210,0.20290620,0
4788,49.50750970,0.15496620,0
6924,49.50751990,0.18146870,1
6934,49.50759640,0.18267230,1
6944,49.50760610,0.18285480,0
5493,49.50761280,0.17763460,0
6685,49.50761840,0.18285700,0
6564,49.50763390,0.18294810,0
13100,49.50768740,0.12829300,0
6521,49.50771700,0.18309740,0
6491,49.50773600,0.18440560,1
13110,49.50774190,0.12858720,0
6531,49.50774940,0.18335540,0
6651,49.50776100,0.18254670,0
6641,49.50776320,0.18246870,0
6541,49.50777060,0.18355460,0
6551,49.50778720,0.18380390,1
4733,49.50781870,0.15552270,0
13076,49.50785090,0.12917550,0
4751,49.50788520,0.15523900,0
4657,49.50788530,0.15526270,0
4769,49.50789340,0.15561780,0
4473,49.50790030,0.15617890,0
4476,49.50790390,0.15645950,0
13090,49.50790540,0.12946970,0
12319,49.50790620,0.12946260,0
4479,49.50790760,0.15674000,1
4481,49.50791130,0.15702060,0
4472,49.50791740,0.15701600,0
6621,49.50792360,0.18242780,0
13054,49.50795240,0.12814470,0
13023,49.50796880,0.12814690,0
13064,49.50801220,0.12844690,0
6249,49.50801630,0.18416710,0
6477,49.50802210,0.18416260,0
13030,49.50812190,0.12905500,0
13044,49.50817540,0.12935990,1
1021,49.50820220,0.10213700,0
6631,49.50821040,0.18191890,0
6735,49.50824170,0.18108820,0
6607,49.50834170,0.18147930,0
12386,49.50844120,0.12645580,0
5573,49.50844530,0.18379170,0
12372,49.50846640,0.12746580,0
12406,49.50848550,0.12607100,0
12956,49.50849840,0.12780110,0
12396,49.50850790,0.12780410,0
6749,49.50851390,0.18103980,1
12426,49.50855940,0.12565420,0
12446,49.50856360,0.12557170,0
12320,49.50861820,0.12508190,0
12416,49.50865130,0.12581070,0
12436,49.50866590,0.12559660,0
12355,49.50871230,0.12501110,0
6759,49.50873820,0.18100340,1
12472,49.50874500,0.12487700,0
3868,49.50874880,0.15362220,0
6442,49.50876470,0.18267770,1
12351,49.50882160,0.12847490,0
12991,49.50883670,0.12787580,0
12482,49.50884330,0.12447440,0
13001,49.50885370,0.12782840,0
13011,49.50889230,0.12773230,0
12967,49.50889490,0.12765230,0
12977,49.50891760,0.12769310,0
6592,49.50892310,0.18264420,0
12321,49.50892950,0.12377260,0
6407,49.50894850,0.18382570,1
6769,49.50896250,0.18096690,0
6699,49.50897290,0.18096510,1
3882,49.50899130,0.15387860,0
12492,49.50899160,0.12440740,0
12306,49.50900380,0.12351710,0
13187,49.50902710,0.12319470,0
12514,49.50913700,0.12326160,0
12502,49.50913730,0.12327660,0
12322,49.50918740,0.12273150,0
3918,49.50918750,0.15538450,0
3928,49.50918790,0.15569440,0
3904,49.50919360,0.15507360,0
3784,49.50921870,0.15183090,0
12312,49.50924910,0.12264380,0
3892,49.50924920,0.15409700,0
3954,49.50926050,0.15511050,0
3810,49.50926100,0.15195080,0
3976,49.50926890,0.15507520,0
12528,49.50928540,0.12329840,0
3820,49.50930330,0.15207080,0
3569,49.50932090,0.16019190,1
3610,49.50933540,0.16107390,0
4035,49.50933790,0.15409700,0
6713,49.50934140,0.18089700,0
3856,49.50935630,0.15323290,0
3559,49.50937660,0.15886160,0
3846,49.50938690,0.15306350,0
4271,49.50938790,0.15231070,0
4025,49.50939270,0.15368660,0
3764,49.50941710,0.15289440,0
3775,49.50945700,0.15328060,0
6332,49.50948920,0.18254100,0
6318,49.50950900,0.18282720,0
6352,49.50952880,0.18311340,0
6723,49.50953230,0.18086180,0
6342,49.50954850,0.18339970,1
6373,49.50957420,0.18375640,0
5510,49.50957700,0.18148900,0
6229,49.50958360,0.18375540,0
12538,49.50958440,0.12335760,0
21,49.50958940,0.09169150,1
12899,49.50966410,0.12721570,0
12935,49.50967030,0.12720080,0
10431,49.50967680,0.14242710,0
10387,49.50969400,0.14263830,0
13225,49.50970390,0.12750020,0
12913,49.50970820,0.12734100,0
3964,49.50971820,0.15531240,0
3990,49.50972390,0.15527590,0
12922,49.50972500,0.12729020,0
10401,49.50972610,0.14302100,0
4047,49.50973060,0.15302780,1
12353,49.50973450,0.12734430,0
12548,49.50973660,0.12334950,0
10421,49.50975280,0.14209960,0
10411,49.50975820,0.14340370,0
12358,49.50976620,0.12752160,0
12584,49.50977780,0.12343560,0
12863,49.50980360,0.12705120,0
3940,49.50981300,0.15534190,0
6239,49.50981740,0.18373600,0
12594,49.50982860,0.12357070,0
4061,49.50983280,0.15315930,0
13135,49.50985180,0.12694610,0
12877,49.50986960,0.12684920,0
12761,49.50987550,0.12691520,0
12560,49.50989870,0.12387560,0
3542,49.50990640,0.15884370,0
12574,49.50993400,0.12402810,0
12751,49.50993880,0.12712920,0
4071,49.50994140,0.15327970,0
3577,49.50994350,0.16106040,0
13235,49.50998150,0.11487740,0
4000,49.50999050,0.15537080,0
12887,49.51000110,0.12644460,0
12771,49.51000330,0.12652150,0
12781,49.51004600,0.12639030,0
6259,49.51006200,0.18371750,0
10463,49.51008020,0.14424980,0
12791,49.51008860,0.12625910,0
13249,49.51012110,0.11516400,1
3605,49.51014840,0.15336980,0
10471,49.51017000,0.14434870,0
12630,49.51019220,0.12412180,0
12811,49.51020750,0.12590490,0
13259,49.51025640,0.11545590,0
10477,49.51025980,0.14444760,0
2414,49.51026040,0.09073110,0
12801,49.51026690,0.12609760,0
4083,49.51028360,0.15359290,0
6209,49.51028370,0.18246430,0
12652,49.51028770,0.12558430,0
6195,49.51030050,0.18293070,1
12640,49.51032440,0.12404820,0
12666,49.51034080,0.12542630,0
12821,49.51035740,0.12587910,0
6269,49.51037330,0.18368510,0
2404,49.51038350,0.09069730,0
12676,49.51039390,0.12526820,0
4097,49.51039780,0.15369700,0
12606,49.51042090,0.12399330,0
12831,49.51044330,0.12520290,0
3551,49.51047240,0.15883190,0
12696,49.51049540,0.12468340,0
12841,49.51050910,0.12500710,0
12620,49.51051140,0.12394170,0
4107,49.51051190,0.15380100,0
12686,49.51055320,0.12479410,0
12706,49.51055890,0.12449970,0
10485,49.51056070,0.14474760,0
10493,49.51056740,0.14475270,0
12851,49.51057490,0.12481130,0
6279,49.51068460,0.18365270,0
12718,49.51072630,0.12460030,0
2314,49.51078140,0.09084540,1
12729,49.51078980,0.12439600,0
2328,49.51079790,0.09086950,1
5538,49.51082250,0.15675920,1
4119,49.51085430,0.15411320,0
4133,49.51087720,0.15413360,0
2297,49.51088400,0.09001650,0
5525,49.51095180,0.15623840,0
4143,49.51097690,0.15422030,0
10499,49.51116360,0.14497350,0
4155,49.51116700,0.15466240,0
4169,49.51134730,0.15461030,0
2588,49.51141100,0.09480520,0
22171,49.51141840,0.22912770,0
4179,49.51142570,0.15473190,0
2453,49.51143510,0.09481710,0
4386,49.51143940,0.15866280,0
2467,49.51155600,0.09486970,0
4400,49.51155820,0.15884030,0
4191,49.51165650,0.15510200,0
4422,49.51165970,0.15904760,0
13369,49.51166950,0.12720960,0
2427,49.51168050,0.09490920,0
4205,49.51172580,0.15523450,0
4215,49.51179520,0.15536840,0
13333,49.51180070,0.12697950,0
2441,49.51180490,0.09494870,0
13347,49.51183350,0.12692200,0
13357,49.51186630,0.12686450,0
2551,49.51192940,0.09498820,0
13445,49.51202180,0.12913580,0
3676,49.51208730,0.17027720,0
3624,49.51210200,0.17103180,0
3645,49.51210630,0.17105830,0
4410,49.51212340,0.15998640,0
3631,49.51233680,0.17101910,0
4350,49.51234660,0.16042940,0
4364,49.51242100,0.16057710,0
3636,49.51245430,0.17101280,0
4374,49.51249550,0.16072480,0
5020,49.51255320,0.15309640,1
2515,49.51255410,0.09494420,0
3641,49.51257170,0.17100650,0
2529,49.51257960,0.09474530,0
2539,49.51260910,0.09451850,0
4261,49.51261280,0.15892610,0
4280,49.51261550,0.15937870,0
4289,49.51261680,0.15960490,0
4299,49.51261820,0.15983120,0
4319,49.51261870,0.16028150,0
4309,49.51261950,0.16005750,0
7575,49.51262010,0.15867290,0
3759,49.51264000,0.16710200,0
5348,49.51265240,0.16712500,0
5374,49.51265950,0.16788480,0
2602,49.51268040,0.09449370,0
5402,49.51268660,0.16889640,0
5400,49.51279700,0.16865420,0
2479,49.51281520,0.09423790,0
22152,49.51287460,0.23390790,0
2493,49.51295730,0.09428210,0
3394,49.51296050,0.07686640,0
5791,49.51297070,0.17319010,0
2742,49.51297170,0.08812710,1
2768,49.51298070,0.08824580,0
5800,49.51298400,0.17322740,0
5782,49.51301220,0.17259430,0
22161,49.51301710,0.23424710,1
1025,49.51302370,0.09644230,0
2503,49.51309930,0.09432620,0
13508,49.51310540,0.12973300,0
5809,49.51314860,0.17319990,0
5773,49.51323020,0.17256210,0
2643,49.51324220,0.08827400,0
15258,49.51327660,0.11121810,0
13522,49.51330700,0.12975200,0
5457,49.51332250,0.16804690,0
2794,49.51343840,0.08840700,0
2646,49.51344380,0.08838150,0
2653,49.51345780,0.08840260,0
2820,49.51345990,0.08841580,0
2869,49.51353540,0.08827400,0
13532,49.51356120,0.12993680,0
22162,49.51356190,0.23561010,0
5760,49.51356450,0.17274520,0
5818,49.51358350,0.17308130,0
2649,49.51362180,0.08840040,0
13542,49.51363230,0.12977380,0
5827,49.51365310,0.17008250,0
5836,49.51367300,0.17042230,1
5845,49.51369280,0.17076210,1
5854,49.51371270,0.17110180,0
13579,49.51373490,0.12890370,0
5890,49.51375660,0.17269790,1
5863,49.51375750,0.17178100,0
5872,49.51378140,0.17212020,0
5724,49.51380760,0.17215580,1
5881,49.51380950,0.17250770,0
13965,49.51384670,0.11560880,0
5899,49.51384820,0.17304000,0
2986,49.51389440,0.08813550,0
5561,49.51399270,0.17212600,0
2911,49.51407410,0.08794030,0
13717,49.51429810,0.12985750,0
5621,49.51436280,0.17206660,0
13683,49.51444610,0.12983050,0
2960,49.51447030,0.08809730,0
13697,49.51459410,0.12980360,0
13707,49.51489030,0.12975620,0
15278,49.51490100,0.11442730,0
15267,49.51492230,0.11230440,0
5706,49.51493220,0.17197520,1
14411,49.51496770,0.11921530,0
5558,49.51504670,0.17209100,0
14559,49.51508820,0.11719540,0
448,49.51509740,0.09236410,0
994,49.51510190,0.10079060,0
814,49.51510990,0.10081350,0
975,49.51511690,0.10078020,0
447,49.51512350,0.09222220,1
14549,49.51512590,0.11728840,0
14390,49.51512700,0.11887750,1
5659,49.51514260,0.17031330,1
455,49.51514960,0.09208030,0
453,49.51516380,0.09186470,0
454,49.51517560,0.09193840,0
959,49.51518350,0.10046240,0
13727,49.51518700,0.12971120,0
451,49.51519710,0.09168360,0
449,49.51520170,0.09179650,0
14565,49.51520330,0.11702900,0
450,49.51523040,0.09150250,0
15271,49.51523670,0.11254930,0
944,49.51524920,0.10014380,0
456,49.51524960,0.09149520,0
3163,49.51531060,0.09438110,0
921,49.51531150,0.09982390,0
1030,49.51531740,0.09441200,1
13737,49.51533530,0.12968870,0
14535,49.51536220,0.11771510,0
867,49.51537370,0.09950410,0
457,49.51538820,0.09157750,0
14404,49.51542870,0.11842540,0
3039,49.51543210,0.09444210,0
5478,49.51543540,0.17188640,0
5624,49.51546650,0.16921230,0
14379,49.51548130,0.11949670,1
14361,49.51548940,0.11948690,1
1036,49.51551250,0.09345100,0
14976,49.51552170,0.12550600,0
458,49.51552570,0.09166480,0
3053,49.51553820,0.09448790,0
14962,49.51555490,0.12575390,1
14936,49.51556740,0.12638630,0
1033,49.51557200,0.09313750,0
14572,49.51560420,0.11814090,0
14421,49.51561090,0.11817270,0
3150,49.51562800,0.09270890,0
1032,49.51563150,0.09282390,1
13747,49.51563190,0.12964370,0
3063,49.51564420,0.09453370,0
14661,49.51565610,0.12199590,0
459,49.51566130,0.09175800,0
1029,49.51569100,0.09251040,0
14429,49.51572330,0.11803850,1
13969,49.51574800,0.12060230,0
1037,49.51575050,0.09219680,0
13978,49.51576680,0.12064480,1
13757,49.51578020,0.12962120,0
13988,49.51578550,0.12068730,0
3110,49.51578660,0.09187270,0
6065,49.51579020,0.17180030,0
1039,49.51579180,0.09186400,0
3191,49.51585840,0.09464580,0
13767,49.51592860,0.12959870,0
3027,49.51593380,0.09380830,0
14988,49.51594750,0.12499220,0
3202,49.51595920,0.09068220,0
6072,49.51599220,0.17178500,0
3013,49.51602100,0.09358470,0
3075,49.51605620,0.09338700,0
15002,49.51606900,0.12538140,0
14950,49.51607410,0.12627160,0
15022,49.51607760,0.12626600,0
3129,49.51608360,0.09356630,0
3116,49.51610640,0.09345900,0
15012,49.51612910,0.12583960,0
3139,49.51612920,0.09335170,0
7554,49.51613810,0.17437130,0
6079,49.51619260,0.17174920,0
14372,49.51619280,0.11942850,0
14505,49.51620380,0.11743040,1
1017,49.51620490,0.10598710,0
14645,49.51620940,0.11742340,0
22067,49.51634210,0.26610050,0
14476,49.51636310,0.11546010,0
22088,49.51639170,0.26695810,0
6058,49.51639290,0.17171340,0
6037,49.51639430,0.17171350,0
14449,49.51640900,0.11710890,0
14638,49.51648450,0.11791990,0
14063,49.51653120,0.12141610,0
6044,49.51654860,0.17201680,0
14040,49.51656130,0.12141980,0
14035,49.51657140,0.12142110,0
14519,49.51657590,0.11687910,0
5555,49.51657840,0.16884890,0
14025,49.51658140,0.12142230,0
14485,49.51659580,0.11573380,0
13796,49.51660200,0.12051750,0
6165,49.51660890,0.17419020,0
6125,49.51660940,0.17418180,0
13818,49.51661950,0.12051740,0
14619,49.51662030,0.11892450,0
13648,49.51662410,0.12051840,0
6138,49.51663820,0.17449740,0
6147,49.51666700,0.17481300,0
14049,49.51669480,0.12129430,0
6156,49.51669570,0.17512870,0
6051,49.51670300,0.17232010,0
13794,49.51671720,0.12014090,0
14629,49.51676640,0.11840570,1
13817,49.51678240,0.12009370,0
5979,49.51679480,0.17250360,1
7150,49.51686660,0.16894650,1
7293,49.51688150,0.16894680,0
13649,49.51688890,0.12047530,0
5992,49.51691070,0.17275490,0
7213,49.51692770,0.16885390,0
13792,49.51693390,0.11986900,0
14494,49.51701380,0.11630060,0
13816,49.51705320,0.11975390,0
14587,49.51706000,0.11872010,1
6001,49.51707490,0.17289650,0
13316,49.51713240,0.11889600,0
6174,49.51713340,0.17358900,0
13650,49.51714310,0.12027950,1
2034,49.51716500,0.08890200,0
7237,49.51716590,0.16868220,0
606,49.51724760,0.09446480,0
13651,49.51725380,0.12041600,1
6010,49.51727360,0.17286340,1
13815,49.51732400,0.11941410,0
304,49.51733400,0.09275300,0
13652,49.51735410,0.12039970,0
13790,49.51736720,0.11932530,0
301,49.51737900,0.09027000,0
310,49.51741870,0.08703460,0
13814,49.51743710,0.11961260,0
13653,49.51744380,0.12022930,0
14173,49.51745850,0.11878620,0
6019,49.51747240,0.17283030,0
7257,49.51748490,0.16847640,0
14596,49.51752650,0.11809060,1
13654,49.51753990,0.12036060,0
649,49.51754350,0.09447940,0
13811,49.51757540,0.11927480,0
13788,49.51758380,0.11905350,0
433,49.51759400,0.09146230,0
13808,49.51761860,0.11935780,0
13655,49.51762620,0.12033660,0
14163,49.51764820,0.11893350,0
6028,49.51767070,0.17278780,1
2113,49.51768850,0.08963970,0
13656,49.51769610,0.12018170,0
5910,49.51772200,0.17392680,0
14150,49.51773690,0.11907590,0
13657,49.51775700,0.12013380,0
13631,49.51775860,0.11929750,0
14605,49.51781190,0.11772200,0
5564,49.51782400,0.16868010,0
13632,49.51782650,0.11922260,0
13644,49.51784540,0.11945920,0
13633,49.51789390,0.11913780,0
14614,49.51790750,0.11760010,0
13630,49.51790890,0.11930510,1
14073,49.51791840,0.12105090,0
7342,49.51793060,0.16968640,0
13643,49.51793230,0.11962090,0
13634,49.51796120,0.11905290,0
13660,49.51797950,0.11770920,0
14092,49.51798030,0.12138260,0
14898,49.51798840,0.11583920,0
14082,49.51799830,0.12112750,1
13642,49.51801300,0.11979280,0
2156,49.51802560,0.08960850,0
14015,49.51802620,0.12066930,1
13635,49.51802850,0.11896720,1
556,49.51803210,0.09433360,0
7351,49.51805090,0.16981990,0
14002,49.51805300,0.12022730,0
13641,49.51805440,0.11999890,1
13629,49.51807660,0.12020640,0
339,49.51814160,0.09251330,1
13636,49.51815480,0.11898730,1
7360,49.51816850,0.16996000,0
13637,49.51817170,0.11877670,0
13638,49.51824900,0.11867390,0
2125,49.51825830,0.08995100,0
7369,49.51826970,0.17012400,0
5945,49.51829510,0.17402620,1
13639,49.51832750,0.11857400,0
307,49.51835600,0.09121700,0
7378,49.51836560,0.17029820,0
2111,49.51837760,0.09068120,0
13665,49.51839310,0.11845810,0
13640,49.51840730,0.11847670,0
369,49.51843340,0.09204130,0
7387,49.51844920,0.17048410,0
379,49.51847040,0.09388560,0
513,49.51847560,0.09393660,0
7434,49.51851580,0.16809100,1
7501,49.51857550,0.17037440,0
7448,49.51858050,0.16849170,0
7458,49.51859660,0.16871990,0
13645,49.51861400,0.11886420,0
428,49.51862430,0.09310290,0
7478,49.51862820,0.16769510,1
13646,49.51863380,0.11900260,0
5576,49.51870380,0.16743390,0
13647,49.51874050,0.11909670,0
313,49.51887540,0.09143040,0
14293,49.51903590,0.11772640,0
463,49.51906110,0.09422570,0
14273,49.51907710,0.11768400,0
162,49.51909640,0.09511080,0
118,49.51911310,0.09511810,0
187,49.51911540,0.09511710,0
359,49.51913780,0.09246160,0
105,49.51915120,0.09490940,1
14283,49.51919470,0.11786540,0
148,49.51922750,0.09449210,0
91,49.51928970,0.09385240,0
81,49.51929710,0.09385410,0
138,49.51930370,0.09407480,0
71,49.51931190,0.09385760,0
61,49.51931930,0.09385940,0
175,49.51932510,0.09385880,0
51,49.51932660,0.09386110,0
128,49.51934180,0.09386610,0
201,49.51938300,0.09510050,0
14303,49.51938870,0.11820570,0
17,49.51952250,0.11028360,1
344,49.51954770,0.09187210,0
14120,49.51956760,0.11821460,0
327,49.51956820,0.09179310,0
14114,49.51957440,0.11822140,0
14871,49.51959020,0.12314850,0
14885,49.51962130,0.12334240,0
14825,49.51963960,0.12393120,0
211,49.51966440,0.09512010,0
243,49.51969600,0.09258350,0
27,49.51971570,0.09257050,0
2001,49.51978390,0.11226130,0
14243,49.51980710,0.11789960,1
41,49.51983700,0.09262700,1
221,49.51994390,0.09521170,0
14253,49.51995640,0.11782980,1
14839,49.52011650,0.12403200,0
231,49.52019630,0.09539430,0
14263,49.52019910,0.11743010,0
14849,49.52020550,0.12418420,0
14184,49.52020820,0.11741470,0
1229,49.52023030,0.10587520,0
1193,49.52023290,0.10590180,0
1220,49.52039750,0.10794930,1
14859,49.52041900,0.12415350,0
14197,49.52042610,0.11703860,0
1240,49.52043060,0.10775030,0
1219,49.52045040,0.10771400,0
1209,49.52047510,0.10630510,1
1210,49.52049830,0.10653720,0
1206,49.52050270,0.10782040,0
1201,49.52050640,0.10581200,0
1217,49.52050950,0.10745440,1
1218,49.52053140,0.10761180,0
1241,49.52053210,0.10805160,0
14207,49.52053520,0.11685070,0
1211,49.52057380,0.10672760,0
14799,49.52058180,0.12415080,0
1238,49.52058350,0.10726080,0
14813,49.52059770,0.12434270,0
1198,49.52059840,0.10579100,0
1223,49.52060290,0.10820590,0
1214,49.52062940,0.10700060,1
1216,49.52063650,0.10714680,0
1213,49.52065480,0.10694150,0
1204,49.52065490,0.10743820,0
1203,49.52066230,0.10739660,0
1212,49.52071530,0.10681480,0
1237,49.52072410,0.10682160,1
1189,49.52073250,0.10813590,0
274,49.52073480,0.07901900,0
14217,49.52075400,0.11647560,0
273,49.52076830,0.07881870,0
1196,49.52076960,0.10577890,0
1188,49.52078240,0.10574880,0
1190,49.52079550,0.10808700,0
272,49.52080460,0.07861890,0
1197,49.52083550,0.10688500,0
271,49.52084140,0.07841990,0
1199,49.52085440,0.10671400,0
14665,49.52086250,0.12162020,0
1191,49.52087440,0.10572770,0
1228,49.52087700,0.10575430,0
1230,49.52089180,0.10574910,0
1224,49.52090670,0.10597810,1
1236,49.52091840,0.10704650,0
1195,49.52095160,0.10558460,1
1200,49.52096050,0.10563410,0
1207,49.52099580,0.10767920,1
14751,49.52100260,0.12324710,0
15253,49.52101050,0.12964360,0
1192,49.52102800,0.10791640,0
1233,49.52104280,0.10763120,0
14679,49.52104610,0.12162760,0
14763,49.52109920,0.12361140,0
1235,49.52110170,0.10748780,0
1208,49.52114480,0.10742850,0
14741,49.52118510,0.12292380,0
15132,49.52118890,0.13026160,0
15143,49.52120760,0.13035380,0
1227,49.52121250,0.10706830,0
14701,49.52122180,0.12255380,0
15152,49.52122640,0.13044600,0
13878,49.52122850,0.13054620,0
13880,49.52124510,0.13053820,0
1226,49.52125660,0.10734310,1
278,49.52131580,0.08474550,0
14689,49.52131610,0.12177750,1
14922,49.52132480,0.12175700,0
15106,49.52132590,0.13091580,0
15120,49.52133770,0.13093900,0
1194,49.52144510,0.10715270,1
16851,49.52151670,0.15942130,0
16835,49.52163370,0.15899730,0
15282,49.52167100,0.12471220,0
279,49.52190700,0.08533100,0
15663,49.52207840,0.12494710,0
1117,49.52237070,0.11428630,0
16867,49.52237710,0.15976950,0
15243,49.52274530,0.12971390,0
15228,49.52275860,0.12954810,0
15170,49.52279100,0.13042370,1
1161,49.52285190,0.11488650,0
15249,49.52285390,0.12956610,0
15184,49.52288790,0.13038130,0
15195,49.52289920,0.13037940,0
15685,49.52290600,0.12543740,0
15700,49.52301320,0.12574120,0
15206,49.52302980,0.13041120,0
15715,49.52305080,0.12551070,0
15216,49.52316030,0.13044300,0
13847,49.52316160,0.13045690,0
16909,49.52318860,0.16113460,0
15589,49.52342880,0.12570210,1
16893,49.52357790,0.16135200,0
15827,49.52357940,0.12941650,1
1336,49.52376870,0.11237470,0
16038,49.52389410,0.12545730,0
22186,49.52397350,0.22236490,0
15849,49.52399430,0.12971760,0
22175,49.52400060,0.22242010,0
15810,49.52401700,0.12934050,0
15773,49.52403360,0.12884450,0
22207,49.52403690,0.22247040,0
22219,49.52405990,0.22246420,0
22196,49.52407000,0.22242930,0
15729,49.52413370,0.12616350,0
15795,49.52415080,0.12878610,0
16035,49.52416010,0.12846220,0
15958,49.52416420,0.12908880,0
15907,49.52420450,0.12772900,0
15999,49.52420820,0.12675300,0
15868,49.52421210,0.12735250,1
16032,49.52428500,0.12686470,0
1997,49.52437940,0.11179740,0
1363,49.52439480,0.11181930,0
1412,49.52467500,0.11137770,0
15749,49.52479860,0.12667330,0
1509,49.52491150,0.11104190,0
1738,49.52493750,0.11106710,0
1702,49.52510760,0.11079280,0
1788,49.52520600,0.11068040,0
15341,49.52521210,0.12696240,1
1318,49.52525580,0.11068710,0
15453,49.52532770,0.12976390,1
1873,49.52541720,0.11049620,0
1461,49.52549210,0.11345390,0
1928,49.52564350,0.11035890,0
15428,49.52576030,0.12976520,0
1954,49.52576160,0.11030940,1
1643,49.52576860,0.11035370,0
1322,49.52577450,0.11030480,0
15374,49.52581900,0.12771370,1
1775,49.52601320,0.11196550,0
1094,49.52617740,0.11027400,0
15417,49.52619260,0.12977540,0
13822,49.52626340,0.12715910,1
1043,49.52630890,0.11145640,0
15581,49.52642800,0.12946210,0
7,49.52645140,0.12057110,0
15399,49.52648080,0.12978220,0
15579,49.52652320,0.12898490,0
15578,49.52654520,0.12893570,0
1044,49.52655010,0.11083670,0
15574,49.52662950,0.12860880,0
15584,49.52666020,0.12823860,1
15575,49.52669550,0.12866980,1
15583,49.52671100,0.12868230,0
15585,49.52671610,0.12865780,0
15576,49.52672620,0.12780220,0
15580,49.52686110,0.12803740,0
15577,49.52696570,0.12863840,0
13906,49.52769500,0.10524000,0
3317,49.52809120,0.11790630,0
1169,49.52930500,0.10909790,0
1127,49.52930900,0.10812750,0
1282,49.52943700,0.11874340,0
1265,49.52944150,0.11908210,0
1269,49.52966050,0.11925540,0
1277,49.52975100,0.11831300,1
1264,49.52977670,0.11818430,0
1266,49.52977690,0.11836520,0
1267,49.52977730,0.11872690,1
1286,49.52980040,0.11780980,0
1261,49.52980150,0.11631880,0
1262,49.52994360,0.11723110,0
1263,49.52994720,0.11741190,1
16141,49.53602130,0.18759540,0
17061,49.53626360,0.14243170,0
17001,49.53747200,0.13597200,0
16716,49.53988610,0.17571820,1
16715,49.54005000,0.17569930,0
16714,49.54021390,0.17569330,0
16713,49.54037780,0.17569530,0
16712,49.54040290,0.17569570,1
16752,49.54171450,0.17643450,0
16750,49.54171720,0.17645740,0
16746,49.54173850,0.17644090,0
16722,49.54173940,0.17644190,0
16749,49.54175690,0.17657610,0
16748,49.54181160,0.17668890,0
16755,49.54190220,0.17569440,0
16721,49.54192310,0.17669380,0
16756,49.54201920,0.17550400,0
16745,49.54208590,0.17687060,0
16751,49.54210940,0.17568790,1
16757,49.54211330,0.17566180,1
16747,49.54219000,0.17674860,0
16729,49.54230540,0.17668150,0
16758,49.54230870,0.17573140,0
16759,49.54240080,0.17576420,0
16743,49.54242040,0.17649110,0
16728,49.54242770,0.17673200,0
16760,49.54249290,0.17579700,0
16146,49.54253800,0.19336000,0
16761,49.54258500,0.17582980,1
16753,49.54260410,0.17586410,0
16762,49.54267710,0.17586260,0
16754,49.54276530,0.17592150,0
16763,49.54276920,0.17589540,1
16744,49.54277700,0.17686370,0
16689,49.54318900,0.17640120,0
16691,49.54320810,0.17731790,0
16692,49.54322270,0.17722720,0
16688,49.54323560,0.17648590,0
16694,49.54323960,0.17713290,0
16720,49.54324360,0.17700980,0
16709,49.54324800,0.17704420,0
16708,49.54325130,0.17701790,0
16687,49.54325650,0.17703860,0
16742,49.54329980,0.17669100,1
16739,49.54331980,0.17691370,0
16707,49.54338550,0.17708510,0
16706,49.54345790,0.17708410,0
16705,49.54352220,0.17713530,0
16733,49.54353030,0.17906630,0
16695,49.54354840,0.17786270,0
16734,49.54359510,0.17927150,0
16732,49.54360420,0.17927480,0
16697,49.54361440,0.17929450,0
16703,49.54365880,0.17718550,0
16704,49.54366280,0.17715940,1
16693,49.54366530,0.17799820,0
16701,49.54370150,0.17912000,0
16042,49.54377700,0.17986670,0
16735,49.54381290,0.17883550,0
16699,49.54387580,0.17877120,0
16690,49.54389920,0.17826920,0
16736,49.54402120,0.17838990,0
16698,49.54406000,0.17836770,0
16696,49.54420110,0.17796060,0
16650,49.54425460,0.18397120,0
16585,49.54432150,0.18313250,0
16606,49.54443680,0.18453670,0
16563,49.54452010,0.19017740,0
16401,49.54472600,0.19275400,0
16622,49.54535600,0.18411540,0
16674,49.54539570,0.18638410,0
16638,49.54539700,0.18481500,0
16673,49.54539810,0.18639920,0
16672,49.54540040,0.18641420,0
16671,49.54540280,0.18642930,0
16670,49.54540520,0.18644430,0
16669,49.54540750,0.18645940,0
16774,49.54568590,0.18871420,0
3306,49.54634780,0.17409540,0
13303,49.54638520,0.18581160,0
16789,49.54645320,0.19259390,0
3308,49.54667240,0.17372690,0
3310,49.54667750,0.17372060,0
3307,49.54669350,0.17374890,0
3312,49.54692540,0.17336010,0
3314,49.54693410,0.17334310,0
3309,49.54694410,0.17338420,0
3311,49.54695340,0.17336610,0
3316,49.54708970,0.17300600,0
3313,49.54731090,0.17277620,1
16407,49.54765260,0.19375680,0
13307,49.54768240,0.19335730,0
16447,49.54777060,0.19350350,0
16461,49.54777890,0.19349600,0
3315,49.54780260,0.17244290,0
16158,49.54800530,0.17528950,0
16372,49.54817580,0.17452860,0
16176,49.54817850,0.17403310,0
16476,49.54825260,0.19357020,0
16526,49.54852720,0.19243130,0
16309,49.54856580,0.17510730,1
16509,49.54864330,0.19290730,0
16490,49.54877730,0.19341510,0
16204,49.54890690,0.17382000,0
16242,49.54922660,0.17410220,0
16273,49.54924200,0.17391690,1
16224,49.54935490,0.17443600,0
3274,49.55360620,0.11291820,0
3320,49.55717650,0.11334260,0
3332,49.55730900,0.11347070,0
3331,49.55745800,0.11372520,0
3373,49.55760700,0.11397970,0
3330,49.55762440,0.11401190,0
3372,49.55771450,0.11418200,0
3329,49.55780690,0.11435100,0
3371,49.55792260,0.11448810,0
3328,49.55806600,0.11443710,0
16799,49.56366850,0.22595450,0
3384,49.57509020,0.11023900,0
3388,49.58207500,0.11886170,0
3362,49.59511700,0.12864300,0
3248,49.64198050,0.26191080,0
3235,49.64340500,0.26590700,0
3401,49.70489750,0.20853130,0
3398,49.70683410,0.20577270,0
3483,49.73652720,0.31270910,0
3503,49.73715600,0.31116200,0
3517,49.73733460,0.30998680,0
