-- phpMyAdmin SQL Dump
-- version 3.1.1
-- http://www.phpmyadmin.net
--
-- Serveur: localhost
-- Généré le : Jeu 18 Novembre 2010 à 14:18
-- Version du serveur: 5.1.30
-- Version de PHP: 5.2.8

SET SQL_MODE="NO_AUTO_VALUE_ON_ZERO";


/*!40101 SET @OLD_CHARACTER_SET_CLIENT=@@CHARACTER_SET_CLIENT */;
/*!40101 SET @OLD_CHARACTER_SET_RESULTS=@@CHARACTER_SET_RESULTS */;
/*!40101 SET @OLD_COLLATION_CONNECTION=@@COLLATION_CONNECTION */;
/*!40101 SET NAMES utf8 */;

--
-- Base de données: `gevu_solus`
--

-- --------------------------------------------------------

--
-- Structure de la table `gevu_batiments`
--

DROP TABLE IF EXISTS `gevu_batiments`;
CREATE TABLE IF NOT EXISTS `gevu_batiments` (
  `id_batiment` int(11) NOT NULL AUTO_INCREMENT,
  `id_lieu` int(11) NOT NULL,
  `id_instant` int(11) NOT NULL,
  `nom` varchar(255) COLLATE utf8_bin NOT NULL,
  `ref` varchar(32) COLLATE utf8_bin NOT NULL,
  `adresse` varchar(255) COLLATE utf8_bin NOT NULL,
  `commune` varchar(255) COLLATE utf8_bin NOT NULL,
  `pays` varchar(255) COLLATE utf8_bin NOT NULL,
  `code_postal` varchar(255) COLLATE utf8_bin NOT NULL,
  `contact_proprietaire` varchar(255) COLLATE utf8_bin NOT NULL,
  `contact_delegataire` varchar(255) COLLATE utf8_bin NOT NULL,
  `contact_gardien` varchar(255) COLLATE utf8_bin NOT NULL,
  `horaires_gardien` varchar(255) COLLATE utf8_bin NOT NULL,
  `horaires_batiment` varchar(255) COLLATE utf8_bin NOT NULL,
  `superficie_parcelle` int(11) NOT NULL,
  `superficie_batiment` int(11) NOT NULL,
  `date_achevement` date NOT NULL,
  `date_depot_permis` date NOT NULL,
  `date_reha` date NOT NULL,
  `reponse_1` varchar(255) COLLATE utf8_bin NOT NULL,
  `reponse_2` varchar(255) COLLATE utf8_bin NOT NULL,
  `reponse_3` varchar(255) COLLATE utf8_bin NOT NULL,
  `reponse_4` varchar(255) COLLATE utf8_bin NOT NULL,
  `reponse_5` varchar(255) COLLATE utf8_bin NOT NULL,
  `reponse_6` varchar(255) COLLATE utf8_bin NOT NULL,
  `reponse_7` varchar(255) COLLATE utf8_bin NOT NULL,
  `reponse_8` varchar(255) COLLATE utf8_bin NOT NULL,
  `reponse_9` varchar(255) COLLATE utf8_bin NOT NULL,
  `reponse_10` varchar(255) COLLATE utf8_bin NOT NULL,
  `reponse_11` varchar(255) COLLATE utf8_bin NOT NULL,
  `reponse_12` varchar(255) COLLATE utf8_bin NOT NULL,
  `reponse_13` varchar(255) COLLATE utf8_bin NOT NULL,
  `reponse_14` varchar(255) COLLATE utf8_bin NOT NULL,
  `reponse_15` varchar(255) COLLATE utf8_bin NOT NULL,
  `id_donnee` int(11) NOT NULL,
  `maj` datetime NOT NULL,
  PRIMARY KEY (`id_batiment`),
  KEY `id_lieu` (`id_lieu`),
  KEY `id_instant` (`id_instant`)
) ENGINE=MyISAM DEFAULT CHARSET=utf8 COLLATE=utf8_bin ROW_FORMAT=DYNAMIC AUTO_INCREMENT=1 ;

--
-- Contenu de la table `gevu_batiments`
--


-- --------------------------------------------------------

--
-- Structure de la table `gevu_contacts`
--

DROP TABLE IF EXISTS `gevu_contacts`;
CREATE TABLE IF NOT EXISTS `gevu_contacts` (
  `id_contact` int(11) NOT NULL AUTO_INCREMENT,
  `nom` varchar(255) COLLATE utf8_bin NOT NULL,
  `prenom` varchar(255) COLLATE utf8_bin NOT NULL,
  `fixe` varchar(32) COLLATE utf8_bin NOT NULL,
  `mobile` varchar(32) COLLATE utf8_bin NOT NULL,
  `fax` varchar(32) COLLATE utf8_bin NOT NULL,
  `mail` varchar(32) COLLATE utf8_bin NOT NULL,
  `id_exi` int(11) NOT NULL,
  PRIMARY KEY (`id_contact`)
) ENGINE=MyISAM  DEFAULT CHARSET=utf8 COLLATE=utf8_bin ROW_FORMAT=DYNAMIC AUTO_INCREMENT=5 ;

--
-- Contenu de la table `gevu_contacts`
--

INSERT INTO `gevu_contacts` (`id_contact`, `nom`, `prenom`, `fixe`, `mobile`, `fax`, `mail`, `id_exi`) VALUES
(1, 'sam', 'szo', '151', '1531', '3151', 'sd', 1),
(2, 'qsdf', 'qsdf', 'qsdf', 'qsdf', 'qsdf', 'qsdf', -1),
(3, 'uij', 'fghjtry', '1651hgtry', '658161', '', '68168', -1),
(4, 'ryh', 'dfgh', '', '', '', '', -1);

-- --------------------------------------------------------

--
-- Structure de la table `gevu_contactsxentreprises`
--

DROP TABLE IF EXISTS `gevu_contactsxentreprises`;
CREATE TABLE IF NOT EXISTS `gevu_contactsxentreprises` (
  `id_contact` int(11) NOT NULL,
  `id_entreprise` int(11) NOT NULL,
  PRIMARY KEY (`id_contact`,`id_entreprise`)
) ENGINE=MyISAM DEFAULT CHARSET=utf8 COLLATE=utf8_bin ROW_FORMAT=FIXED;

--
-- Contenu de la table `gevu_contactsxentreprises`
--


-- --------------------------------------------------------

--
-- Structure de la table `gevu_couts`
--

DROP TABLE IF EXISTS `gevu_couts`;
CREATE TABLE IF NOT EXISTS `gevu_couts` (
  `id_cout` int(11) NOT NULL AUTO_INCREMENT,
  `id_instant` int(11) NOT NULL,
  `unite` int(11) NOT NULL,
  `metre_lineaire` int(11) NOT NULL,
  `metre_carre` int(11) NOT NULL,
  `achat` int(11) NOT NULL,
  `pose` int(11) NOT NULL,
  PRIMARY KEY (`id_cout`),
  KEY `id_instant` (`id_instant`)
) ENGINE=MyISAM  DEFAULT CHARSET=utf8 COLLATE=utf8_bin ROW_FORMAT=FIXED AUTO_INCREMENT=497 ;

--
-- Contenu de la table `gevu_couts`
--

INSERT INTO `gevu_couts` (`id_cout`, `id_instant`, `unite`, `metre_lineaire`, `metre_carre`, `achat`, `pose`) VALUES
(1, 0, 0, 0, 0, 0, 0),
(2, 0, 400, 0, 0, 0, 0),
(3, 0, 400, 0, 0, 0, 0),
(4, 0, 0, 0, 0, 0, 0),
(5, 0, 6000, 0, 0, 0, 0),
(6, 0, 0, 0, 0, 0, 0),
(7, 0, 200, 0, 0, 0, 0),
(8, 0, 0, 0, 0, 0, 0),
(9, 0, 6000, 0, 0, 0, 0),
(10, 0, 1000, 0, 0, 0, 0),
(11, 0, 0, 0, 0, 0, 0),
(12, 0, 200, 0, 0, 0, 0),
(13, 0, 0, 0, 0, 0, 0),
(14, 0, 0, 0, 0, 0, 0),
(15, 0, 0, 300, 0, 0, 0),
(16, 0, 0, 0, 0, 0, 0),
(17, 0, 0, 0, 0, 0, 0),
(18, 0, 0, 0, 0, 0, 0),
(19, 0, 0, 0, 0, 0, 0),
(20, 0, 0, 0, 0, 0, 0),
(21, 0, 0, 0, 0, 0, 0),
(22, 0, 800, 0, 0, 0, 0),
(23, 0, 0, 0, 0, 0, 0),
(24, 0, 400, 0, 0, 0, 0),
(25, 0, 3200, 0, 0, 0, 0),
(26, 0, 2500, 0, 0, 0, 0),
(27, 0, 2500, 0, 0, 0, 0),
(28, 0, 1750, 0, 0, 0, 0),
(29, 0, 700, 0, 0, 0, 0),
(30, 0, 0, 0, 0, 0, 0),
(31, 0, 0, 0, 0, 0, 0),
(32, 0, 0, 0, 0, 0, 0),
(33, 0, 0, 0, 0, 0, 0),
(34, 0, 0, 0, 0, 0, 0),
(35, 0, 0, 0, 0, 0, 0),
(36, 0, 0, 0, 0, 0, 0),
(37, 0, 0, 0, 0, 0, 0),
(38, 0, 0, 0, 0, 0, 0),
(39, 0, 0, 0, 0, 0, 0),
(40, 0, 0, 0, 0, 0, 0),
(41, 0, 0, 0, 0, 0, 0),
(42, 0, 0, 0, 0, 0, 0),
(43, 0, 60000, 0, 0, 0, 0),
(44, 0, 0, 70, 0, 0, 0),
(45, 0, 0, 0, 0, 0, 0),
(46, 0, 0, 0, 0, 0, 0),
(47, 0, 0, 0, 0, 0, 0),
(48, 0, 0, 0, 0, 0, 0),
(49, 0, 0, 0, 0, 0, 0),
(50, 0, 0, 0, 0, 0, 0),
(51, 0, 0, 0, 0, 0, 0),
(52, 0, 0, 0, 0, 0, 0),
(53, 0, 0, 0, 0, 0, 0),
(54, 0, 0, 0, 0, 0, 0),
(55, 0, 0, 0, 0, 0, 0),
(56, 0, 0, 0, 0, 0, 0),
(57, 0, 0, 0, 0, 0, 0),
(58, 0, 0, 0, 0, 0, 0),
(59, 0, 0, 0, 0, 0, 0),
(60, 0, 0, 0, 0, 0, 0),
(61, 0, 0, 0, 129, 0, 0),
(62, 0, 0, 0, 139, 0, 0),
(63, 0, 0, 0, 112, 0, 0),
(64, 0, 0, 175, 0, 0, 0),
(65, 0, 0, 0, 0, 0, 0),
(66, 0, 0, 0, 129, 0, 0),
(67, 0, 0, 0, 139, 0, 0),
(68, 0, 0, 0, 112, 0, 0),
(69, 0, 0, 175, 0, 0, 0),
(70, 0, 0, 274, 0, 0, 0),
(71, 0, 400, 0, 0, 0, 0),
(72, 0, 0, 0, 0, 0, 0),
(73, 0, 0, 39, 0, 0, 0),
(74, 0, 0, 240, 0, 0, 0),
(75, 0, 0, 0, 0, 0, 0),
(76, 0, 0, 205, 0, 0, 0),
(77, 0, 0, 300, 0, 0, 0),
(78, 0, 0, 65, 0, 0, 0),
(79, 0, 0, 0, 0, 0, 0),
(80, 0, 1750, 0, 0, 0, 0),
(81, 0, 0, 70, 0, 0, 0),
(82, 0, 0, 0, 0, 0, 0),
(83, 0, 0, 0, 0, 0, 0),
(84, 0, 0, 0, 0, 0, 0),
(85, 0, 0, 0, 0, 0, 0),
(86, 0, 0, 125, 0, 0, 0),
(87, 0, 0, 20, 0, 0, 0),
(88, 0, 110, 0, 0, 0, 0),
(89, 0, 0, 0, 0, 0, 0),
(90, 0, 0, 245, 0, 0, 0),
(91, 0, 5, 0, 0, 0, 0),
(92, 0, 0, 0, 0, 0, 0),
(93, 0, 0, 0, 0, 0, 0),
(94, 0, 0, 0, 0, 0, 0),
(95, 0, 0, 0, 0, 0, 0),
(96, 0, 0, 0, 0, 0, 0),
(97, 0, 0, 0, 0, 0, 0),
(98, 0, 0, 0, 0, 0, 0),
(99, 0, 0, 0, 0, 0, 0),
(100, 0, 0, 0, 0, 0, 0),
(101, 0, 0, 0, 0, 0, 0),
(102, 0, 0, 0, 0, 0, 0),
(103, 0, 2800, 0, 0, 0, 0),
(104, 0, 0, 0, 0, 0, 0),
(105, 0, 380, 0, 0, 0, 0),
(106, 0, 190, 0, 0, 0, 0),
(107, 0, 190, 0, 0, 0, 0),
(108, 0, 0, 0, 0, 0, 0),
(109, 0, 0, 0, 0, 0, 0),
(110, 0, 0, 0, 0, 0, 0),
(111, 0, 0, 0, 0, 0, 0),
(112, 0, 0, 0, 0, 0, 0),
(113, 0, 2800, 0, 0, 0, 0),
(114, 0, 2800, 0, 0, 0, 0),
(115, 0, 0, 0, 0, 0, 0),
(116, 0, 0, 105, 0, 0, 0),
(117, 0, 0, 0, 0, 0, 0),
(118, 0, 0, 0, 0, 0, 0),
(119, 0, 0, 0, 0, 0, 0),
(120, 0, 400, 0, 0, 0, 0),
(121, 0, 0, 0, 0, 0, 0),
(122, 0, 0, 0, 0, 0, 0),
(123, 0, 1100, 0, 0, 0, 0),
(124, 0, 200, 0, 0, 0, 0),
(125, 0, 0, 0, 0, 0, 0),
(126, 0, 0, 0, 0, 0, 0),
(127, 0, 0, 0, 0, 0, 0),
(128, 0, 0, 0, 0, 0, 0),
(129, 0, 0, 0, 0, 0, 0),
(130, 0, 0, 0, 0, 0, 0),
(131, 0, 0, 0, 0, 0, 0),
(132, 0, 0, 0, 0, 0, 0),
(133, 0, 0, 0, 0, 0, 0),
(134, 0, 0, 0, 0, 0, 0),
(135, 0, 0, 0, 0, 0, 0),
(136, 0, 0, 0, 0, 0, 0),
(137, 0, 0, 0, 0, 0, 0),
(138, 0, 0, 0, 0, 0, 0),
(139, 0, 0, 0, 0, 0, 0),
(140, 0, 0, 0, 0, 0, 0),
(141, 0, 0, 0, 0, 0, 0),
(142, 0, 0, 0, 0, 0, 0),
(143, 0, 0, 0, 0, 0, 0),
(144, 0, 0, 0, 0, 0, 0),
(145, 0, 0, 0, 0, 0, 0),
(146, 0, 0, 0, 0, 0, 0),
(147, 0, 110, 0, 0, 0, 0),
(148, 0, 0, 40, 0, 0, 0),
(149, 0, 110, 0, 0, 0, 0),
(150, 0, 0, 0, 0, 0, 0),
(151, 0, 0, 0, 0, 0, 0),
(152, 0, 0, 0, 0, 0, 0),
(153, 0, 0, 0, 0, 0, 0),
(154, 0, 0, 0, 0, 0, 0),
(155, 0, 0, 0, 0, 0, 0),
(156, 0, 0, 40, 0, 0, 0),
(157, 0, 0, 0, 0, 0, 0),
(158, 0, 0, 0, 0, 0, 0),
(159, 0, 0, 0, 0, 0, 0),
(160, 0, 0, 0, 0, 0, 0),
(161, 0, 0, 80, 0, 0, 0),
(162, 0, 900, 0, 0, 0, 0),
(163, 0, 0, 80, 0, 0, 0),
(164, 0, 0, 0, 0, 0, 0),
(165, 0, 0, 0, 0, 0, 0),
(166, 0, 0, 0, 0, 0, 0),
(167, 0, 0, 0, 0, 0, 0),
(168, 0, 0, 0, 0, 0, 0),
(169, 0, 0, 0, 0, 0, 0),
(170, 0, 0, 0, 0, 0, 0),
(171, 0, 110, 0, 0, 0, 0),
(172, 0, 0, 40, 0, 0, 0),
(173, 0, 110, 0, 0, 0, 0),
(174, 0, 0, 0, 0, 0, 0),
(175, 0, 0, 0, 0, 0, 0),
(176, 0, 0, 0, 0, 0, 0),
(177, 0, 0, 0, 0, 0, 0),
(178, 0, 0, 0, 0, 0, 0),
(179, 0, 0, 0, 0, 0, 0),
(180, 0, 0, 0, 0, 0, 0),
(181, 0, 0, 0, 0, 0, 0),
(182, 0, 0, 0, 0, 0, 0),
(183, 0, 0, 0, 0, 0, 0),
(184, 0, 0, 0, 0, 0, 0),
(185, 0, 0, 80, 0, 0, 0),
(186, 0, 1200, 0, 0, 0, 0),
(187, 0, 0, 80, 0, 0, 0),
(188, 0, 0, 0, 0, 0, 0),
(189, 0, 0, 0, 0, 0, 0),
(190, 0, 0, 0, 0, 0, 0),
(191, 0, 60000, 0, 0, 0, 0),
(192, 0, 0, 0, 0, 0, 0),
(193, 0, 400, 0, 0, 0, 0),
(194, 0, 0, 0, 0, 0, 0),
(195, 0, 0, 0, 0, 0, 0),
(196, 0, 0, 0, 0, 0, 0),
(197, 0, 0, 0, 0, 0, 0),
(198, 0, 0, 0, 0, 0, 0),
(199, 0, 0, 0, 0, 0, 0),
(200, 0, 0, 0, 0, 0, 0),
(201, 0, 0, 0, 0, 0, 0),
(202, 0, 0, 0, 0, 0, 0),
(203, 0, 0, 0, 0, 0, 0),
(204, 0, 1200, 0, 0, 0, 0),
(205, 0, 1000, 0, 0, 0, 0),
(206, 0, 120, 0, 0, 0, 0),
(207, 0, 0, 0, 0, 0, 0),
(208, 0, 46, 0, 0, 0, 0),
(209, 0, 42, 0, 0, 0, 0),
(210, 0, 80, 0, 0, 0, 0),
(211, 0, 2700, 0, 0, 0, 0),
(212, 0, 0, 0, 0, 0, 0),
(213, 0, 2700, 0, 0, 0, 0),
(214, 0, 0, 0, 0, 0, 0),
(215, 0, 0, 0, 0, 0, 0),
(216, 0, 0, 0, 0, 0, 0),
(217, 0, 0, 0, 0, 0, 0),
(218, 0, 0, 175, 0, 0, 0),
(219, 0, 0, 0, 0, 0, 0),
(220, 0, 3000, 0, 0, 0, 0),
(221, 0, 3000, 0, 0, 0, 0),
(222, 0, 0, 175, 0, 0, 0),
(223, 0, 0, 0, 0, 0, 0),
(224, 0, 0, 175, 0, 0, 0),
(225, 0, 0, 0, 0, 0, 0),
(226, 0, 0, 0, 0, 0, 0),
(227, 0, 0, 175, 0, 0, 0),
(228, 0, 1150, 0, 0, 0, 0),
(229, 0, 800, 0, 0, 0, 0),
(230, 0, 0, 0, 0, 0, 0),
(231, 0, 0, 0, 0, 0, 0),
(232, 0, 0, 0, 0, 0, 0),
(233, 0, 0, 0, 0, 0, 0),
(234, 0, 0, 0, 0, 0, 0),
(235, 0, 0, 0, 0, 0, 0),
(236, 0, 0, 0, 0, 0, 0),
(237, 0, 0, 0, 0, 0, 0),
(238, 0, 0, 0, 0, 0, 0),
(239, 0, 0, 0, 0, 0, 0),
(240, 0, 60, 0, 0, 0, 0),
(241, 0, 60, 0, 0, 0, 0),
(242, 0, 0, 0, 0, 0, 0),
(243, 0, 70, 0, 0, 0, 0),
(244, 0, 1100, 0, 0, 0, 0),
(245, 0, 0, 0, 0, 0, 0),
(246, 0, 1300, 0, 0, 0, 0),
(247, 0, 0, 175, 0, 0, 0),
(248, 0, 0, 175, 0, 0, 0),
(249, 0, 0, 0, 0, 0, 0),
(250, 0, 0, 2100, 0, 0, 0),
(251, 0, 0, 1300, 0, 0, 0),
(252, 0, 0, 0, 0, 0, 0),
(253, 0, 135, 0, 80, 0, 0),
(254, 0, 0, 300, 0, 0, 0),
(255, 0, 0, 380, 0, 0, 0),
(256, 0, 0, 175, 0, 0, 0),
(257, 0, 0, 0, 0, 0, 0),
(258, 0, 0, 0, 0, 0, 0),
(259, 0, 0, 0, 0, 0, 0),
(260, 0, 0, 0, 0, 0, 0),
(261, 0, 0, 175, 0, 0, 0),
(262, 0, 0, 2100, 0, 0, 0),
(263, 0, 0, 1300, 0, 0, 0),
(264, 0, 1100, 0, 0, 0, 0),
(265, 0, 0, 0, 0, 0, 0),
(266, 0, 1100, 0, 0, 0, 0),
(267, 0, 1000, 0, 0, 0, 0),
(268, 0, 660, 0, 0, 0, 0),
(269, 0, 560, 0, 0, 0, 0),
(270, 0, 1200, 0, 0, 0, 0),
(271, 0, 0, 0, 0, 0, 0),
(272, 0, 0, 0, 0, 0, 0),
(273, 0, 0, 0, 0, 0, 0),
(274, 0, 660, 0, 0, 0, 0),
(275, 0, 0, 0, 0, 0, 0),
(276, 0, 0, 0, 0, 0, 0),
(277, 0, 0, 0, 0, 0, 0),
(278, 0, 0, 0, 0, 0, 0),
(279, 0, 0, 0, 0, 0, 0),
(280, 0, 0, 0, 0, 0, 0),
(281, 0, 0, 0, 0, 0, 0),
(282, 0, 0, 0, 0, 0, 0),
(283, 0, 1000, 0, 0, 0, 0),
(284, 0, 0, 0, 0, 0, 0),
(285, 0, 0, 0, 0, 0, 0),
(286, 0, 0, 0, 0, 0, 0),
(287, 0, 180, 0, 0, 0, 0),
(288, 0, 0, 0, 0, 0, 0),
(289, 0, 0, 0, 0, 0, 0),
(290, 0, 400, 0, 0, 0, 0),
(291, 0, 0, 40, 0, 0, 0),
(292, 0, 0, 0, 0, 0, 0),
(293, 0, 0, 0, 0, 0, 0),
(294, 0, 0, 0, 0, 0, 0),
(295, 0, 0, 0, 0, 0, 0),
(296, 0, 0, 0, 0, 0, 0),
(297, 0, 560, 0, 0, 0, 0),
(298, 0, 660, 0, 0, 0, 0),
(299, 0, 0, 0, 0, 0, 0),
(300, 0, 0, 0, 0, 0, 0),
(301, 0, 0, 0, 0, 0, 0),
(302, 0, 0, 0, 0, 0, 0),
(303, 0, 0, 0, 0, 0, 0),
(304, 0, 0, 0, 0, 0, 0),
(305, 0, 0, 0, 0, 0, 0),
(306, 0, 0, 0, 0, 0, 0),
(307, 0, 0, 0, 0, 0, 0),
(308, 0, 0, 0, 0, 0, 0),
(309, 0, 0, 0, 0, 0, 0),
(310, 0, 200, 0, 0, 0, 0),
(311, 0, 110, 0, 0, 0, 0),
(312, 0, 0, 0, 0, 0, 0),
(313, 0, 0, 0, 0, 0, 0),
(314, 0, 0, 0, 0, 0, 0),
(315, 0, 0, 0, 0, 0, 0),
(316, 0, 700, 0, 0, 0, 0),
(317, 0, 1750, 0, 0, 0, 0),
(318, 0, 2000, 0, 0, 0, 0),
(319, 0, 2250, 0, 0, 0, 0),
(320, 0, 110, 0, 0, 0, 0),
(321, 0, 0, 0, 0, 0, 0),
(322, 0, 0, 0, 0, 0, 0),
(323, 0, 0, 0, 0, 0, 0),
(324, 0, 2000, 0, 0, 0, 0),
(325, 0, 0, 0, 0, 0, 0),
(326, 0, 0, 0, 0, 0, 0),
(327, 0, 0, 0, 0, 0, 0),
(328, 0, 900, 0, 0, 0, 0),
(329, 0, 700, 0, 0, 0, 0),
(330, 0, 3000, 0, 0, 0, 0),
(331, 0, 700, 0, 0, 0, 0),
(332, 0, 350, 0, 0, 0, 0),
(333, 0, 180, 0, 0, 0, 0),
(334, 0, 600, 0, 0, 0, 0),
(335, 0, 180, 0, 0, 0, 0),
(336, 0, 200, 0, 0, 0, 0),
(337, 0, 200, 0, 0, 0, 0),
(338, 0, 0, 0, 0, 0, 0),
(339, 0, 0, 0, 0, 0, 0),
(340, 0, 0, 0, 0, 0, 0),
(341, 0, 0, 0, 0, 0, 0),
(342, 0, 0, 0, 0, 0, 0),
(343, 0, 0, 0, 0, 0, 0),
(344, 0, 200, 0, 0, 0, 0),
(345, 0, 0, 0, 0, 0, 0),
(346, 0, 0, 0, 0, 0, 0),
(347, 0, 0, 0, 0, 0, 0),
(348, 0, 200, 0, 0, 0, 0),
(349, 0, 200, 0, 0, 0, 0),
(350, 0, 200, 0, 0, 0, 0),
(351, 0, 200, 0, 0, 0, 0),
(352, 0, 200, 0, 0, 0, 0),
(353, 0, 0, 0, 0, 0, 0),
(354, 0, 0, 0, 0, 0, 0),
(355, 0, 0, 0, 0, 0, 0),
(356, 0, 0, 0, 0, 0, 0),
(357, 0, 0, 0, 0, 0, 0),
(358, 0, 0, 0, 0, 0, 0),
(359, 0, 0, 0, 0, 0, 0),
(360, 0, 0, 0, 0, 0, 0),
(361, 0, 0, 0, 0, 0, 0),
(362, 0, 0, 0, 0, 0, 0),
(363, 0, 0, 0, 0, 0, 0),
(364, 0, 0, 0, 130, 0, 0),
(365, 0, 0, 0, 70, 0, 0),
(366, 0, 0, 0, 150, 0, 0),
(367, 0, 0, 0, 80, 0, 0),
(368, 0, 0, 0, 0, 0, 0),
(369, 0, 0, 0, 0, 0, 0),
(370, 0, 0, 0, 0, 0, 0),
(371, 0, 0, 0, 0, 0, 0),
(372, 0, 0, 0, 0, 0, 0),
(373, 0, 100, 0, 0, 0, 0),
(374, 0, 0, 0, 0, 0, 0),
(375, 0, 0, 0, 0, 0, 0),
(376, 0, 0, 0, 0, 0, 0),
(377, 0, 0, 0, 0, 0, 0),
(378, 0, 0, 0, 0, 0, 0),
(379, 0, 0, 0, 0, 0, 0),
(380, 0, 0, 0, 0, 0, 0),
(381, 0, 0, 0, 0, 0, 0),
(382, 0, 0, 0, 0, 0, 0),
(383, 0, 0, 0, 0, 0, 0),
(384, 0, 0, 0, 0, 0, 0),
(385, 0, 0, 0, 0, 0, 0),
(386, 0, 0, 20, 0, 0, 0),
(387, 0, 0, 70, 0, 0, 0),
(388, 0, 0, 70, 0, 0, 0),
(389, 0, 0, 110, 0, 0, 0),
(390, 0, 0, 40, 0, 0, 0),
(391, 0, 200, 0, 0, 0, 0),
(392, 0, 0, 0, 110, 0, 0),
(393, 0, 200, 0, 0, 0, 0),
(394, 0, 0, 0, 0, 0, 0),
(395, 0, 500, 0, 0, 0, 0),
(396, 0, 0, 0, 130, 0, 0),
(397, 0, 0, 0, 140, 0, 0),
(398, 0, 0, 0, 105, 0, 0),
(399, 0, 0, 0, 0, 0, 0),
(400, 0, 0, 0, 0, 0, 0),
(401, 0, 0, 0, 0, 0, 0),
(402, 0, 0, 0, 0, 0, 0),
(403, 0, 0, 0, 0, 0, 0),
(404, 0, 0, 0, 0, 0, 0),
(405, 0, 0, 0, 0, 0, 0),
(406, 0, 0, 0, 0, 0, 0),
(407, 0, 0, 0, 0, 0, 0),
(408, 0, 0, 0, 0, 0, 0),
(409, 0, 0, 0, 0, 0, 0),
(410, 0, 0, 0, 0, 0, 0),
(411, 0, 0, 0, 0, 0, 0),
(412, 0, 0, 20, 0, 0, 0),
(413, 0, 200, 0, 0, 0, 0),
(414, 0, 1100, 0, 0, 0, 0),
(415, 0, 0, 0, 0, 0, 0),
(416, 0, 0, 0, 0, 0, 0),
(417, 0, 0, 0, 0, 0, 0),
(418, 0, 0, 0, 0, 0, 0),
(419, 0, 0, 0, 0, 0, 0),
(420, 0, 0, 0, 0, 0, 0),
(421, 0, 0, 0, 0, 0, 0),
(422, 0, 0, 0, 0, 0, 0),
(423, 0, 0, 0, 0, 0, 0),
(424, 0, 175, 0, 0, 0, 0),
(425, 0, 175, 0, 0, 0, 0),
(426, 0, 0, 0, 0, 0, 0),
(427, 0, 0, 0, 0, 0, 0),
(428, 0, 0, 0, 0, 0, 0),
(429, 0, 700, 0, 0, 0, 0),
(430, 0, 0, 0, 0, 0, 0),
(431, 0, 700, 0, 0, 0, 0),
(432, 0, 350, 0, 0, 0, 0),
(433, 0, 960, 0, 0, 0, 0),
(434, 0, 0, 0, 0, 0, 0),
(435, 0, 0, 0, 0, 0, 0),
(436, 0, 470, 0, 0, 0, 0),
(437, 0, 0, 0, 0, 0, 0),
(438, 0, 120, 0, 0, 0, 0),
(439, 0, 0, 0, 0, 0, 0),
(440, 0, 0, 0, 0, 0, 0),
(441, 0, 0, 0, 0, 0, 0),
(442, 0, 0, 0, 0, 0, 0),
(443, 0, 0, 0, 0, 0, 0),
(444, 0, 0, 0, 0, 0, 0),
(445, 0, 0, 0, 0, 0, 0),
(446, 0, 400, 0, 0, 0, 0),
(447, 0, 0, 0, 0, 0, 0),
(448, 0, 0, 0, 0, 0, 0),
(449, 0, 0, 0, 0, 0, 0),
(450, 0, 0, 0, 0, 0, 0),
(451, 0, 0, 0, 0, 0, 0),
(452, 0, 0, 0, 0, 0, 0),
(453, 0, 0, 0, 0, 0, 0),
(454, 0, 0, 0, 0, 0, 0),
(455, 0, 0, 0, 0, 0, 0),
(456, 0, 0, 0, 0, 0, 0),
(457, 0, 0, 0, 0, 0, 0),
(458, 0, 0, 0, 0, 0, 0),
(459, 0, 0, 0, 0, 0, 0),
(460, 0, 0, 80, 0, 0, 0),
(461, 0, 0, 160, 0, 0, 0),
(462, 0, 0, 80, 0, 0, 0),
(463, 0, 110, 0, 0, 0, 0),
(464, 0, 0, 0, 0, 0, 0),
(465, 0, 0, 80, 0, 0, 0),
(466, 0, 1200, 0, 0, 0, 0),
(467, 0, 2300, 0, 0, 0, 0),
(468, 0, 0, 0, 0, 0, 0),
(469, 0, 1150, 0, 0, 0, 0),
(470, 0, 800, 0, 0, 0, 0),
(471, 0, 2300, 0, 0, 0, 0),
(472, 0, 3000, 0, 0, 0, 0),
(473, 0, 3000, 0, 0, 0, 0),
(474, 0, 2300, 0, 0, 0, 0),
(475, 0, 0, 175, 0, 0, 0),
(476, 0, 0, 0, 0, 0, 0),
(477, 0, 0, 0, 0, 0, 0),
(478, 0, 0, 0, 0, 0, 0),
(479, 0, 0, 0, 0, 0, 0),
(480, 0, 0, 80, 0, 0, 0),
(481, 0, 0, 0, 0, 0, 0),
(482, 0, 0, 0, 0, 0, 0),
(483, 0, 0, 0, 0, 0, 0),
(484, 0, 0, 0, 0, 0, 0),
(485, 0, 0, 0, 0, 0, 0),
(486, 0, 0, 0, 0, 0, 0),
(487, 0, 0, 0, 0, 0, 0),
(488, 0, 110, 0, 0, 0, 0),
(489, 0, 0, 0, 0, 0, 0),
(490, 0, 0, 0, 0, 0, 0),
(491, 0, 0, 0, 0, 0, 0),
(492, 0, 110, 0, 0, 0, 0),
(493, 0, 0, 0, 0, 0, 0),
(494, 0, 0, 0, 0, 0, 0),
(495, 0, 0, 0, 0, 0, 0),
(496, 0, 0, 0, 0, 0, 0);

-- --------------------------------------------------------

--
-- Structure de la table `gevu_criteres`
--

DROP TABLE IF EXISTS `gevu_criteres`;
CREATE TABLE IF NOT EXISTS `gevu_criteres` (
  `id_critere` int(11) NOT NULL AUTO_INCREMENT,
  `id_type_controle` int(11) NOT NULL,
  `ref` varchar(100) COLLATE utf8_bin NOT NULL,
  `handicateur_moteur` int(11) NOT NULL,
  `handicateur_auditif` int(11) NOT NULL,
  `handicateur_visuel` int(11) NOT NULL,
  `handicateur_cognitif` int(11) NOT NULL,
  `criteres` varchar(500) COLLATE utf8_bin DEFAULT NULL,
  `affirmation` varchar(500) COLLATE utf8_bin DEFAULT NULL,
  PRIMARY KEY (`id_critere`),
  KEY `id_type_controle` (`id_type_controle`)
) ENGINE=InnoDB  DEFAULT CHARSET=utf8 COLLATE=utf8_bin ROW_FORMAT=COMPACT AUTO_INCREMENT=675 ;

--
-- Contenu de la table `gevu_criteres`
--

INSERT INTO `gevu_criteres` (`id_critere`, `id_type_controle`, `ref`, `handicateur_moteur`, `handicateur_auditif`, `handicateur_visuel`, `handicateur_cognitif`, `criteres`, `affirmation`) VALUES
(1, 1, '3_cr_acc_01', 2, 2, 2, 2, 'Au moins un point d''accueil est aménagé pour les personnes déficientes', 'Il existe plusieurs points d''accueil à proximité les uns des autres, mais aucun d''entre eux n''est aménagé pour l''accès des personnes déficientes'),
(2, 1, '3_cr_acc_02', 2, 2, 2, 2, 'Il est prioritairement ouvert', 'Il existe plusieurs points d''accueil à proximité les uns des autres, dont un au moins est accessible, mais il n''est pas prioritairement ouvert'),
(3, 1, '3_cr_acc_03', 1, 1, 2, 2, 'Il est signalé dès l''entrée', 'Le point d''accueil aménagé pour les personnes déficientes n''est pas signalé dès l''entrée'),
(4, 1, '3_cr_acc_04', 1, 0, 0, 0, 'La banque d''accueil est utilisable en position « debout »', 'La banque d''accueil n''est pas utilisable en position debout""'),
(5, 1, '3_cr_acc_05', 2, 0, 0, 0, 'La banque d''accueil est utilisable en position « assis »', 'La banque d''accueil n''est pas utilisable en position assis``'),
(6, 1, '3_cr_acc_06', 1, 3, 1, 2, 'La banque d''accueil permet la communication visuelle entre les usagers et le personnel', 'La banque d''accueil ne permet pas la communication visuelle entre les usagers et le personnel'),
(7, 1, '3_cr_acc_06', 1, 3, 1, 2, 'La banque d''accueil permet la communication visuelle entre les usagers et le personnel', 'La banque d''accueil ne permet pas la communication visuelle entre les usagers et le personnel'),
(8, 1, '3_cr_acc_07', 2, 0, 0, 0, 'La partie d''usage est à une hauteur maximale de 80 cm', 'Les usages lire, écrire, utiliser un clavier" sont requis mais la partie d''usage n''est pas à une hauteur maximale de 80 cm"'),
(9, 1, '3_cr_acc_08', 2, 0, 0, 0, 'La partie inférieure de l''équipement laisse un vide d''au moins 30 cm de profondeur', 'Les usages lire, écrire, utiliser un clavier" sont requis mais la partie inférieure de l''équipement ne laisse pas de vide d''au moins 30 cm de profondeur"'),
(10, 1, '3_cr_acc_09', 2, 0, 0, 0, 'La partie inférieure de l''équipement laisse un vide d''au moins 60 cm de largeur', 'Les usages lire, écrire, utiliser un clavier" sont requis mais la partie inférieure de l''équipement ne laisse pas de vide d''au moins 60 cm de largeur"'),
(11, 1, '3_cr_acc_10', 2, 0, 0, 0, 'La partie inférieure de l''équipement laisse un vide d''au moins 70 cm de hauteur', 'Les usages lire, écrire, utiliser un clavier" sont requis mais la partie inférieure de l''équipement ne laisse pas de vide d''au moins 70 cm de hauteur"'),
(12, 1, '3_cr_acc_11', 0, 3, 0, 2, 'Toute information sonore fait l''objet d''une transmission par des moyens adaptés ou est doublée par une information visuelle', 'Toute information sonore ne fait pas l''objet d''une transmission par des moyens adaptés et n''est pas doublée par une information visuelle'),
(13, 1, '3_cr_acc_12', 0, 3, 0, 0, 'L''accueil est équipé d''un système de transmission du signal acoustique par induction magnétique', 'L''accueil est sonorisé mais il n''est pas équipé d''un système de transmission du signal acoustique par induction magnétique'),
(14, 1, '3_cr_acc_13', 0, 1, 0, 0, 'Le point d''accueil sonorisé est signalé par un pictogramme', 'L''accueil est sonorisé mais il n''est pas signalé par un pictogramme'),
(15, 1, '3_cr_acc_14', 0, 2, 0, 0, 'Dans le cas d''un système de boucle magnétique, absence d''interférences entre boucles', 'Le système de boucle magnétique présente des interférences entre les boucles'),
(16, 1, '3_cr_acc_15', 2, 0, 0, 0, 'Possibilité de s''asseoir (sans restreindre le passage des autres personnes)', 'Il n''est pas possible de s''asseoir (sans restreindre le passage des autres personnes)'),
(17, 1, '3_cr_acc_16', 0, 0, 2, 0, 'Absence de guide-file en corde', 'Présence d''un (ou de plusieurs) guide-file(s) en corde'),
(18, 1, '3_cr_acc_16', 0, 0, 2, 0, 'Absence de guide-file en corde', 'Présence d''un (ou de plusieurs) guide-file(s) en corde'),
(19, 1, '3_cr_acc_17', 1, 1, 1, 2, 'Présence aux heures d''ouvertures d''au moins une personne formée à l''accueil des personnes déficientes (toutes formes)', 'Absence aux heures d''ouvertures d''au moins une personne formée à l''accueil des personnes déficientes'),
(20, 1, '3_cr_acc_18', 0, 2, 2, 0, 'Le personnel de l''accueil n''est pas à contre-jour par rapport à l''usager', 'Le personnel de l''accueil est à contre-jour par rapport à l''usager'),
(21, 1, '3_cr_acc_18', 0, 2, 2, 0, 'Le personnel de l''accueil n''est pas à contre-jour par rapport à l''usager', 'Le personnel de l''accueil est à contre-jour par rapport à l''usager'),
(22, 1, '3_cr_acc_18', 0, 2, 2, 0, 'Le personnel de l''accueil n''est pas à contre-jour par rapport à l''usager', 'Le personnel de l''accueil est à contre-jour par rapport à l''usager'),
(23, 1, '3_cr_acc_19', 0, 2, 2, 1, 'Les espaces ou équipements destinés à la communication ont une qualité d''éclairage renforcée (minimum 200 lux)', 'L''espace, l'' (les) équipement(s) destiné(s) à la communication n''a (n''ont) pas une qualité d''éclairage renforcée (200 lux)'),
(24, 1, '3_qi_acc_01', 0, 0, 0, 0, 'Il existe plusieurs points d''accueil à proximité les uns des autres', ' '),
(25, 1, '3_qi_acc_02', 0, 0, 0, 0, 'L''usage du point d''accueil nécessite de  lire, écrire, utiliser un clavier " "', ' '),
(26, 1, '3_qi_acc_03', 0, 0, 0, 0, 'L''accueil est sonorisé', ' '),
(27, 2, '3_cr_air_sta_01', 2, 0, 0, 0, 'La hauteur des entrées du parking permet l''accès des véhicules adaptés (hauteur mini = 2,20 m)', 'La hauteur de l'' (ou les) entrée(s) du parking ne permet(tent) pas l''accès d''un véhicule adapté d''une hauteur de 220 cm'),
(28, 2, '3_cr_air_sta_02', 1, 1, 1, 1, 'Lorsque l''offre de stationnement pour visiteurs est répartie sur plusieurs endroits, et si chaque endroit ne comporte pas de places aménagées, il est nécessaire d''indiquer dès l''entrée sur la zone de stationnement la localisation des places adaptées.', 'L''offre de stationnement pour visiteurs est répartie sur plusieurs endroits mais chaque endroit ne comporte pas de place adaptée et la (ou les) place(s) adaptée(s) n''est (ne sont) pas indiquée(s) dès l''entrée du terrain.'),
(29, 2, '3_cr_air_sta_03', 1, 1, 1, 1, 'Tout signal lié au fonctionnement du dispositif d''accès est sonore', 'Il n''y a pas de vision directe des accès par le personnel mais le (ou les) signal(aux) lié(s) au fonctionnement du (des) dispositif(s) d''accès n''est (ne sont) pas sonore(s)'),
(30, 2, '3_cr_air_sta_04', 1, 1, 1, 1, 'Tout signal lié au fonctionnement du dispositif d''accès est visuel', 'Il n''y a pas de vision directe des accès par le personnel mais le (ou les) signal(aux) lié(s) au fonctionnement du dispositif d''accès n''est (ne sont) pas visuel(s)'),
(31, 2, '3_cr_air_sta_05', 1, 1, 1, 1, 'Les interphones sont munis d''un système de visualisation du conducteur', 'Il n''y a pas de vision directe de l''accès par le personnel mais l'' ( les) appareil(s) d''interphonie n''est (ne sont) pas muni(s) d''un système de visualisation du conducteur'),
(32, 2, '3_cr_air_sta_06', 2, 1, 1, 1, '2 % de l''ensemble des emplacements de chaque zone de stationnement sont aménagées', 'Moins de 2 % de l''ensemble des emplacements de chaque zone de stationnement sont adaptées'),
(33, 2, '3_cr_air_sta_07', 2, 1, 1, 1, '10 places sont réservées au minimum quand plus de 500 places au total sur une zone de stationnement', 'Il y a plus de 500 places au total sur la zone de stationnement mais il y a moins de 10 places réservées'),
(34, 2, '3_cr_air_sta_08', 2, 1, 1, 1, 'Au delà de 500 places, le nombre de places réservées correspond à celui définit par arrêté municipal ', 'Il y a plus de 500 places au total sur la zone de stationnement, toutefois le nombre de place est inférieur à celui spécifié par arrêté municipal'),
(35, 2, '3_cr_air_sta_09', 2, 1, 1, 1, 'Tout parc de stationnement d''un lieu de travail dont l''effectif est supérieur ou égal à 20 personnes comporte au moins une place aménagée', 'Le parc de stationnement d''un lieu de travail dont l''effectif est supérieur ou égal à 20 personnes ne comporte pas de place adaptée'),
(36, 2, '3_cr_air_sta_10', 2, 1, 1, 1, 'Le nombre de place GIG/GIC est de 1 place pour 50', 'Le nombre de place GIG/GIC n''est pas de 1 place pour 50'),
(37, 2, '3_cr_air_sta_11', 2, 1, 1, 1, 'Il existe une zone de dépose minute sécurisée', 'Il n''y a pas de place de stationnement GIG/GIC et il n''existe pas de zone de dépose minute sécurisée'),
(38, 2, '3_cr_air_sta_12', 0, 1, 2, 1, 'L''éclairage des circulations piétonnes des parcs de stationnement est de 50 lux mini', 'L''éclairage des circulations piétonnes des parcs de stationnement est inférieur à 50 lux'),
(39, 2, '3_cr_air_sta_13', 0, 1, 2, 0, 'L''éclairage de tout autre point des parcs de stationnement est de 20 lux mini', 'L''éclairage de tout autre point de stationnement est inférieur à 20 lux'),
(40, 2, '3_qi_air_sta_01', 0, 0, 0, 0, 'Il existe un système de contrôle d''accès', NULL),
(41, 2, '3_qi_air_sta_02', 0, 0, 0, 0, 'Il y a une ou plusieurs places aménagées pour les déficients', ' '),
(42, 2, '3_qi_air_sta_03', 0, 0, 0, 0, 'Le personnel du parking a une vision directe des accès', ' '),
(43, 3, '3_cr_asc_cab_01', 1, 0, 1, 1, 'Les commandes intérieures sont situées sur le côté de la cabine ; à droite (ouverture centrale) ou du côté de fermeture de la porte (si l''ascenseur est inférieur à 200 x 140 cm)', 'Les commandes intérieures ne sont pas situées sur le côté de la cabine ; à droite si l''ouverture est centrale ou du côté de fermeture de la porte si l''ascenseur fait moins de 200 cm x 140 cm)'),
(44, 3, '3_cr_asc_cab_02', 1, 0, 1, 1, 'Les commandes intérieures sont situées sur le côté de la cabine', 'Les commandes intérieures ne sont pas situées sur le côté de la cabine'),
(45, 3, '3_cr_asc_cab_03', 2, 0, 0, 0, 'Les commandes intérieures sont situées à une hauteur comprise entre 90 et 110 cm', 'Les commandes intérieures ne sont pas à une hauteur comprise entre 90 cm et 110 cm'),
(46, 3, '3_cr_asc_cab_04', 2, 0, 0, 0, 'Les commandes intérieures sont situées à une hauteur max de 130 cm', 'Les commandes intérieures sont situées à une hauteur supérieure à 130 cm'),
(47, 3, '3_cr_asc_cab_05', 2, 0, 0, 0, 'Les commandes intérieures sont situées à plus de 40 cm d''un angle rentrant ou d''un obstacle', 'Les commandes intérieures sont à moins de 40 cm d''un angle rentrant ou d''un obstacle'),
(48, 3, '3_cr_asc_cab_06', 0, 0, 1, 1, 'Les commandes sont repérables (visuellement et tactilement)', 'Les commandes ne sont pas repérables (visuellement et tactilement)'),
(49, 3, '3_cr_asc_cab_07', 0, 0, 1, 1, 'Le bouton indiquant le niveau de sortie est tactilement (en saillie de 4 à 6 mm) et visuellement (vert) contrasté des autres commandes', 'Le bouton indiquant le niveau de sortie n''est pas tactilement (en saillie) et visuellement contrasté des autres commandes'),
(50, 3, '3_cr_asc_cab_08', 1, 1, 1, 1, 'Les commandes intérieures possèdent un témoin d''activation visuel et sonore (informant l''usager que le bouton sur lequel il a appuyé a bien fonctionné)', 'Les commandes intérieures ne possèdent pas de témoin d''activation visuel et sonore'),
(51, 3, '3_cr_asc_cab_09', 0, 1, 1, 0, 'Présence d''un témoin d''enregistrement visuel et sonore (entre 35 et 65 dB et fonctionnant même si l''appel à déjà été enregistré)', 'Absence d''un témoin d''enregistrement visuel et sonore (entre 35 et 65 dB et fonctionnant même si l''appel à déjà été enregistré)'),
(52, 3, '3_cr_asc_cab_10', 0, 0, 1, 1, 'Les boutons de commandes sont contrastés (visuellement et tactilement) par rapport à leur support', 'Les boutons de commande ne sont pas contrastés (visuellement et tactilement) par rapport à leur support'),
(53, 3, '3_cr_asc_cab_11', 1, 0, 0, 0, 'La force à exercer pour activer les boutons est comprise entre 2,5 et 5 N', 'La force à exercer pour activer les boutons n''est pas comprise entre 2,5 et 5 N'),
(54, 3, '3_cr_asc_cab_12', 3, 0, 0, 0, 'La cabine mesure au minimum 100 cm de largeur', 'Le cabine mesure moins de 100 cm de largeur'),
(55, 3, '3_cr_asc_cab_13', 3, 0, 0, 0, 'La cabine mesure au minimum 130 cm de profondeur (devant chaque porte)', 'La cabine mesure moins de 130 cm de profondeur (devant chaque porte)'),
(56, 3, '3_cr_asc_cab_14', 3, 0, 0, 0, 'La cabine mesure au minimum 125 cm de profondeur devant chaque porte', 'La cabine mesure moins de 125 cm de profondeur devant chaque porte'),
(57, 3, '3_cr_asc_cab_15', 1, 0, 0, 0, 'Présence d''une main courante sur une des parois', 'Absence de main courante sur une des parois'),
(58, 3, '3_cr_asc_cab_16', 1, 0, 0, 0, 'L''ascenseur dispose d''un siège rabattable (notamment pour les grandes hauteurs d''immeuble)', 'L''ascenseur ne dispose pas d''un siège rabattable (notamment pour les grandes hauteurs d''immeuble)'),
(59, 3, '3_cr_asc_cab_17', 1, 0, 0, 0, 'Présence d''un miroir (si l''ascenseur est inférieur à 200 x 140 cm)', 'Absence de miroir (si l''ascenseur est inférieur à 200 cm x 140 cm)'),
(60, 3, '3_cr_asc_cab_18', 1, 1, 0, 1, 'Présence d''un indicateur de position de la cabine', 'Absence d''indicateur de position de la cabine à une hauteur comprise entre 160 cm et 180 cm'),
(61, 3, '3_cr_asc_cab_19', 0, 0, 1, 0, 'Les numéros d''étages ont une hauteur comprise entre 3 et 6 cm', 'Les numéros d''étages n''ont pas une hauteur comprise entre 3 cm et 6 cm'),
(62, 3, '3_cr_asc_cab_20', 0, 1, 1, 1, 'A l''arrêt, un message vocal indique la position de la cabine', 'A l''arrêt, aucun message vocal n''indique la position de la cabine'),
(63, 3, '3_cr_asc_cab_21', 1, 1, 1, 1, 'Présence d''un dispositif permettant de communiquer avec le poste de sécurité', 'Présence d''un dispositif permettant de communiquer avec le poste de sécurité'),
(64, 3, '3_cr_asc_cab_22', 0, 1, 1, 1, 'Présence de dispositifs visuels (pictogramme jaune) et sonores permettant d''avoir l''information relative à la transmission du système d''alarme', 'Absence de dispositifs visuels et sonores permettant d''avoir l''information relative à la transmission du système d''alarme'),
(65, 3, '3_cr_asc_cab_23', 0, 1, 1, 1, 'Présence de dispositifs visuels (pictogramme vert) et sonores permettant d''avoir l''information relative à la prise en compte du système d''alarme', 'Absence de dispositif d''alarme visuel et sonore permettant d''avoir l''information relative à la prise en compte du système d''alarme'),
(66, 3, '3_cr_asc_cab_24', 0, 1, 0, 0, 'Il y a une boucle à induction magnétique pour la diffusion à tous de l''information d''urgence', 'Il n''y a pas de boucle à induction pour la diffusion de l''information à tous '),
(67, 3, '3_cr_asc_cab_25', 3, 0, 0, 0, 'L''ascenseur est en accès libre (sans clef ou intervenant extérieur)', 'L''ascenseur n''est pas en libre accès (nécessite une clef ou intervenant extérieur)'),
(68, 3, '3_cr_asc_cab_26', 0, 2, 0, 0, 'Les signaux sonores sont entre 35 et 65 db', 'Les signaux sonores sont inférieurs à 35 db ou supérieurs à 65 db'),
(69, 3, '3_cr_asc_cab_27', 0, 1, 2, 0, 'L''éclairage est supérieur à 150 lux', 'L''éclairage est inférieur à 150 lux'),
(70, 3, '3_qi_asc_cab_01', 0, 0, 0, 0, 'L''ascenseur a été installé avant 2007', NULL),
(71, 3, '3_qi_asc_cab_02', 0, 0, 0, 0, 'Il y a eu des modifications sur le dispositif de demande de secours depuis 2007', NULL),
(72, 4, '2_cr_chem_ext_37', 1, 0, 2, 1, 'Les parois vitrées sur et en bordure de cheminement sont repérables par tous à l''aide d''éléments visuellement contrastés', 'La (ou les) parois vitré(es) sur et en bordure de cheminement n''est (ne sont) pas repérable(s) par tous, faute d''éléments visuellement contrastés'),
(73, 4, '3_cr_chem_ext_01', 2, 0, 2, 0, 'Il existe un cheminement desservant au moins l''une des entrées principales des bâtiments ou installations', 'Absence de cheminement aménagé desservant au moins l''une des entrées principales des bâtiments ou installations'),
(74, 4, '3_cr_chem_ext_02', 2, 2, 2, 2, 'Le(s) cheminement(s) aménagé(s) en vue d''être accessible dessert toutes les entrées principales', 'Le(s) cheminement(s) aménagé(s) en vue d''être accessible(s) ne dessert(vent) pas toutes les entrées principales'),
(75, 4, '3_cr_chem_ext_03', 2, 2, 2, 2, 'Le cheminement aménagé en vue d''être accessible est le cheminement usuel, ou l''un des cheminements usuels', 'Le cheminement aménagé n''est pas le cheminement usuel, ou l''un des cheminements usuels'),
(76, 4, '3_cr_chem_ext_04', 2, 2, 2, 2, 'Le cheminement aménagé en vue d''être accessible est le même pour tous', 'Le cheminement aménagé en vue d''être accessible n''est pas le même pour tous'),
(77, 4, '3_cr_chem_ext_05', 1, 0, 0, 0, 'Lorsque les cheminements aménagés en vue d''être accessibles sont différents des cheminements courants, ils sont signalés par le symbole international', 'Les cheminements aménagés en vue d''être accessibles sont différents des cheminements courants mais ils ne sont pas signalés par le symbole international'),
(78, 4, '3_cr_chem_ext_06', 2, 1, 2, 1, 'Signalisation visible à l''entrée du terrain', 'Absence de signalisation visible à l''entrée du terrain'),
(79, 4, '3_cr_chem_ext_07', 2, 1, 2, 1, 'Signalisation lisible à l''entrée du terrain', 'Absence de signalisation lisible à l''entrée du terrain'),
(80, 4, '3_cr_chem_ext_08', 2, 1, 1, 1, 'Signalisation compréhensible à l''entrée du terrain', 'Absence de signalisation compréhensible à l''entrée du terrain'),
(81, 4, '3_cr_chem_ext_09', 2, 1, 1, 1, 'Signalisation visible à proximité des places de stationnement pour le public', 'Absence de signalisation visible à proximité des places de stationnement'),
(82, 4, '3_cr_chem_ext_10', 2, 1, 1, 1, 'Signalisation lisible à proximité des places de stationnement pour le public', 'Absence de signalisation lisible à proximité des places de stationnement '),
(83, 4, '3_cr_chem_ext_11', 2, 1, 1, 1, 'Signalisation compréhensible à proximité des places de stationnement pour le public', 'Absence de signalisation à proximité des places de stationnement pour le public n''est pas compréhensible'),
(84, 4, '3_cr_chem_ext_12', 1, 1, 2, 1, 'Signalisation visible en chaque point du cheminement aménagé où un choix d''itinéraire est donné à l''usager', 'Absence de signalisation visible en chaque point du cheminement aménagé où un choix d''itinéraire est donné à l''usager'),
(85, 4, '3_cr_chem_ext_13', 1, 1, 2, 0, 'Signalisation lisible en chaque point du cheminement aménagé où un choix d''itinéraire est donné à l''usager', 'Absence de signalisation lisible en chaque point du cheminement aménagé où un choix d''itinéraire est donné à l''usager'),
(86, 4, '3_cr_chem_ext_14', 1, 1, 1, 1, 'Signalisation compréhensible en chaque point du cheminement aménagé où un choix d''itinéraire est donné à l''usager', 'Absence de signalisation compréhensible en chaque point du cheminement aménagé où un choix d''itinéraire est donné à l''usager'),
(87, 4, '3_cr_chem_ext_15', 0, 0, 1, 0, 'Contraste tactile du cheminement aménagé par rapport à l''environnement.', 'Absence de contraste tactile du cheminement aménagé par rapport à l''environnement'),
(88, 4, '3_cr_chem_ext_16', 0, 0, 1, 1, 'Contraste visuel du cheminement aménagé par rapport à l''environnement.', 'Absence de contraste visuel du cheminement aménagé par rapport à l''environnement'),
(89, 4, '3_cr_chem_ext_17', 0, 0, 2, 1, 'Sinon, présence d''un repère tactile continu pour le guidage à la canne et visuellement contrasté par rapport à son environnement', 'Le cheminement n''est ni visuellement, ni tactilement contrasté et ne présente pas de repère tactile continu et visuellement contrasté par rapport à son environnement pour le guidage'),
(90, 4, '3_cr_chem_ext_18', 2, 0, 1, 0, 'La largeur minimale du cheminement est de 140 cm, libre de tout obstacle', 'La largeur de cheminement est inférieure à 140 cm, libre de tout obstacle'),
(91, 4, '3_cr_chem_ext_19', 2, 0, 1, 0, 'Lorsqu''un rétrécissement ne peut être évité, la largeur du cheminement reste > à 120 cm', 'Un rétrécissement ne peut être évité, cependant la largeur du cheminement est inférieure à 120 cm'),
(92, 4, '3_cr_chem_ext_20', 1, 0, 1, 0, 'La largeur du cheminement est > à 160 cm', 'La largeur du cheminement est inférieure à 160 cm'),
(93, 4, '3_cr_chem_ext_21', 1, 0, 1, 0, 'Si rupture de niveau de plus de 40 cm à moins de 90 cm du cheminement, alors il y a un élément de protection', 'Il y a une rupture de niveau de plus de 40 cm à moins de 90 cm du cheminement toutefois il n''y a pas d''élément de protection'),
(94, 4, '3_cr_chem_ext_22', 1, 0, 1, 0, 'Présence d''une bordure chasse roue sur tous les cheminements (et surtout ceux en pente)', 'Absence d''une bordure chasse roue sur le cheminement'),
(95, 4, '3_cr_chem_ext_23', 1, 0, 0, 0, 'Présence de mobilier de repos sur le cheminement', 'La distance entre le début de la parcelle et l''entée du bâtiment est supérieure à 100 m mais il n''y a pas de mobiliers de repos sur le parcours'),
(96, 4, '3_cr_chem_ext_24', 1, 0, 0, 0, 'Présence d''abris accessibles permettant de se protéger des intempéries le long des cheminements extérieurs', 'La distance entre le début de la parcelle et l''entée du bâtiment est supérieure à 100 m mais il n''existe pas de d''abri accessible permettant de se protéger des intempéries le long des cheminements extérieurs'),
(97, 4, '3_cr_chem_ext_25', 2, 0, 1, 0, 'Présence d''une main courante dès qu''il existe une marche', 'Absence de main courante dès qu''il existe une marche'),
(98, 4, '3_cr_chem_ext_26', 1, 0, 1, 0, 'Les barrières comportent un élément bas continu (dont la discontinuité ne dépasse pas 40 cm). Cet élément est situé à une hauteur de 40 cm maxi', 'Les barrières ne comportent pas d''élément bas continu'),
(99, 4, '3_cr_chem_ext_27', 1, 0, 1, 1, 'Toute excavation ou dénivellation due à l''ouverture de travaux sur un cheminement est signalée par un obstacle bien visible et perceptible par une canne d''aveugle (élément comportant une partie basse située à une hauteur maximale de 40 cm)', 'Une excavation ou dénivellation due à l''ouverture de travaux sur le cheminement n''est pas signalée par un obstacle bien visible et perceptible par une canne d''aveugle (élément comportant une partie basse située à une hauteur maximale de 40 cm)'),
(100, 4, '3_cr_chem_ext_28', 1, 0, 1, 1, 'L''aménagement évite tout équipement favorisant l''installation ultérieure d''obstacles même temporaires (exemples : des poteaux ou barrières où pourraient s''accrocher des 2 roues doivent être disposées en dehors du cheminement de 140 cm)', 'Existence d''aménagement favorisant l''installation ultérieure d''obstacles même temporaires (exemples : des poteaux ou barrières où pourraient s''accrocher des 2 roues doivent être disposées en dehors du cheminement de 140 cm)'),
(101, 4, '3_cr_chem_ext_29', 0, 1, 2, 0, 'Tout chemin extérieur est pourvu d''un dispositif d''éclairage de 20 lux en tout point (au sol)', 'Le cheminement extérieur n''est pas pourvu d''un dispositif d''éclairage de 20 lux en tout point (au sol)'),
(102, 4, '3_cr_chem_ext_30', 1, 0, 2, 1, 'Les parois vitrées sur et en bordure de cheminement sont repérables pour tous à l''aide d''éléments visuellement contrastés', 'La (ou les) parois vitré(es) sur et en bordure de cheminement n''est (sont) pas repérable(s) par tous, faute d''éléments visuellement contrastés'),
(103, 4, '3_cr_chem_ext_31', 0, 0, 2, 0, 'Présence d''un élément d''éveil et de vigilance au droit du croisement avec les véhicules', 'Absence d''un élément d''éveil de la vigilance au droit du croisement avec les véhicules'),
(104, 4, '3_cr_chem_ext_32', 1, 2, 2, 1, 'Un marquage au sol et une signalisation indiquent le croisement aux conducteurs des véhicules', 'Absence d''un marquage au sol et/ou d''une signalisation qui indique le croisement aux conducteurs des véhicules'),
(105, 4, '3_cr_chem_ext_33', 1, 0, 0, 0, 'La largeur minimale du cheminement est de 120 cm, libre de tout obstacle', 'La largeur de cheminement est inférieure à 120 cm libre de tout obstacle'),
(106, 4, '3_cr_chem_ext_34', 1, 0, 0, 0, 'Lorsqu''un rétrécissement ne peut être évité, la largeur du cheminement reste > à 90 cm', 'Un rétrécissement ne peut être évité, la largeur du cheminement est inférieure à 90 cm'),
(107, 4, '3_qi_chem_ext_01', 0, 0, 0, 0, 'Présence d''une signalisation à l''entrée du terrain et/ou sur le cheminement', ''),
(108, 4, '3_qi_chem_ext_02', 0, 0, 0, 0, 'La distance entre le début de la parcelle et l''entrée du bâtiment (ou de l''installation) est supérieure à 100 m', ''),
(109, 4, '3_qi_chem_ext_03', 0, 0, 0, 0, 'Le cheminement aménagé croise un itinéraire emprunté par des véhicules', NULL),
(110, 4, '3_qi_chem_ext_04', 0, 0, 0, 0, 'Il existe un cheminement spécifiquement aménagé en vue d''être accessible aux personnes déficientes', NULL),
(111, 5, '3_cr_dis_com_01', 0, 0, 1, 1, 'Le dispositif de commande et de service est repérable par un éclairage particulier et/ou un contraste visuel', 'Le dispositif de commande et de service n''est pas repérable par un éclairage particulier ou un contraste visuel'),
(112, 5, '3_cr_dis_com_02', 3, 0, 0, 0, 'Le dispositif de commande et de service possède un espace d''usage de 80 × 130 cm', 'Le dispositif de commande et de service ne possède pas d''espace d''usage de 80 cm x 130 cm'),
(113, 5, '3_cr_dis_com_03', 2, 0, 0, 0, 'Les dispositifs de commande et de service manuels ainsi que ceux qui nécessite de voir, d''entendre ou parler, ou les dispositifs liés à la sécurité sont à une hauteur comprise entre 90 et 130 cm', 'Les dispositifs de commande et de service manuels ainsi que ceux qui nécessitent de voir, d''entendre ou de parler, ou les dispositifs liés à la sécurité, ne sont pas à une hauteur comprise entre 90 cm et 130 cm'),
(114, 5, '3_cr_dis_com_04', 0, 0, 1, 0, 'Le dispositif de commande et de service ne crée pas d''obstacle à la personne déficiente visuelle', 'Le dispositif de commande et de service crée un obstacle à la personne déficiente visuelle'),
(115, 5, '3_cr_dis_com_05', 0, 0, 2, 0, 'Présence d''un ergot en relief sur les dispositifs de commande', 'Absence d''un ergot en relief sur les dispositifs de commande'),
(116, 5, '3_cr_dis_com_06', 1, 0, 0, 0, 'Au moins une prise d''''alimentation électrique est située entre 90 et 130 cm de hauteur', 'Aucune prise d''alimentation électrique n''est située entre 90 et 130 cm de hauteur'),
(117, 6, '3_cr_douche_01', 2, 0, 0, 0, 'Au moins une douche est aménagée en vue d''être accessible', 'Aucune douche n''est aménagée en vue d''être accessible pour les personnes déficientes'),
(118, 6, '3_cr_douche_02', 2, 0, 0, 0, 'Cette douche est desservie par un cheminement praticable', 'La douche aménagée n''est pas desservie par un cheminement praticable'),
(119, 6, '3_cr_douche_03', 2, 0, 0, 0, 'Présence d''un équipement permettant de s''asseoir', 'Absence d''équipement permettant de s''asseoir'),
(120, 6, '3_cr_douche_04', 2, 0, 0, 0, 'Présence d''un appui en position debout', 'Absence d''un appui en position debout'),
(121, 6, '3_cr_douche_05', 2, 0, 0, 0, 'Présence d''un appui en position assis permettant le transfert', 'Absence d''un appui en position assis permettant le transfert'),
(122, 6, '3_cr_douche_06', 3, 0, 0, 0, 'Présence d''un espace d''usage latéral (80 x 130 cm)', 'Absence d''un espace d''usage latéral (80 cm x 130 cm)'),
(123, 6, '3_cr_douche_07', 0, 0, 0, 0, 'Présence d''équipements atteignables en position assis` (hauteur 90 - 130 cm), notamment patère, robinetterie, miroirs&#8230', 'Absence d''équipements atteignables en position « assis », notamment paterre, robinetterie, miroirs &#8230;(hauteur non comprise entre 90 et 130 cm)'),
(124, 6, '3_cr_douche_08', 1, 0, 0, 0, 'Présence d''un syphon de sol', 'Absence de syphon de sol'),
(125, 6, '3_cr_douche_09', 1, 0, 0, 0, 'Au moins une douche aménagée est installée au même emplacement que les autres', 'Aucune douche aménagée n''est installée au même emplacement que les autres'),
(126, 6, '3_cr_douche_10', 1, 0, 0, 0, 'Au moins une douche aménagée en vue d''être accessible est installée pour chaque sexe', 'Il n''y a pas de douches aménagées en vue d''être accessible séparées pour chaque sexe'),
(127, 6, '3_cr_douche_11', 2, 0, 0, 0, 'La douche est aménagée sans bordure de bac', 'La douche n''est pas aménagée sans bordure de bac'),
(128, 6, '3_qi_douche_01', 0, 0, 0, 0, 'Les douches sont séparées pour chaque sexe', ''),
(129, 7, '3_cr_lux_01', 0, 0, 1, 0, 'L''éclairage artificiel ou naturel n''est pas une gêne pour une personne en position « debout »', 'L''éclairage artificiel ou naturel est une gêne pour une personne en position debout``'),
(130, 7, '3_cr_lux_02', 1, 0, 1, 0, 'L''éclairage artificiel ou naturel n''est pas une gêne pour une personne en position « assis »', 'L''éclairage artificiel ou naturel est une gêne pour une personne en position assise``'),
(131, 7, '3_cr_lux_03', 0, 0, 1, 1, 'La qualité d''éclairage est renforcée pour les dispositifs d''accès', 'La qualité d''éclairage n''est pas renforcée pour les dispositifs d''accès'),
(132, 7, '3_cr_lux_04', 0, 0, 1, 1, 'La qualité d''éclairage est renforcée pour la signalétique', 'La qualité d''éclairage n''est pas renforcée pour la signalétique'),
(133, 7, '3_cr_lux_05', 0, 0, 1, 1, 'Si l''éclairage possède une temporisation, alors l''extinction est progressive', 'L''éclairage possède une temporisation, mais l''extinction n''est pas progressive'),
(134, 7, '3_cr_lux_06', 0, 0, 1, 1, 'Si dispositif de détection automatique alors la couverture est totale', 'Le dispositif de détection automatique ne couvre pas la totalité de l''espace'),
(135, 7, '3_cr_lux_07', 1, 0, 0, 1, 'L''éclairage est automatisé lors des entrées dans les pièces, sas, etc... (et doit pouvoir être débrayé en cas de besoin).', 'L''éclairage n''est pas automatisé lors de l''entrée dans la pièce'),
(136, 7, '3_cr_lux_08', 1, 0, 1, 1, 'Dans une pièce l''interrupteur est toujours placé à côté de la porte d''entrée', 'Dans la pièce l''interrupteur n''est pas placé à côté de la porte d''entrée'),
(137, 7, '3_cr_lux_09', 0, 0, 1, 0, 'Les interrupteurs sont équipés de variateurs', 'Les interrupteurs ne sont pas équipés de variateurs'),
(138, 7, '3_cr_lux_10', 0, 0, 1, 1, 'La disposition des éclairages est conçue comme un guide, une aide à l''orientation', 'La disposition des éclairages n''est pas conçue comme un guide, ni une aide à l''orientation'),
(139, 7, '3_cr_lux_11', 0, 1, 2, 0, 'L''éclairage artificiel est >= à 100 lux en tout point des circulations intérieures horizontales ', 'L''éclairage artificiel n''est pas >= à 100 lux en tout point des circulations intérieures horizontales '),
(140, 8, '3_cr_ent_01', 3, 0, 1, 0, 'Le niveau d''accès principal est en continuité avec le cheminement extérieur', 'Le niveau d''accès principal n''est pas en continuité avec le cheminement extérieur'),
(141, 8, '3_cr_ent_02', 1, 0, 2, 2, 'Les entrées principales sont repérables par des éléments architecturaux ou par un traitement des matériaux différents et/ou visuellement contrasté', 'L''entrée principale n''est pas repérable par des éléments architecturaux ou par des traitements de matériaux différents et/ou visuellement contrastés'),
(142, 8, '3_cr_ent_03', 0, 0, 2, 2, 'Les équipements visant à se signaler, et/ou à restreindre l''accès au bâtiment, sont repérables par un contraste visuel ou une signalétique appropriée (lisible, visible et compréhensible)', 'Le (ou les) équipement(s) visant à se signaler et/ou à restreindre l''accès au bâtiment n''est (ne sont) pas repérable(s) par un contraste visuel ou une signalétique appropriée (lisible, visible, compréhensible)'),
(143, 8, '3_cr_ent_04', 1, 0, 2, 2, 'Présence d''un plan d''orientation lisible, visible et compréhensible (tactile si possible) toujours placé à l''entrée du bâtiment ', 'Absence d''un plan d''orientation lisible, visible et compréhensible (tactile si possible) placé à l''entrée du bâtiment'),
(144, 8, '3_cr_ent_05', 1, 0, 1, 1, 'Présence d''une signalétique adaptée (visible, lisible et compréhensible) guidant à ou aux ascenseurs', 'Absence d''une signalétique adaptée guidant à l''ascenseur'),
(145, 9, '3_cr_equip_01', 2, 2, 2, 2, 'S''il existe plusieurs équipements ou mobiliers ayant la même fonction c''est le dispositif aménagé en vu d''être repérable, atteignable et utilisable par les personnes déficientes qui est prioritairement ouvert', 'Plusieurs équipements ou mobiliers ont la même fonction, mais le dispositif aménagé en vu d''être repérable, atteignable et utilisable par les personnes déficientes n''est pas prioritairement ouvert'),
(146, 9, '3_cr_equip_02', 0, 0, 1, 1, 'L''équipement, le mobilier est repérable par un éclairage particulier ou un contraste visuel', 'L''équipement, le mobilier n''est pas repérable par un éclairage particulier ou un contraste visuel'),
(147, 9, '3_cr_equip_03', 3, 0, 0, 0, 'L''équipement, le mobilier possède un espace d''usagE de 80 x 130 cm au droit de l''équipement', 'L''équipement, le mobilier ne possède pas d''espace d''usage de 80 cm x 130 cm au droit de l''équipement'),
(148, 9, '3_cr_equip_04', 2, 0, 0, 0, 'Il est atteignable et utilisable en position assis parce qu''il est à une hauteur maximale de 80 cm', 'Le guichet d''information, de vente manuelle et de service qui nécessite de lire, écrire, utiliser un clavier (ou le lavabo) n''est pas atteignable et utilisable en position assis parce qu''il est à une hauteur supérieure à 80 cm'),
(149, 9, '3_cr_equip_05', 2, 0, 0, 0, 'Il est atteignable et utilisable en position assis parce qu''il dégage un vide de 30 cm de profondeur', 'Le guichet d''information, de vente manuelle et de service qui nécessite de lire, écrire, utiliser un clavier (ou le lavabo) n''est pas atteignable et utilisable en position « assis » parce qu''il ne dégage pas un vide de 30 cm de profondeur'),
(150, 9, '3_cr_equip_06', 2, 0, 0, 0, 'Il est atteignable et utilisable en position assis parce qu''il dégage un vide de 60 cm de large', 'Le guichet d''information, de vente manuelle et de service qui nécessite de lire, écrire, utiliser un clavier (ou le lavabo) n''est pas atteignable et utilisable en position assis parce qu''il ne dégage pas un vide de 60 cm de large'),
(151, 9, '3_cr_equip_07', 2, 0, 0, 0, 'Il est atteignable et utilisable en position assis parce qu''il dégage un vide de 70 cm de hauteur', 'Le guichet d''information, de vente manuelle et de service qui nécessite de lire, écrire, utiliser un clavier (ou le lavabo) n''est pas atteignable et utilisable en position assis parce qu''il ne dégage pas un vide de 70 cm de hauteur'),
(152, 9, '3_cr_equip_08', 2, 0, 0, 0, 'L''équipement, le mobilier est atteignable en position debout', 'L''équipement, le mobilier n''est pas atteignable en position debout'),
(153, 9, '3_cr_equip_09', 2, 0, 0, 0, 'L''équipement, le mobilier est utilisable en position debout', 'L''équipement, le mobilier n''est pas utilisable en porition debout'),
(154, 9, '3_cr_equip_10', 2, 0, 0, 0, 'L''équipement, le mobilier qui nécessite de voir, d''entendre ou parler est situé à une hauteur comprise entre 90 et 130 cm', 'L''équipement, le mobilier qui nécessite de voir, d''entendre ou parler n''est pas situé à une hauteur comprise entre 90 cm et 130 cm'),
(155, 9, '3_cr_equip_11', 0, 0, 1, 0, 'L''équipement, le mobilier ne crée pas d''obstacle à la personne déficiente visuelle', 'L''équipement, le mobilier crée un obstacle à la personne déficiente visuelle'),
(156, 9, '3_qi_equip_01', 0, 0, 0, 0, 'L''équipement ou le mobilier est un guichet d''information, de vente manuelle et de service qui nécessite de lire, écrire, utiliser un clavier (ou un lavabo)', ''),
(157, 10, '3_cr_assis_01', 2, 2, 2, 2, 'Le nombre de places aménagées est de 2 pour 50 places (places non permanentes autorisées)', 'Le nombre de places adaptées n''est pas de 2 pour 50 places (places non permanentes autorisées)'),
(158, 10, '3_cr_assis_02', 2, 2, 2, 2, 'Au-delà de 50 places disponibles, il faut pouvoir dégager 1 place aménagée par tranche ou fraction de 50 places ', 'Il y a plus de 50 places assises mais il n''est pas possible de dégager 1 place en plus par tranche ou fraction de 50 en plus'),
(159, 10, '3_cr_assis_03', 2, 2, 2, 2, 'Au-delà de 1000 places disponibles, le nombre de places adaptées ne peut pas être inférieur à 20 (il est alors défini par arrêté municipal) ', 'Il y a plus de 1000 places, et le nombre de places adaptées est inférieur à 20'),
(160, 10, '3_cr_assis_04', 3, 0, 0, 0, 'Dans les restaurants et salles à usage polyvalent sans équipement spécifique, des places de 80 x 130 cm peuvent être dégagées', 'Dans un restaurant et une salle à usage polyvalent sans équipement spécifique, des places de 80 cm x 130 cm ne peuvent pas être dégagées'),
(161, 10, '3_cr_assis_05', 3, 0, 0, 0, 'La hauteur d''une table aménagée est de 80 cm max (haut de table)', 'La hauteur d''une table aménagée est inférieure à 70 cm (bas de table)'),
(162, 10, '3_cr_assis_06', 3, 0, 0, 0, 'La hauteur d''une table aménagée est de 70 cm min (bas de table)', 'La hauteur d''une table aménagée est supérieure à 80 cm (haut de table)'),
(163, 10, '3_cr_assis_07', 3, 3, 3, 3, 'L''établissement recevant du public assis peut accueillir des personnes handicapées dans les mêmes conditions d''accès et d''utilisation que les personnes valides', 'L''établissement recevant du public assis ne peut pas accueillir des personnes handicapées dans les mêmes conditions d''accès et d''utilisation que les personnes valides'),
(164, 10, '3_cr_assis_08', 3, 3, 3, 3, 'Si la nature des prestations offertes présente des différences importantes selon l''endroit où est le public est admis, les places adaptées sont réparties en fonction des différentes catégories de places offertes au public ', 'Les prestations offertes présentent des différences importantes selon l''endroit où le public est admis et les places adaptées ne sont pas réparties en fonction des différentes catégories de places offertes au public'),
(165, 10, '3_cr_assis_09', 0, 3, 0, 0, 'Les salles de spectacles et de conférences possèdent des systèmes de transmission et d''amplification des sons pour les personnes malentendantes (boucles magnétiques, hautes fréquences, infrarouges).', 'Les salles de spectacle et de conférences ne possèdent pas de système de transmission et d''amplification des sons pour les personnes malentendantes (boucles magnétiques, hautes fréquences, infrarouges)'),
(166, 11, '3_cr_esc_01', 1, 0, 1, 0, 'L''escalier est de type escalier droit``', 'L''escalier n''est pas du type escalier droit``'),
(167, 11, '3_cr_esc_02', 1, 0, 0, 0, 'La largeur de l''escalier est >= 120 cm (entre les mains courantes)', 'La largeur de l''escalier est inférieure à 120 cm'),
(168, 11, '3_cr_esc_03', 1, 0, 0, 0, 'La largeur de l''escalier est >= 140 cm (entre les mains courantes)', 'La largeur de l''escalier est inférieure à 140 cm'),
(169, 11, '3_cr_esc_04', 0, 0, 2, 1, 'La partie sous l''escalier est visuellement contrastée', 'La partie sous l''escalier n''est pas visuellement contrastée'),
(170, 11, '3_cr_esc_05', 0, 0, 2, 0, 'La partie sous l''escalier présente un rappel tactile au sol', 'La partie sous l''escalier ne présente pas rappel tactile au sol'),
(171, 11, '3_cr_esc_06', 0, 0, 2, 1, 'Présence d''un revêtement de sol d''éveil de vigilance en haut de l''escalier', 'Absence d''un revêtement de sol d''éveil de vigilance en haut de l''escalier'),
(172, 11, '3_cr_esc_07', 0, 0, 2, 1, 'Le revêtement de sol d''éveil de vigilance en haut de l''escalier est une bande d''éveil de vigilance', 'Le revêtement de sol d''éveil de vigilance en haut de l''escalier n''est pas une bande d''éveil de vigilance'),
(173, 11, '3_cr_esc_08', 0, 0, 1, 1, 'Dans la mesure où le revêtement de sol d''éveil de vigilance en haut de l''escalier est une BEV, celle-ci répond à la norme NFP 98-351', 'La bande d''éveil de vigilance ne répond pas au norme NFP 98-351'),
(174, 11, '3_cr_esc_09', 0, 0, 2, 1, 'Le revêtement de sol d''éveil de vigilance est placé 50 cm avant la marche', 'Le revêtement de sol d''éveil de vigilance n''est pas placé 50 cm avant la marche'),
(175, 11, '3_cr_esc_10', 0, 0, 2, 1, 'Le revêtement de sol d''éveil de vigilance est visuellement contrasté', 'Le revêtement de sol d''éveil de vigilance n''est pas visuellement contrasté'),
(176, 11, '3_cr_esc_11', 0, 0, 2, 0, 'Le revêtement de sol d''éveil de vigilance est tactilement contrasté', 'Le revêtement de sol d''éveil de vigilance n''est pas tactilement contrasté'),
(177, 11, '3_cr_esc_12', 2, 0, 1, 0, 'Les marches ont une hauteur <= à 16 cm', 'La hauteur de marche est supérieure à 16 cm'),
(178, 11, '3_cr_esc_13', 1, 0, 2, 0, 'Toutes les marches de l''escalier ont la même hauteur', 'Toutes les marches de l''escalier n''ont pas la même hauteur'),
(179, 11, '3_cr_esc_14', 2, 0, 1, 0, 'Les girons ont une largeur >= à 28 cm', 'La largeur minimale du giron est inférieure à 28 cm'),
(180, 11, '3_cr_esc_15', 1, 0, 2, 0, 'Tous les girons ont la même largeur', 'Tous les girons n''ont pas la même largeur'),
(181, 11, '3_cr_esc_16', 1, 0, 2, 0, 'Il y a une contremarche à la marche du bas', 'Il n''y a pas de contre-marche à la marche du bas'),
(182, 11, '3_cr_esc_17', 1, 0, 2, 0, 'La contremarche de la marche du bas a une hauteur >= à 10 cm', 'La contremarche de la marche du bas a une hauteur inférieure à 10 cm'),
(183, 11, '3_cr_esc_18', 0, 0, 2, 1, 'Les nez de marches sont visuellement contrastés', 'Les nez de marches ne sont pas visuellement contrastés'),
(184, 11, '3_cr_esc_19', 2, 0, 1, 0, 'Les nez de marches sont non glissants', 'Les nez des marches sont glissants'),
(185, 11, '3_cr_esc_20', 1, 0, 1, 0, 'Les nez de marches ne présentent pas de débord excessif par rapport à la contremarche (1 cm )', 'Les nez de marches présentent un débord excessif par rapport à la contremarche'),
(186, 11, '3_cr_esc_21', 1, 0, 2, 0, 'Il y a une contremarche à la marche du haut', 'Il n''y a pas de contremarche à la marche du haut'),
(187, 11, '3_cr_esc_22', 1, 0, 2, 0, 'La contremarche de la marche du haut a une hauteur >= à 10 cm', 'La contremarche de la marche du haut a une hauteur inférieure à 10 cm'),
(188, 11, '3_cr_esc_23', 1, 0, 1, 0, 'La loi de Blondel est vérifiée (2×hauteur de marche + 1×giron est compris entre 60 et 64 cm)', 'La loi de Blondel n''est pas vérifiée'),
(189, 11, '3_cr_esc_24', 0, 0, 1, 0, 'Les volées de marches d''un même escalier ont le même nombre de marches', 'Les volées de marches d''un même escalier n''ont pas le même nombre de marches'),
(190, 11, '3_cr_esc_25', 3, 0, 2, 0, 'Présence d''une main courante à droite', 'Absence d''une main courante à droite'),
(191, 11, '3_cr_esc_26', 2, 0, 1, 0, 'La main courante droite est à une hauteur comprise entre 80 et 100 cm (à la verticale du nez de marche)', 'La main courante droite n''est pas à une hauteur comprise entre 80 cm et 110 cm'),
(192, 11, '3_cr_esc_27', 2, 0, 2, 0, 'La main courante droite se prolonge horizontalement d''une longueur de marche au-delà de la marche du bas', 'La main courante droite ne se prolonge pas horizontalement d''une longueur de marche au-delà de la marche du bas'),
(193, 11, '3_cr_esc_28', 2, 0, 2, 0, 'La main courante droite se prolonge horizontalement d''une longueur de marche au-delà de la marche du haut', 'La main courante droite ne se prolonge pas horizontalement d''une longueur de marche au-delà de la marche du haut'),
(194, 11, '3_cr_esc_29', 0, 0, 2, 0, 'Le prolongement d''une marche de la main courante droite ne crée pas d''obstacle à une circulation horizontale', 'Le prolongement d''une marche de la main courante droite crée un obstacle à une circulation horizontale'),
(195, 11, '3_cr_esc_30', 2, 0, 2, 0, 'La main courante droite est continue', 'La main courante droite n''est pas continue'),
(196, 11, '3_cr_esc_31', 2, 0, 1, 0, 'La main courante droite est rigide', 'La main courante droite n''est pas rigide'),
(197, 11, '3_cr_esc_32', 2, 0, 1, 0, 'La main courante droite est préhensible', 'La main courante droite n''est pas préhensible'),
(198, 11, '3_cr_esc_33', 0, 0, 1, 0, 'La main courante droite est visuellement contrastée par rapport à son support', 'La main courante droite n''est pas visuellement contrastée par rapport son support'),
(199, 11, '3_cr_esc_34', 3, 0, 2, 0, 'Présence d''une main courante à gauche', 'Absence d''une main courante à gauche'),
(200, 11, '3_cr_esc_35', 2, 0, 1, 0, 'La main courante gauche est à une hauteur comprise entre 80 et 100 cm (à la verticale du nez de marche)', 'La main courante gauche n''est pas à une hauteur comprise entre 80 cm et 110 cm'),
(201, 11, '3_cr_esc_36', 2, 0, 2, 0, 'La main courante gauche se prolonge horizontalement d''une longueur de marche au-delà de la marche du bas', 'La main courante gauche ne se prolonge pas horizontalement d''une longueur de marche au-delà de la marche du bas'),
(202, 11, '3_cr_esc_37', 2, 0, 2, 0, 'La main courante gauche se prolonge horizontalement d''une longueur de marche au-delà de la marche du haut', 'La main courante gauche ne se prolonge pas horizontalement d''une longueur de marche au-delà de la marche du haut'),
(203, 11, '3_cr_esc_38', 0, 0, 2, 0, 'Le prolongement d''une marche de la main courante gauche ne crée pas d''obstacle à une circulation horizontale', 'Le prolongement d''une marche de la main courante gauche crée un obstacle à une circulation horizontale'),
(204, 11, '3_cr_esc_39', 2, 0, 2, 0, 'La main courante gauche est continue', 'La main courante gauche n''est pas continue'),
(205, 11, '3_cr_esc_40', 2, 0, 1, 0, 'La main courante gauche est rigide', 'La main courante gauche n''est pas rigide'),
(206, 11, '3_cr_esc_41', 2, 0, 1, 0, 'La main courante gauche est préhensible', 'La main courante gauche n''est pas préhensible'),
(207, 11, '3_cr_esc_42', 0, 0, 1, 0, 'La main courante gauche est visuellement contrastée par rapport à son support', 'La main courante gauche n''est pas visuellement contrastée de son support'),
(208, 11, '3_cr_esc_43', 0, 1, 2, 0, 'L''éclairage est >= à 150 lux', 'L''éclairage est inférieur à 150 lux'),
(209, 11, '3_cr_esc_44', 1, 0, 0, 0, 'Présence d''une deuxième main courante située à une hauteur comprise entre 50 et 75 cm', 'Absence d''une deuxième main courante située à une hauteur comprise entre 50 et 75 cm'),
(210, 11, '3_cr_esc_45', 0, 0, 0, 0, 'La largeur de l''escalier est >= 100 cm (entre les mains courantes), le cas échéant, une seule main courante est exigée', 'La largeur de l''escalier est inférieure à 100 cm'),
(211, 11, '3_cr_esc_46', 0, 0, 0, 0, 'Les marches ont une hauteur <= à 17 cm', 'La hauteur de marche est supérieure à 17 cm'),
(212, 11, '3_qi_esc_01', 0, 0, 0, 0, 'Présence d''au moins une main courante', ''),
(213, 11, '3_qi_esc_02', 0, 0, 0, 0, 'L''escalier est situé dans un espace de circulation et la partie sous l''escalier n''est pas fermée', ''),
(214, 12, '3_cr_esc_ext_01', 1, 0, 1, 0, 'L''escalier est de type escalier droit``', 'L''escalier n''est pas du type escalier droit``'),
(215, 12, '3_cr_esc_ext_02', 1, 0, 0, 0, 'La largeur de l''escalier est >= 120 cm (entre les mains courantes)', 'La largeur de l''escalier est inférieure à 120 cm'),
(216, 12, '3_cr_esc_ext_03', 1, 0, 0, 0, 'La largeur de l''escalier est >= 140 cm (entre les mains courantes)', 'La largeur de l''escalier est inférieure à 140 cm'),
(217, 12, '3_cr_esc_ext_04', 0, 0, 2, 1, 'La partie sous l''escalier est visuellement contrastée', 'La partie sous l''escalier n''est pas visuellement contrastée'),
(218, 12, '3_cr_esc_ext_05', 0, 0, 2, 0, 'La partie sous l''escalier présente un rappel tactile au sol', 'La partie sous l''escalier ne présente pas rappel tactile au sol'),
(219, 12, '3_cr_esc_ext_06', 0, 0, 2, 1, 'Présence d''un revêtement de sol d''éveil de vigilance en haut de l''escalier', 'Absence d''un revêtement de sol d''éveil de vigilance en haut de l''escalier'),
(220, 12, '3_cr_esc_ext_07', 0, 0, 2, 1, 'Le revêtement de sol d''éveil de vigilance en haut de l''escalier est une bande d''éveil de vigilance', 'Le revêtement de sol d''éveil de vigilance en haut de l''escalier n''est pas une bande d''éveil de vigilance'),
(221, 12, '3_cr_esc_ext_08', 0, 0, 1, 1, 'Dans la mesure où le revêtement de sol d''éveil de vigilance en haut de l''escalier est une BEV, celle-ci répond à la norme NFP 98-351', 'La bande d''éveil de vigilance ne répond pas au norme NFP 98-351'),
(222, 12, '3_cr_esc_ext_09', 0, 0, 2, 1, 'Le revêtement de sol d''éveil de vigilance est placé 50 cm avant la marche', 'Le revêtement de sol d''éveil de vigilance n''est pas placé 50 cm avant la marche'),
(223, 12, '3_cr_esc_ext_10', 0, 0, 2, 1, 'Le revêtement de sol d''éveil de vigilance est visuellement contrasté', 'Le revêtement de sol d''éveil de vigilance n''est pas visuellement contrasté'),
(224, 12, '3_cr_esc_ext_11', 0, 0, 2, 0, 'Le revêtement de sol d''éveil de vigilance est tactilement contrasté', 'Le revêtement de sol d''éveil de vigilance n''est pas tactilement contrasté'),
(225, 12, '3_cr_esc_ext_12', 2, 0, 1, 0, 'Les marches ont une hauteur <= à 16 cm', 'La hauteur de marche est supérieure à 16 cm');
INSERT INTO `gevu_criteres` (`id_critere`, `id_type_controle`, `ref`, `handicateur_moteur`, `handicateur_auditif`, `handicateur_visuel`, `handicateur_cognitif`, `criteres`, `affirmation`) VALUES
(226, 12, '3_cr_esc_ext_13', 1, 0, 2, 0, 'Toutes les marches de l''escalier ont la même hauteur', 'Toutes les marches de l''escalier n''ont pas la même hauteur'),
(227, 12, '3_cr_esc_ext_14', 2, 0, 1, 0, 'Les girons ont une largeur >= à 28 cm', 'La taille minimale du giron est inférieure à 28 cm'),
(228, 12, '3_cr_esc_ext_15', 1, 0, 2, 0, 'Tous les girons ont la même taille', 'Tous les girons n''ont pas la même largeur'),
(229, 12, '3_cr_esc_ext_16', 1, 0, 2, 0, 'Il y a une contremarche à la marche du bas', 'Il n''y a pas de contre-marche à la marche du bas'),
(230, 12, '3_cr_esc_ext_17', 1, 0, 2, 0, 'La contremarche de la marche du bas a une hauteur >= à 10 cm', 'La contremarche de la marche du bas a une hauteur inférieure à 10 cm'),
(231, 12, '3_cr_esc_ext_18', 0, 0, 2, 1, 'Les nez de marches sont visuellement contrastés', 'Les nez de marches ne sont pas visuellement contrastés'),
(232, 12, '3_cr_esc_ext_19', 2, 0, 1, 0, 'Les nez de marches sont non glissants', 'Les nez des marches sont glissants'),
(233, 12, '3_cr_esc_ext_20', 1, 0, 1, 0, 'Les nez de marches ne présentent pas de débord excessif par rapport à la contremarche (1 cm )', 'Les nez de marches présentent un débord excessif par rapport à la contremarche'),
(234, 12, '3_cr_esc_ext_21', 1, 0, 2, 0, 'Il y a une contremarche à la marche du haut', 'Il n''y a pas de contremarche à la marche du haut'),
(235, 12, '3_cr_esc_ext_22', 1, 0, 2, 0, 'La contremarche de la marche du haut a une hauteur >= à 10 cm', 'La contremarche de la marche du haut a une hauteur inférieure à 10 cm'),
(236, 12, '3_cr_esc_ext_23', 1, 0, 1, 0, 'La loi de Blondel est vérifiée (2×hauteur de marche + 1×giron est compris entre 60 et 64 cm)', 'La loi de Blondel n''est pas vérifiée'),
(237, 12, '3_cr_esc_ext_24', 0, 0, 1, 0, 'Les volées de marches d''un même escalier ont le même nombre de marches', 'Les volées de marches d''un même escalier n''ont pas le même nombre de marches'),
(238, 12, '3_cr_esc_ext_25', 3, 0, 2, 0, 'Présence d''une main courante', 'Absence d''une main courante à droite'),
(239, 12, '3_cr_esc_ext_26', 2, 0, 1, 0, 'La main courante est à une hauteur comprise entre 80 et 100 cm (à la verticale du nez de marche)', 'La main courante droite n''est pas à une hauteur comprise entre 80 cm et 110 cm'),
(240, 12, '3_cr_esc_ext_27', 2, 0, 2, 0, 'La main courante se prolonge horizontalement d''une longueur de marche au-delà de la marche du bas', 'La main courante droite ne se prolonge pas horizontalement d''une longueur de marche au-delà de la marche du bas'),
(241, 12, '3_cr_esc_ext_28', 2, 0, 2, 0, 'La main courante se prolonge horizontalement d''une longueur de marche au-delà de la marche du haut', 'La main courante droite ne se prolonge pas horizontalement d''une longueur de marche au-delà de la marche du haut'),
(242, 12, '3_cr_esc_ext_29', 0, 0, 2, 0, 'Le prolongement d''une marche de la main courante ne crée pas d''obstacle à une circulation horizontale', 'Le prolongement d''une marche de la main courante droite crée un obstacle à une circulation horizontale'),
(243, 12, '3_cr_esc_ext_30', 2, 0, 2, 0, 'La main courante est continue', 'La main courante droite n''est pas continue'),
(244, 12, '3_cr_esc_ext_31', 2, 0, 1, 0, 'La main courante est rigide', 'La main courante droite n''est pas rigide'),
(245, 12, '3_cr_esc_ext_32', 2, 0, 1, 0, 'La main courante est préhensible', 'La main courante droite n''est pas préhensible'),
(246, 12, '3_cr_esc_ext_33', 0, 0, 1, 0, 'La main courante est visuellement contrastée par rapport à son support', 'La main courante droite n''est pas visuellement contrastée par rapport son support'),
(247, 12, '3_cr_esc_ext_34', 0, 1, 2, 0, 'L''éclairage est >= à 150 lux', 'L''éclairage est inférieur à 150 lux'),
(248, 12, '3_cr_esc_ext_35', 1, 0, 0, 0, 'Présence d''une deuxième main courante située à une hauteur comprise entre 50 et 75 cm', 'Absence d''une deuxième main courante située à une hauteur comprise entre 50 et 75 cm'),
(249, 12, '3_qi_esc_ext_01', 0, 0, 0, 0, 'L''escalier est situé dans un espace de circulation et la partie sous l''escalier n''est pas fermée', ''),
(250, 13, '3_cr_esc_meca_01', 1, 0, 1, 1, 'L''escalier ou le dispositif mobile est repérable', 'L''escalier ou le dispositif mobile n''est pas repérable'),
(251, 13, '3_cr_esc_meca_02', 2, 0, 0, 0, 'L''escalier ou le dispositif mobile est utilisable', 'L''escalier ou le dispositif mobile n''est pas utilisable'),
(252, 13, '3_cr_esc_meca_03', 3, 0, 0, 0, 'Il existe un autre cheminement par ascenseur ou par un dispositif non mobile', 'Il n''existe pas d''autre cheminement par ascenseur ou par un dispositif non mobile'),
(253, 13, '3_cr_esc_meca_04', 2, 1, 1, 1, 'Une signalisation visible indique l''ascenseur ou le dispositif non mobile aménagé', 'Il existe un autre cheminement par ascenseur ou par un dispositif non mobile, mais aucune signalisation visible ne l''indique'),
(254, 13, '3_cr_esc_meca_05', 2, 1, 1, 1, 'Une signalisation lisible indique l''ascenseur ou le dispositif non mobile aménagé', 'Il existe un autre cheminement par ascenseur ou par un dispositif non mobile, mais aucune signalisation lisible ne l''indique'),
(255, 13, '3_cr_esc_meca_06', 2, 1, 1, 1, 'Une signalisation compréhensible indique l''ascenseur ou le dispositif non mobile', 'Il existe un autre cheminement par ascenseur ou par un dispositif non mobile, mais aucune signalisation compréhensible ne l''indique'),
(256, 13, '3_cr_esc_meca_07', 3, 0, 2, 0, 'Présence d''une main courante à droite accompagnant le déplacement', 'Absence d''une main courante à droite accompagnant le déplacement'),
(257, 13, '3_cr_esc_meca_08', 3, 0, 2, 0, 'Présence d''une main courante à gauche accompagnant le déplacement', 'Absence d''une main courante à gauche accompagnant le déplacement'),
(258, 13, '3_cr_esc_meca_09', 2, 0, 2, 0, 'La main courante gauche dépasse d''au moins 30 cm la zone de départ', 'La main courante gauche ne dépasse pas d''au moins 30 cm de la zone de départ'),
(259, 13, '3_cr_esc_meca_10', 2, 0, 2, 0, 'La main courante droite dépasse d''au moins 30 cm la zone de départ', 'La main courante gauche ne dépasse pas d''au moins 30 cm de la zone d''arrivée'),
(260, 13, '3_cr_esc_meca_11', 2, 0, 2, 0, 'La main courante gauche dépasse d''au moins 30 cm la zone d''arrivée', 'La main courante droite ne dépasse pas d''au moins 30 cm de la zone de départ'),
(261, 13, '3_cr_esc_meca_12', 2, 0, 2, 0, 'La main courante droite dépasse d''au moins 30 cm la zone d''arrivée', 'La main courante droite ne dépasse pas d''au moins 30 cm de la zone d''arrivée'),
(262, 13, '3_cr_esc_meca_13', 1, 0, 2, 1, 'La zone de départ est mise en évidence par un contraste de couleur ou de lumière', 'La zone de départ n''est pas mise en évidence par un contraste de couleur ou de lumière'),
(263, 13, '3_cr_esc_meca_14', 1, 0, 2, 1, 'La zone d''arrivée est mise en évidence par un contraste de couleur ou de lumière', 'La zone d''arrivée n''est pas mise en évidence par un contraste de couleur ou de lumière'),
(264, 13, '3_cr_esc_meca_15', 0, 0, 1, 1, 'La commande d''arrêt d''urgence est facilement repérable', 'La commande d''arrêt d''urgence n''est pas facilement repérable'),
(265, 13, '3_cr_esc_meca_16', 2, 0, 0, 0, 'La commande d''arrêt d''urgence est facilement atteignable', 'La commande d''arrêt d''urgence n''est pas facilement accessible'),
(266, 13, '3_cr_esc_meca_17', 2, 0, 0, 0, 'La commande d''arrêt d''urgence est manœuvrable en position debout', 'La commande d''arrêt d''urgence n''est pas manœuvrable en position «debout»'),
(267, 13, '3_cr_esc_meca_18', 2, 0, 0, 0, 'La commande d''arrêt d''urgence est manœuvrable en position assis', 'La commande d''arrêt d''urgence n''est pas manœuvrable en position «assis»'),
(268, 13, '3_cr_esc_meca_19', 0, 0, 2, 1, 'Un signal tactile et/ou sonore permet de détecter l''arrivée sur la partie fixe ', 'Il n''y a pas de signal tactile et/ou sonore permettant de détecter l''arrivée sur la partie fixe'),
(269, 13, '3_cr_esc_meca_20', 0, 0, 2, 0, 'L''éclairage est >= à 150 lux', 'L''éclairage est inférieur à 150 lux'),
(270, 14, '3_cr_face_po_01', 0, 0, 2, 0, 'La porte est de couleur contrastée avec la paroi de son support', 'La porte n''est pas de couleur contrastée avec la paroi de son support'),
(271, 14, '3_cr_face_po_02', 2, 0, 0, 0, 'L''extrémité de la poignée de porte est à une distance >= 40 cm d''un angle rentrant de paroi ou de tout autre obstacle à l''approche d''un fauteuil roulant', 'L''extrémité de la poignée de porte est à une distance inférieure à 40 cm d''un angle rentrant de paroi ou d''un obstacle'),
(272, 14, '3_cr_face_po_03', 2, 0, 0, 0, 'La poignée est préhensible et manœuvrable facilement', 'La poignée n''est pas préhensible et manœuvrable facilement'),
(273, 14, '3_cr_face_po_04', 2, 0, 0, 0, 'La poignée est située à une hauteur comprise entre 90 et 130 cm', 'La poignée n''est pas située à une hauteur comprise entre 90 et 130 cm'),
(274, 14, '3_cr_face_po_05', 0, 0, 2, 0, 'La poignée est de couleur contrastant avec la porte', 'La poignée n''est pas de couleur contrastant avec la porte'),
(275, 14, '3_cr_face_po_06', 1, 0, 0, 0, 'Présence d''une protection de bas de porte', 'Absence d''une protection de bas de porte'),
(276, 15, '3_cr_asc_01', 2, 0, 0, 0, 'Présence d''un palier de 140 cm de longueur devant la porte d''ascenseur', 'Il n''y a pas de palier de 140 cm de longueur devant la porte d''ascenseur'),
(277, 15, '3_cr_asc_02', 0, 0, 1, 0, 'Le revêtement de sol au niveau du palier devant l''ascenseur est repérable (visuellement et tactilement)', 'Le revêtement de sol au niveau du palier devant l''ascenseur n''est pas repérable (visuellement et tactilement)'),
(278, 15, '3_cr_asc_03', 0, 0, 1, 1, 'Les commandes palières sont repérables (visuellement et tactilement)', 'Les commandes palières ne sont pas repérables (visuellement et tactilement)'),
(279, 15, '3_cr_asc_04', 3, 0, 0, 0, 'Les commandes palières sont utilisables (présence d''un espace d''usage 80x130 cm)', 'Les commandes palières ne sont pas utilisables (faute d''espace d''usage aux dimensions réglementaires)'),
(280, 15, '3_cr_asc_05', 2, 0, 0, 0, 'Les commandes palières sont à une hauteur comprise entre 90 et 110 cm', 'Les commandes palières ne sont pas à une hauteur comprise entre 90 cm et 110 cm'),
(281, 15, '3_cr_asc_06', 2, 0, 0, 0, 'Les commandes palières sont à plus de 50 cm d''un angle rentrant ou d''un obstacle à l''approche d''un UFR', 'Les commandes palières sont à moins de 50 cm d''un angle rentrant ou d''un obstacle'),
(282, 15, '3_cr_asc_07', 0, 1, 1, 1, 'Les commandes palières possèdent un témoin d''activation visuel et sonore', 'Les commandes palières ne possèdent pas de témoin d''activation visuel et sonore'),
(283, 15, '3_cr_asc_08', 0, 0, 0, 1, 'Présence de deux flèches précisant le sens de mouvement de la cabine (situées entre 180 et 250 cm de hauteur)', 'Absence de flèches précisant le sens de mouvement de la cabine situées entre 180 cm et 250 cm de hauteur'),
(284, 15, '3_cr_asc_09', 0, 0, 1, 0, 'Les flèches ont une hauteur d''au moins 4 cm', 'Les flèches ont une hauteur inférieure à 4 cm'),
(285, 15, '3_cr_asc_10', 0, 0, 1, 1, 'Présence de signaux sonores différents indiquant la montée et la descente', 'Absence de signaux sonores différents indiquant la montée et la descente'),
(286, 15, '3_cr_asc_11', 0, 0, 1, 1, 'Un signal sonore prévient du début d''ouverture des portes (sauf si le bruit de la porte est > 45 dB)', 'Aucun signal sonore ne prévient du début d''ouverture des portes'),
(287, 15, '3_cr_asc_12', 2, 0, 0, 0, 'La temporisation des portes permet le passage d''un UFR', 'La temporisation des portes ne permet pas le passage d''un UFR'),
(288, 15, '3_cr_asc_13', 1, 0, 0, 0, 'Les portes de l''ascenseur sont coulissantes', 'Les portes de l''ascenseur ne sont pas coulissantes'),
(289, 15, '3_cr_asc_14', 3, 0, 0, 0, 'L''entrée de l''ascenseur a une largeur de passage minimale de 80 cm', 'L''entrée de l''ascenseur a une largeur inférieure à 80 cm'),
(290, 15, '3_cr_asc_15', 3, 0, 1, 0, 'La précision de nivelage de la cabine est de 2 cm max par rapport au niveau du sol de l''étage', 'La précision de nivelage de la cabine est supérieure à 2 cm par rapport au niveau du sol de l''étage'),
(291, 16, '3_cr_pente_01', 2, 0, 1, 0, 'Sur le cheminement le devers est inférieur à 2%', 'Sur le cheminement le devers est supérieur à 2 %'),
(292, 16, '3_cr_pente_02', 1, 0, 1, 0, 'En cheminement courant, il est souhaitable que la valeur du dévers ne dépasse pas 1%', 'En cheminement courant, le devers dépasse 1 %'),
(293, 16, '3_cr_pente_03', 3, 0, 1, 0, 'Pente inférieure ou égale 5 %', 'La pente est supérieure à 5 %'),
(294, 16, '3_cr_pente_04', 3, 0, 1, 0, 'Exceptionnellement, pente comprise entre 5 et 8 % sur une longueur maxi de 200 cm (en cas d''impossibilité technique)', 'La pente est supérieure à 8 % sur une longueur maxi de 200 cm'),
(295, 16, '3_cr_pente_05', 3, 0, 1, 0, 'Exceptionnellement, pente comprise entre 8 et 10 % sur une longueur maxi de 50 cm (en cas d''impossibilité technique)', 'La pente est supérieure à 10 % sur une longueur maxi de 50 cm'),
(296, 16, '3_cr_pente_06', 3, 0, 1, 0, 'Exceptionnellement, la pente peut atteindre 12 % sur une longueur de 50 cm (en cas d''impossibilité technique)', 'La pente est supérieure à 12 % sur une longueur maxi de 50 cm'),
(297, 16, '3_cr_pente_07', 2, 0, 1, 0, 'Si pente >= 4%, alors présence d''un palier de repos tous les 10 m', 'La pente est supérieure à 4 % mais il n''y a pas de palier de repos tous les 10 m'),
(298, 16, '3_cr_pente_08', 2, 0, 1, 0, 'Présence d''un palier de repos en haut de chaque plan incliné quelle que soit sa longueur', 'Absence d''un palier de repos en haut de chaque plan incliné quelle que soit sa longueur'),
(299, 16, '3_cr_pente_09', 2, 0, 1, 0, 'Présence d''un palier de repos en bas de chaque plan incliné quelle que soit sa longueur', 'Absence d''un palier de repos en bas de chaque plan incliné quelle que soit sa longueur'),
(300, 16, '3_cr_pente_10', 2, 0, 1, 0, 'Présence d''un palier de repos tous les 10 m dès qu''une pente supérieure à 2% est aménagée sur une longue distance', 'La pente est supérieure à 2 % mais il n''y a pas de palier de repos tous les 10 m alors que la pente est aménagée sur une longue distance'),
(301, 16, '3_cr_pente_11', 2, 0, 1, 0, 'Présence d''un palier de repos à chaque changement de direction supérieurs à 45° en cas de cheminement en pente', 'Absence d''un palier de repos à chaque changement de direction supérieure à 45° en cas de cheminement de pente'),
(302, 16, '3_cr_pente_12', 2, 0, 1, 0, 'Les paliers de repos sont horizontaux', 'Les paliers de repos ne sont pas horizontaux'),
(303, 16, '3_cr_pente_13', 3, 0, 0, 0, 'Les paliers de repos horizontaux ont une longueur minimale de 140 cm', 'Les paliers de repos ont une longueur inférieure à 140 cm'),
(304, 16, '3_cr_pente_14', 3, 0, 0, 0, 'Les paliers de repos sont horizontaux et rectangulaires de dimension minimale de 120 cm sur 140 cm', 'Les paliers horizontaux et rectangulaires ont une dimension inférieure à 120 cm × 140 cm'),
(305, 16, '3_cr_pente_15', 2, 0, 2, 0, 'Présence de barrières munies de mains courantes situées à une hauteur comprise entre 80 et 100 cm le long des pentes > à 4%', 'Absence d''une main courante située à une hauteur comprise entre 80 et 100 cm le long des pentes > à 4%'),
(306, 16, '3_cr_pente_16', 1, 0, 1, 0, 'Les barrières comportent un élément bas continu (dont la discontinuité ne dépasse pas 40 cm). Cet élément est situé à une hauteur de 40 cm maxi', 'Les barrières ne comportent pas d''élément bas continu détectable à la canne'),
(307, 16, '3_cr_pente_17', 1, 0, 0, 0, 'Présence d''une seconde main courante située à une hauteur comprise entre 50 et 75 cm le long des pentes > à 4%', 'Absence d''une seconde main courante située à une hauteur comprise entre 50 et 75 cm le long des pentes > à 4%'),
(308, 16, '3_cr_pente_18', 1, 0, 1, 0, 'Les mains courantes dépassent le plan incliné sur une longueur minimale de 30 cm ', 'Les mains courantes ne dépassent pas le plan incliné sur une longueur minimale de 30 cm'),
(309, 16, '3_cr_pente_19', 2, 0, 0, 0, 'Si un ressaut ne peut pas être évité alors ce dernier est arrondi ou muni de chanfrein', 'Un ressaut ne peut pas être évité mais il n''est pas arrondi ou muni d''un chanfrein'),
(310, 16, '3_cr_pente_20', 3, 0, 1, 0, 'Le ressaut a une hauteur maximale de 2 cm', 'Le ressaut a une hauteur supérieure à 2 cm'),
(311, 16, '3_cr_pente_21', 3, 0, 0, 0, 'Le ressaut peut atteindre 4 cm, lorsqu''il est aménagé en chanfrein à 1 /3', 'Le ressaut de 4 cm n''est pas aménagé en chanfrein à 1/3'),
(312, 16, '3_cr_pente_22', 1, 0, 2, 1, 'Marquage des ressauts par un contraste visuel par la couleur ou l''éclairage', 'Absence de marquage des ressauts par un contraste visuel par la couleur ou l''éclairage'),
(313, 16, '3_cr_pente_23', 2, 0, 1, 0, 'La distance minimale entre 2 ressauts est de 250 cm', 'La distance entre 2 ressauts est inférieure à 250 cm'),
(314, 16, '3_cr_pente_24', 2, 0, 1, 0, 'Absence de pentes comportant des ressauts successifs (pas d''âne)', 'Présence de pentes comportant des ressauts successifs (pas d''âne)'),
(315, 16, '3_cr_pente_25', 0, 0, 0, 0, 'Sur le cheminement le devers est inférieur à 3%', 'Sur le cheminement le devers est supérieur à 3 %'),
(316, 16, '3_cr_pente_26', 0, 0, 0, 0, 'Pente inférieure ou égale 6%', 'La pente est supérieure à 6 %'),
(317, 16, '3_cr_pente_27', 0, 0, 0, 0, 'Exceptionnellement, pente comprise entre 6 et 10 % sur une longueur maxi de 200 cm (en cas d''impossibilité technique)', 'La pente est supérieure à 10 % sur une longueur maxi de 200 cm'),
(318, 16, '3_cr_pente_28', 0, 0, 0, 0, 'Exceptionnellement, pente comprise entre 10 et 12 % sur une longueur maxi de 50 cm ', 'La pente est supérieure à 12 % sur une longueur maxi de 50 cm'),
(319, 16, '3_qi_pente_01', 0, 0, 0, 0, 'Le cheminement est horizontal', ''),
(320, 16, '3_qi_pente_02', 0, 0, 0, 0, 'Le cheminement est sans ressauts', ''),
(321, 17, '3_cr_gig_01', 1, 0, 0, 0, 'La place est horizontale (pente et dévers sont inférieurs à 2%)', 'La place n''est pas horizontale, la pente et/ou le devers est supérieur à 2 %'),
(322, 17, '3_cr_gig_02', 2, 0, 1, 0, 'Largeur de la place >= à 330 cm', 'La largeur de la place est inférieure à 330 cm'),
(323, 17, '3_cr_gig_03', 2, 0, 1, 0, 'Largeur de la place >= à 350 cm', 'La largeur de la place est inférieure à 350 cm'),
(324, 17, '3_cr_gig_04', 2, 0, 1, 0, 'Présence d''une bande latérale de 80 cm de large', 'Absence d''une bande latérale de 80 cm'),
(325, 17, '3_cr_gig_05', 2, 0, 1, 0, 'Présence d''une bande latérale de 100 cm de large', 'Absence d''une bande latérale de 100 cm'),
(326, 17, '3_cr_gig_06', 2, 0, 1, 0, 'Présence d''une bande latérale libre de tout obstacle', 'Absence d''une bande latérale libre de tout obstacle'),
(327, 17, '3_cr_gig_07', 2, 0, 1, 0, 'Présence d''une bande latérale protégée de la circulation automobile', 'Absence d''une bande latérale protégée de la circulation automobile'),
(328, 17, '3_cr_gig_08', 2, 0, 1, 0, 'Présence d''une bande latérale reliée par un cheminement principal à l''entrée du lieu de travail', 'Absence d''une bande latérale reliée par un cheminement principal à l''entrée du lieu de travail'),
(329, 17, '3_cr_gig_09', 2, 0, 0, 0, 'La place permet la sortie par l''arrière du véhicule (dégagement de 350 cm protégé de la circulation)', 'La place ne permet pas la sortie par l''arrière du véhicule (dégagement de 350 cm protégé de la circulation)'),
(330, 17, '3_cr_gig_10', 1, 0, 0, 0, 'Largeur de la place >= à 450 cm', 'La place ne permet pas la sortie simultanée des deux côtés du véhicule (largeur minimum de 450 cm)'),
(331, 17, '3_cr_gig_11', 2, 0, 1, 0, 'La place est reliée au cheminement aménagé', 'La place n''est pas reliée au cheminement aménagé'),
(332, 17, '3_cr_gig_12', 2, 0, 1, 0, 'Il n''y a pas de ressaut > 2 cm entre la place et le cheminement', 'Il y a un (ou des) ressaut(s) de plus de 2 cm entre la place et le cheminement'),
(333, 17, '3_cr_gig_13', 1, 0, 0, 0, 'Le cheminement est horizontal (pente et dévers inférieurs à 2%) sur une longueur minimale de 140 cm à partir de la place', 'Le cheminement n''est pas horizontal (le devers est supérieur à 2 %) sur une longueur minimale de 140 cm à partir de la place'),
(334, 17, '3_cr_gig_14', 1, 1, 1, 1, 'Présence d''un marquage au sol', 'Absence d''un marquage au sol'),
(335, 17, '3_cr_gig_15', 1, 1, 1, 1, 'Présence d''une signalisation verticale', 'Absence d''une signalisation verticale'),
(336, 17, '3_cr_gig_16', 1, 1, 1, 1, 'Utilisation du symbole international pour signaler la place', 'La place n''est pas signaler à l''aide du symbole international'),
(337, 17, '3_cr_gig_17', 1, 1, 1, 1, 'Le panneau de signalisation mentionne le rappel de l''amende due en cas de non respect', 'Le panneau de signalisation ne mentionne pas le rappel de l''amende due en cas de non respect'),
(338, 17, '3_cr_gig_18', 2, 0, 1, 0, 'La place est située à proximité de l''entrée, du hall ou de l''ascenseur', 'La place n''est pas située à proximités de l''entrée, du hall ou de l''ascenseur'),
(339, 17, '3_qi_gig_01', 0, 0, 0, 0, 'présence d''une bande latérale de dégagement', ''),
(340, 18, '3_cr_po_01', 2, 0, 0, 0, 'La largeur de la porte est supérieure ou égale 140 cm', 'Le local reçoit plus de 100 personnes mais la largeur de la porte est inférieure à 140 cm'),
(341, 18, '3_cr_po_02', 2, 0, 0, 0, 'La largeur du vantail le plus couramment utilisé est supérieure ou égale à 90 cm', 'Le local reçoit plus de 100 personnes et la porte se compose de plusieurs vantaux mais la largeur du vantail le plus couramment utilisé est inférieure à 90 cm'),
(342, 18, '3_cr_po_03', 2, 0, 0, 0, 'La largeur d''un des vantaux est supérieure ou égale 80 cm', 'Le local reçoit moins de 100 personnes et la porte se compose de plusieurs vantaux mais la largeur du vantail le plus utilisé est inférieure à 80 cm'),
(343, 18, '3_cr_po_04', 2, 0, 0, 0, 'La largeur de la porte est supérieure ou égale à 90 cm', 'Le local reçoit moins de 100 personnes mais la largeur de la porte est inférieure à 90 cm'),
(344, 18, '3_cr_po_05', 2, 0, 0, 0, 'La largeur minimale d''une porte est de 80 cm si elle ne dessert qu''une seule pièce de moins de 30 m²', 'La porte dessert une seule pièce de moins de 30m² mais la largeur de la porte est inférieure à 80 cm'),
(345, 18, '3_cr_po_06', 1, 0, 0, 0, 'La largeur de passage est supérieure ou égale à 160 cm pour les portes d''accès à des locaux très fréquentés', 'La porte dessert un (ou des) local(aux) très fréquenté(s) et la largeur de la porte est inférieure à 160 cm'),
(346, 18, '3_cr_po_07', 2, 0, 0, 0, 'La largeur des portiques de sécurité est supérieure ou égale 80 cm', 'Le local reçoit plus de 100 personnes mais la largeur des portiques de sécurité est inférieure à 80 cm'),
(347, 18, '3_cr_po_08', 2, 0, 1, 0, 'Absence d''obstacle à l''ouverture de la porte', 'Présence d''un obstacle à l''ouverture de la porte'),
(348, 18, '3_cr_po_09', 2, 0, 0, 0, 'Dans tous les cas, la largeur de passage utile est supérieure ou égale à 90 cm', 'La largeur du passage utile est inférieure à 90 cm'),
(349, 18, '3_cr_po_10', 3, 0, 0, 0, 'Présence d''un espace de manœuvre devant la porte (sauf celle donnant sur un escalier)', 'Absence d''un espace de manœuvre devant les portes'),
(350, 18, '3_cr_po_11', 2, 0, 0, 0, 'L''espace de manœuvre mesure 120 x 170 cm (poussant)', 'L''espace de manœuvre ne mesure pas 120 cm x 170 cm (poussant)'),
(351, 18, '3_cr_po_12', 2, 0, 0, 0, 'L''espace de manœuvre mesure 120 x 220 cm (tirant)', 'L''espace de manœuvre ne mesure pas 120 cm x 220 cm (tirant)'),
(352, 18, '3_cr_po_13', 2, 0, 0, 0, 'L''espace de manœuvre mesure 120 x 220 cm (intérieur au sas)', 'Dans le cas de sas, l''espace de manœuvre ne mesure pas 120 cm x 220 cm (intérieur au sas)'),
(353, 18, '3_cr_po_14', 2, 0, 0, 0, 'L''espace de manœuvre 120 x 170 cm (extérieur au sas)', 'Dans le cas de sas, l''espace de manœuvre ne mesure pas 120 cm x 170 cm (extérieur au sas)'),
(354, 18, '3_cr_po_15', 2, 0, 0, 0, 'L''effort pour ouvrir la porte est inférieur ou égal 50N', 'L''effort pour ouvrir la porte est supérieur à 50 N'),
(355, 18, '3_cr_po_16', 1, 0, 1, 0, 'La porte est à ouverture automatique (en particulier aux entrées principales)', 'Le système d''ouverture ou de fermeture de la porte n''est pas automatique'),
(356, 18, '3_cr_po_17', 1, 0, 1, 0, 'La temporisation du système d''ouverture automatique permet le passage', 'La temporisation du système d''ouverture automatique ne permet pas le passage'),
(357, 18, '3_cr_po_18', 1, 0, 1, 0, 'Le système d''ouverture automatique de porte peut s''effectuer dans les 2 sens, ou par coulissement', 'Le système d''ouverture automatique de porte ne s''effectue pas dans les deux et pas par coulissement'),
(358, 18, '3_cr_po_19', 1, 0, 0, 0, 'Le système d''ouverture automatique peut détecter une personne de toute taille ', 'Le système d''ouverture automatique ne permet pas de détecter une personne quelque soit sa taille'),
(359, 18, '3_cr_po_20', 0, 0, 2, 0, 'Le déverrouillage s''il existe est signalé par un signal sonore', 'La porte est équipée d''un système d''ouverture électrique mais le déverrouillage n''est pas sonore'),
(360, 18, '3_cr_po_21', 0, 2, 0, 0, 'Le déverrouillage s''il existe est signalé par un signal lumineux', 'La porte est équipée d''un système d''ouverture électrique mais le déverrouillage n''est pas lumineux'),
(361, 18, '3_cr_po_22', 1, 1, 1, 1, 'Les personnes en difficulté peuvent se signaler à l''accueil', 'Il existe un dispositif lié à la sécurité ou à la sureté mais une personne en difficulté ne peut pas se signaler à l''accueil'),
(362, 18, '3_cr_po_23', 3, 2, 2, 1, 'S''il existe un dispositif d''entrée ou sortie non accessible (porte, sas, portique) alors une porte adaptée existe à proximité', 'Pour des raisons de sécurité ou de sureté, il existe un dispositif d''entrée ou de sortie non accessible (porte, sas, portique) mais aucune porte adaptée n''existe à proximité'),
(363, 18, '3_cr_po_24', 2, 1, 2, 2, 'Les personnes en difficulté peuvent repérer la porte adaptée', 'Il existe un dispositif lié à la sécurité ou à la sureté mais les personnes en difficulté ne peuvent pas repérer la porte adaptée'),
(364, 18, '3_cr_po_25', 1, 0, 2, 1, 'La porte comporte des motifs de repérage sur la partie vitrée', 'La porte présente une partie vitrée importante cependant elle n''est pas repérable par une personne malvoyante ou de petite taille'),
(365, 18, '3_cr_po_26', 2, 0, 2, 0, 'Les motifs de repérage sont disposés sur la porte à l''intérieur de deux bandes horizontales d''une largeur de 5 cm, situées respectivement à 110 cm et 160 cm de hauteur.', 'La porte vitrée ne présente pas de motifs de repérage à l''intérieur de deux bandes horizontales d''une largeur de 5 cm situées respectivement à 110 cm et 160 cm de hauteur'),
(366, 18, '3_cr_po_27', 3, 0, 1, 0, 'Absence de portes de type tourniquet (parcs et espaces verts)', 'Présence de portes de type tourniquet (parcs et espaces verts)'),
(367, 18, '3_cr_po_28', 2, 0, 0, 0, 'La serrure est située à plus de 30 cm d''un angle rentrant de parois ou de tout autre obstacle à l''approche d''un fauteuil roulant', 'La serrure n''est pas située à plus de 30 cm d''un angle rentrant de parois ou de tout autre obstacle à l''approche d''un fauteuil roulant'),
(368, 18, '3_cr_po_29', 2, 0, 0, 0, 'Le verrou est aisément manipulable', 'Le verrou n''est pas aisément manipulable'),
(369, 18, '3_cr_po_30', 2, 0, 0, 0, 'La serrure (ou le verrou) est située à une hauteur comprise entre 90 et 130 cm', 'La serrure (ou le verrou) n''est pas située à une hauteur comprise entre 90 et 130 cm'),
(370, 18, '3_cr_po_31', 2, 0, 2, 0, 'Les éventuelles portes battantes comporte une surface vitrée sur la majorité de leur hauteur', 'Les éventuelles portes battantes ne comporte pas une surface vitrée sur la majorité de leur hauteur'),
(371, 18, '3_cr_po_32', 0, 0, 0, 0, 'La largeur de la porte est supérieure ou égale 80 cm', 'Le local reçoit moins de 100 personnes mais la largeur de la porte est inférieure à 80 cm'),
(372, 18, '3_qi_po_01', 0, 0, 0, 0, 'Le local (ou la zone) peut recevoir plus de 100 personnes', ''),
(373, 18, '3_qi_po_01', 0, 0, 0, 0, 'Le local (ou la zone) peut recevoir plus de 100 personnes', ''),
(374, 18, '3_qi_po_02', 0, 0, 0, 0, 'La porte se compose de plusieurs vantaux (sauf en cas des portes automatiques)', ''),
(375, 18, '3_qi_po_03', 0, 0, 0, 0, 'La porte dessert un sas', ''),
(376, 18, '3_qi_po_04', 0, 0, 0, 0, 'La porte présente une partie vitrée importante (30% et +)', ''),
(377, 18, '3_qi_po_05', 0, 0, 0, 0, 'La porte est équipée d''un système d''ouverture électrique', ''),
(378, 18, '3_qi_po_06', 0, 0, 0, 0, 'La porte est équipée d''un dispositif liée à la sécurité ou à la sûreté', ''),
(379, 18, '3_qi_po_07', 0, 0, 0, 0, 'La porte est équipée d''une serrure ou d''un verrou', ''),
(380, 19, '3_cr_po_sec_01', 2, 0, 0, 0, 'La largeur de la porte de secours est >= 90 cm ', 'La largeur de la porte de secours est inférieure à 90 cm'),
(381, 19, '3_cr_po_sec_02', 2, 0, 1, 0, 'Absence d''obstacle à l''ouverture de la porte (y compris obstacle temporaire)', 'Présence d''un obstacle à l''ouverture de la porte'),
(382, 19, '3_cr_po_sec_03', 2, 0, 0, 0, 'L''espace de manœuvre mesure 120 x 170 cm (poussant) ', 'L''espace de manœuvre ne mesure pas 120 cm x 170 cm (poussant)'),
(383, 19, '3_cr_po_sec_04', 2, 0, 0, 0, 'Le dispositif d''ouverture de la porte est situé à une hauteur comprise entre 90 et 130 cm', 'Le dispositif d''ouverture de la porte n''est pas situé à une hauteur comprise entre 90 et 130 cm'),
(384, 19, '3_cr_po_sec_05', 2, 0, 0, 0, 'Le dispositif d''ouverture de la porte est manœuvrable', 'Le dispositif d''ouverture de la porte n''est pas manœuvrable'),
(385, 19, '3_cr_po_sec_06', 2, 0, 0, 0, 'L''effort pour ouvrir la porte de secours est inférieur ou égal 50N ', 'L''effort pour ouvrir la porte est supérieur à 50 N'),
(386, 19, '3_cr_po_sec_07', 1, 1, 2, 2, 'La porte de secours est indiquée de manière adaptée (visible, lisible et compréhensible)', 'La porte de secours est indiquée de manière adaptée (visible, lisible et compréhensible)'),
(387, 20, '2_qi_quai_ext_02', 0, 0, 0, 0, 'Hauteur du quai', NULL),
(388, 20, '3_cr_quai_ext_01', 0, 0, 1, 1, 'Présence d''une bande d''éveil de vigilance tout au long du quai', 'Absence d''une bande d''éveil et de vigilance tout au long du quai'),
(389, 20, '3_cr_quai_ext_02', 0, 0, 1, 1, 'Présence de revêtement d''éveil de vigilance signalant les extrémités du quai', 'Absence de revêtement d''éveil et de vigilance signalant les extrémités du quai'),
(390, 20, '3_cr_quai_ext_03', 0, 0, 1, 0, 'La bande d''éveil de vigilance mesure 42 cm de large', 'La bande d''éveil et de vigilance ne mesure pas 42 cm de large'),
(391, 20, '3_cr_quai_ext_04', 0, 0, 1, 0, 'La bande d''éveil de vigilance est situé à 50 cm du bord du quai', 'La bande d''éveil et de vigilance n''est pas située à 50 cm du bord du quai'),
(392, 20, '3_cr_quai_ext_05', 0, 0, 1, 1, 'La bande d''éveil de vigilance est visuellement contrastée par rapport à son environnement', 'La bande d''éveil et de vigilance n''est pas visuellement contrastée par rapport à son environnement'),
(393, 20, '3_cr_quai_ext_06', 1, 0, 0, 0, 'Présence de sièges et d''appui assis-debout sur l''ensemble des quais', 'Absence de sièges et d''appui assis-debout sur l''ensemble des quais'),
(394, 20, '3_cr_quai_ext_07', 0, 0, 2, 0, 'Toute installation ou mobilier est détectable à la canne', 'Toute les installations ou mobiliers ne sont pas détectables à la canne'),
(395, 20, '3_cr_quai_ext_08', 0, 1, 2, 0, 'Intensité de l''éclairage est > à 20 lux', 'L''intensité de l''éclairage est inférieure à 20 lux'),
(396, 20, '3_cr_quai_ext_09', 0, 1, 2, 0, 'Intensité de l''éclairage des zones découvertes est > à 50 lux', 'L''intensité de l''éclairage des zones découvertes est inférieure à 50 lux'),
(397, 20, '3_cr_quai_ext_10', 0, 1, 2, 0, 'Intensité de l''éclairage des zones couvertes est > à 100 lux', 'L''intensité de l''éclairage des zones couvertes est inférieure à 100 lux'),
(398, 20, '3_cr_quai_ext_11', 0, 1, 2, 0, 'Intensité de l''éclairage des zones d''attentes assises est > à 150 lux', 'L''intensité de l''éclairage des zones d''attentes assises est inférieure à 150 lux'),
(399, 20, '3_qi_quai_ext_01', 0, 0, 0, 0, 'Présence d''une bande d''éveil de vigilance sur le quai', ''),
(400, 21, '3_cr_quai_in_01', 0, 0, 1, 1, 'Présence d''une bande d''éveil de vigilance tout au long du quai', 'Absence d''une bande d''éveil et de vigilance tout au long du quai'),
(401, 21, '3_cr_quai_in_02', 0, 0, 1, 1, 'Présence de revêtement d''éveil de vigilance signalant les extrémités du quai', 'Absence de revêtement d''éveil et de vigilance signalant les extrémités du quai'),
(402, 21, '3_cr_quai_in_03', 0, 0, 1, 0, 'La bande d''éveil de vigilance mesure 42 cm de large', 'La bande d''éveil et de vigilance ne mesure pas 45 cm de large (doc SNCF)'),
(403, 21, '3_cr_quai_in_04', 0, 0, 1, 0, 'La bande d''éveil de vigilance est situé à 50 cm du bord du quai', 'La bande d''éveil et de vigilance n''est pas située à 45 cm du bord du quai (doc SNCF)'),
(404, 21, '3_cr_quai_in_05', 0, 0, 1, 1, 'La bande d''éveil de vigilance est visuellement contrastée par rapport à son environnement', 'La bande d''éveil et de vigilance n''est pas visuellement contrastée par rapport à son environnement'),
(405, 21, '3_cr_quai_in_06', 1, 0, 0, 0, 'Présence de sièges et d''appui assis-debout sur l''ensemble des quais', 'Absence de sièges et d''appui assis-debout sur l''ensemble des quais'),
(406, 21, '3_cr_quai_in_07', 0, 0, 2, 0, 'Toute installation ou mobilier est détectable à la canne', 'Toutes les installations ou mobiliers ne sont pas détectables à la canne'),
(407, 21, '3_cr_quai_in_08', 0, 1, 2, 0, 'Intensité de l''éclairage est > à 100 lux', 'L''intensité de l''éclairage est inférieure à 100 lux'),
(408, 21, '3_cr_quai_in_09', 0, 1, 2, 0, 'Intensité moyenne de l''éclairage est > à 120 lux', 'L''intensité moyenne de l''éclairage est inférieure à 120 lux'),
(409, 21, '3_cr_quai_in_10', 0, 1, 2, 0, 'Intensité de l''éclairage des zones d''attentes est > à 250 lux', 'L''intensité de l''éclairage des zones d''attentes est inférieure à 250 lux'),
(410, 21, '3_cr_quai_in_11', 0, 1, 2, 1, 'Intensité de l''éclairage > à 250 lux pour signaler les sorties', 'L''intensité de l''éclairage est inférieure à 250 lux pour signaler les sorties'),
(411, 21, '3_qi_quai_in_01', 0, 0, 0, 0, 'Présence d''une bande d''éveil de vigilance sur le quai', ''),
(412, 22, '3_cr_san_01', 2, 0, 0, 0, 'Dans le lieu de travail, il y a au moins un cabinet d''aisance aménagé et un lavabo aménagé placé à proximité', 'Il n''y a ni WC aménagé ni de lavabo aménagé situé à proximité'),
(413, 22, '3_cr_san_02', 2, 0, 0, 0, 'Chaque niveau avec des sanitaires pour le public comporte au moins un cabinet d''aisance aménagé pour les personnes en fauteuil et un lavabo aménagé', 'Chaque niveau avec des sanitaires pour le public ne comporte pas de cabinet d''aisance aménagé pour les personnes en fauteuil et/ou pas de lavabo à proximité'),
(414, 22, '3_cr_san_03', 1, 0, 0, 0, 'Les cabinet d''aisance aménagés sont installés au même emplacement que les autres lorsque ceux-ci sont regroupés', 'Les cabinets d''aisance publics sont regroupés mais les cabinets d''aisance aménagés ne sont pas installés au même emplacement'),
(415, 22, '3_cr_san_04', 1, 0, 0, 0, 'Si les cabinets d''aisance sont séparés pour chaque sexe alors un cabinet d''aisance accessible est aménagé pour chaque sexe', 'Les cabinets d''aisance sont séparés pour chaque sexe mais il n''y a pas de cabinet d''aisance aménagé pour chaque sexe'),
(416, 22, '3_cr_san_05', 2, 0, 0, 0, 'Il y a au moins un lavabo aménagé par groupe (avec miroir, distributeur de savon, sèche mains)', 'Il n''y a pas de lavabo aménagé par groupe (avec miroir, distributeur de savon, sèche mains)'),
(417, 22, '3_cr_san_06', 2, 0, 0, 0, 'La hauteur du lavabo aménagé est de 80 cm max', 'La hauteur du lavabo aménagé est supérieure à 80 cm'),
(418, 22, '3_cr_san_07', 2, 0, 0, 0, 'Le lavabo aménagé comporte un vide au niveau des jambes d''au moins 30 cm de profondeur', 'Le lavabo aménagé ne comporte pas de vide au niveau des jambes d''au moins 30 cm de profondeur'),
(419, 22, '3_cr_san_08', 2, 0, 0, 0, 'Le lavabo aménagé comporte un vide au niveau des jambes d''au moins 60 cm de largeur', 'Le lavabo aménagé ne possède pas de vide au niveau des jambes d''au moins 60 cm de large'),
(420, 22, '3_cr_san_09', 2, 0, 0, 0, 'Le lavabo aménagé possède un vide au niveau des jambes d''au moins 70 cm de haut', 'Le lavabo aménagé ne possède pas de vide au niveau des jambes d''au moins 70 cm de haut'),
(421, 22, '3_cr_san_10', 2, 0, 1, 0, 'Les robinets sont à déclenchement automatique', 'Les robinets ne sont pas à déclenchement automatique'),
(422, 22, '3_cr_san_11', 1, 0, 0, 0, 'L''inclinaison du miroir est variable', 'L''inclinaison du miroir n''est pas variable'),
(423, 22, '3_cr_san_12', 1, 0, 0, 0, 'Si les urinoirs sont disposés en batterie, ils sont positionnés à des hauteurs différentes ', 'Les urinoirs sont disposés en batterie mais ne sont pas positionnés à des hauteurs différentes'),
(424, 22, '3_cr_san_13', 0, 0, 2, 0, 'L''éclairage est de 100 lux minimum', 'L''éclairage est inférieur à 100 lux'),
(425, 23, '3_cr_sign_01', 1, 2, 2, 2, 'Les informations sont regroupées', 'Les informations ne sont pas regroupées'),
(426, 23, '3_cr_sign_02', 0, 0, 2, 1, 'Le support de l''information est contrasté', 'Le support de l''information n''est pas contrasté'),
(427, 23, '3_cr_sign_03', 2, 0, 0, 0, 'Le support permet une vision et une lecture en position assis``', 'Le support ne permet pas une vision et une lecture en position « assis »'),
(428, 23, '3_cr_sign_04', 2, 0, 0, 0, 'Le support permet une vision et une lecture en position debout``', 'Le support ne permet pas une vision et une lecture en position « debout »'),
(429, 23, '3_cr_sign_05', 1, 1, 3, 1, 'Le support de l''information ne présente pas de reflet ou de contre-jour lié à sa nature, sa position ou à son orientation', 'Le support de l''information présente des reflets ou des contre-jours liés à sa nature, sa position et/ou son orientation'),
(430, 23, '3_cr_sign_06', 2, 0, 2, 0, 'Le support d''information est situé à une hauteur inférieure à 220 cm', 'Le support est situé à une hauteur supérieure à 220 cm'),
(431, 23, '3_cr_sign_07', 0, 0, 3, 0, 'Une personne peut s''approcher à moins de 100 cm du support d''information', 'Le support est situé à une hauteur inférieure à 220 cm mais une personne ne peut pas s''en approcher à moins de 100 cm'),
(432, 23, '3_cr_sign_08', 1, 0, 2, 0, 'Le support d''information est situé à une hauteur comprise entre 90 et 130 cm', 'Le support d''information n''est pas situé à une hauteur comprise entre 90 et 130 cm'),
(433, 23, '3_cr_sign_09', 0, 0, 2, 2, 'La forme du support est une information en soi', 'La forme du support n''est pas une information en soi'),
(434, 23, '3_cr_sign_10', 0, 0, 2, 0, 'Les informations sur le support sont fortement contrastées', 'Les informations sur le support ne sont pas fortement contrastées'),
(435, 23, '3_cr_sign_11', 1, 2, 3, 0, 'Dans la mesure où les informations sur le support sont des éléments de signalisation et d''informations relatifs à l''orientation, les caractères écrits ont une hauteur > à 1,5 cm', 'Les informations sur le support sont des éléments de signalisation et d''information relatifs à l''orientation, les caractères écrits ont une hauteur inférieure à 1,5 cm'),
(436, 23, '3_cr_sign_12', 1, 2, 3, 0, 'Sinon, les caractères écrits ont une hauteur > à 0,45 cm', 'Les caractères écrits ont une hauteur inférieure à 0,45 cm'),
(437, 23, '3_cr_sign_13', 0, 0, 2, 0, 'Les caractères sont en reliefs', 'Les caractères ne sont pas en relief'),
(438, 23, '3_cr_sign_14', 0, 0, 2, 0, 'Il existe une version écrite en braille des informations', 'Il n''existe pas de version écrite en braille des informations'),
(439, 23, '3_cr_sign_15', 0, 0, 1, 3, 'La signalisation utilise, autant que possible, des icônes ou des pictogrammes', 'La signalisation ne présente pas d''icône ou de pictogramme'),
(440, 23, '3_cr_sign_16', 0, 0, 1, 2, 'Les icônes ou pictogrammes sont normalisés', 'Les icônes ou les pictogrammes ne sont pas normalisés'),
(441, 23, '3_cr_sign_17', 0, 2, 1, 1, 'Dans le cas d''une annonce sonore à caractère générale, celle-ci est précédée par un jingle`"', 'Dans le cas d''une annonce sonore à caractère général, celle-ci n''est pas précédée d''un « jingle »'),
(442, 23, '3_cr_sign_18', 0, 0, 1, 2, 'Identification des fonctions dans le bâtiment par un système de couleur (exemple : administration en rouge, et renseignements en vert)', 'Il n''existe pas d''identification (des espaces ou des fonctions) dans le bâtiment par un système de couleur'),
(443, 23, '3_cr_sign_19', 0, 0, 2, 0, 'Les pièces sont identifiées par des étiquettes présentant des informations en relief et contrastées toujours placées aux mêmes endroits (dans un bâtiment)', 'Les pièces ne sont pas identifiées par des étiquettes présentant des informations en relief et contrastées toujours placées aux mêmes endroits (dans un bâtiment)'),
(444, 23, '3_cr_sign_20', 0, 2, 0, 0, 'S''il existe un point d''affichage instantané toutes les informations sonores y sont reportées ', 'Il existe un point d''affichage instantané mais toutes les informations sonores n''y sont pas reportées'),
(445, 24, '2_cr_sol_ext_12', 1, 0, 2, 1, 'Les parois vitrées sur et en bordure de cheminement sont repérables pour tous à l''aide d''éléments visuellement contrastés', 'La (les) parois vitrée(s) sur et en bordure de cheminement n''est (ne sont) pas repérable(s) pour tous à l''aide d''élément(s) visuel(s) contrasté(s)'),
(446, 24, '3_cr_sol_ext_01', 2, 0, 1, 0, 'Le sol ou le revêtement est non meuble', 'Le sol ou le revêtement est meuble'),
(447, 24, '3_cr_sol_ext_02', 2, 0, 1, 0, 'Le sol ou le revêtement est non glissant', 'Le sol ou le revêtement est glissant'),
(448, 24, '3_cr_sol_ext_03', 0, 0, 2, 0, 'Le sol ou le revêtement est non réfléchissant', 'Le sol ou le revêtement est réfléchissant'),
(449, 24, '3_cr_sol_ext_04', 2, 0, 0, 0, 'Le sol ou le revêtement est sans obstacle à la roue', 'Le sol ou le revêtement comporte des obstacles à la roue'),
(450, 24, '3_cr_sol_ext_05', 2, 0, 1, 0, 'Les trous ou fentes ont un diamètre ou une largeur inférieure à 2 cm', 'Les trous ou fentes ont un diamètre ou une largeur supérieure à 2 cm'),
(451, 24, '3_cr_sol_ext_06', 2, 0, 0, 0, 'Les éventuelles fentes (grilles, etc...) sont positionnées perpendiculairement au cheminement', 'Les fentes (grilles, etc&#8230;) ne sont pas positionnées perpendiculairement au cheminement '),
(452, 24, '3_cr_sol_ext_07', 0, 0, 1, 0, 'Les revêtements de sols ne créent pas de gêne visuelle', 'Les revêtements de sol créent une gêne visuelle'),
(453, 24, '3_cr_sol_ext_08', 0, 1, 1, 0, 'Les revêtements de sols ne créent pas de gêne sonore ', 'Les revêtements de sol créent une gêne sonore'),
(454, 24, '3_cr_sol_ext_09', 0, 0, 2, 0, 'Dans la mesure où il existe un obstacle suspendu, il doit laisser un passage libre de 220 cm de haut', 'Il existe un obstacle suspendu ne laissant pas un passage libre de 220 cm de haut'),
(455, 24, '3_cr_sol_ext_10', 1, 0, 2, 1, 'Dans la mesure où il existe un obstacle sur le cheminement ou en saillie de plus de 15 cm sur le cheminement, il est visuellement contrastés par rapport à l''environnement immédiat et comporte un rappel tactile ou un prolongement au sol', 'Il existe un (des) obstacle(s) sur le cheminement ou en saillie de plus de 15 cm, mais il(s) n''est (ne sont) pas visuellement contrasté(s) par rapport à son environnement immédiat et ne comporte(nt) pas de rappel tactile ou de prolongement au sol'),
(456, 24, '3_cr_sol_ext_11', 0, 0, 2, 1, 'Tous les obstacles sont visuellement contrasté', 'Le ou les obstacles ne sont pas visuellement contrastés'),
(457, 24, '3_cr_sol_ext_12', 1, 0, 2, 1, 'Les parois vitrées sur et en bordure de cheminement sont repérables pour tous à l''aide d''éléments visuellement contrastés', 'La (les) parois vitrée(s) sur et en bordure de cheminement n''est (ne sont) pas repérable(s) pour tous à l''aide d''élément(s) visuel(s) contrasté(s)'),
(458, 24, '3_qi_sol_ext_01', 0, 0, 0, 0, 'Présence d''un obstacle suspendu ou en saillie', ''),
(459, 25, '3_cr_sol_01', 2, 0, 1, 0, 'Le sol ou le revêtement est non meuble', 'Le sol ou le revêtement est meuble'),
(460, 25, '3_cr_sol_02', 2, 0, 1, 0, 'Le sol ou le revêtement est non glissant', 'Le sol ou le revêtement glissant'),
(461, 25, '3_cr_sol_03', 0, 0, 2, 0, 'Le sol ou le revêtement est non réfléchissant', 'Le sol ou le revêtement est réfléchissant'),
(462, 25, '3_cr_sol_04', 2, 0, 0, 0, 'Le sol ou le revêtement est sans obstacle à la roue', 'Le sol ou le revêtement présente un (ou des) obstacle(s) à la roue'),
(463, 25, '3_cr_sol_05', 2, 0, 1, 0, 'Les trous ou fentes ont un diamètre ou une largeur inférieure à 2 cm', 'Le (ou les) trou(s) ou fente(s) ont un diamètre ou une largeur supérieure à 2 cm'),
(464, 25, '3_cr_sol_06', 2, 0, 0, 0, 'Les éventuelles fentes (grilles, etc...) sont positionnées perpendiculairement au cheminement', 'La (ou les) fente(s) (et grilles, etc&#8230;) ne sont pas positionné(es) perpendiculairement au cheminement'),
(465, 25, '3_cr_sol_07', 0, 0, 1, 0, 'Les revêtements de sols ne créent pas de gêne visuelle', 'Le revêtement de sol crée une gêne visuelle'),
(466, 25, '3_cr_sol_08', 0, 1, 1, 0, 'Les revêtements de sols ne créent pas de gêne ou sonore', 'Le revêtement de sol crée une gêne sonore'),
(467, 25, '3_cr_sol_09', 3, 0, 1, 0, 'Les tapis fixes situés au sol sont durs et sans ressaut >= à 2 cm', 'Le (ou les) tapis fixe(s) situé(s) au sol, est (sont) mou(s) et présente(nt) un ressaut supérieur ou égal à 2 cm'),
(468, 25, '3_cr_sol_10', 2, 0, 1, 0, 'La largeur minimale de cheminement est de 140 cm, libre de tout obstacle', 'La largeur minimale du cheminement est inférieure à 140 cm, libre de tout obstacle'),
(469, 25, '3_cr_sol_11', 2, 0, 1, 0, 'Lorsqu''un rétrécissement ponctuel ne peut être évité, la largeur du cheminement reste > à 120 cm', 'Un rétrécissement du cheminement ne peut être évité, mais la largeur du cheminement est inférieure à 120 cm'),
(470, 25, '3_cr_sol_12', 2, 0, 1, 0, 'La largeur de cheminement est > à 160 cm, libre de tout obstacle', 'La largeur minimale du cheminement est inférieure à 160 cm, libre de tout obstacle'),
(471, 25, '3_cr_sol_13', 0, 0, 2, 0, 'L''obstacle laisse un passage libre de 220 cm de hauteur (200 cm dans les parkings souterrains)', 'Il existe un (ou des) obstacle(s) suspendu(s), il(s) ne laisse(nt) pas un passage libre de 220 cm de haut (et 200 cm dans les parkings)'),
(472, 25, '3_cr_sol_14', 1, 0, 2, 1, 'L''obstacle sur le cheminement ou en saillie de plus de 15 cm sur le cheminement, est visuellement contrasté par rapport à l''environnement immédiat et comporte un rappel tactile ou un prolongement au sol', 'Il existe un (ou des) obstacle(s) sur le cheminement en saillie de plus de 15cm sur le cheminement, il(s) n''est (ne sont) pas visuellement contrasté(s) par rapport à l''environnement immédiat et/ou ne comporte(nt) pas de rappel tactile ou de prolongement au sol'),
(473, 25, '3_cr_sol_15', 0, 0, 2, 1, 'Tous les obstacles sont visuellement contrastés', 'Les obstacles ne sont pas visuellement contrastés'),
(474, 25, '3_cr_sol_16', 1, 0, 2, 1, 'Les parois vitrées sur et en bordure de cheminement sont repérables pour tous à l''aide d''éléments visuellement contrastés', 'La (ou les) parois vitré(es) sur et en bordure de cheminement n''est (sont) pas repérable(s) par tous, faute d''éléments visuellement contrastés'),
(475, 25, '3_cr_sol_17', 2, 0, 1, 0, 'Présence d''une main courante comprise entre 90 et 110 cm de haut le long des murs (et notamment dans les couloirs)', 'Absence d''une main courante située à une hauteur comprise entre 90 cm et 110 cm de haut le long des murs'),
(476, 25, '3_cr_sol_18', 1, 0, 0, 0, 'La main courante répond aux critères réglementaires de préhension, de contraste...', 'La main courante ne répond pas aux critères réglementaires de préhension (diamètre entre 3 et 3,5cm), de contraste &#8230;'),
(477, 25, '3_cr_sol_19', 0, 0, 1, 0, 'La main courante présente des informations en relief susceptibles d''orienter les déplacements ', 'La main courante ne présente pas d''information en relief susceptible d''orienter les déplacements'),
(478, 25, '3_cr_sol_20', 0, 0, 2, 1, 'Présence d''un guide tactile et visuellement contrasté au sol', 'Absence d''un guide tactile et visuellement contrasté au sol'),
(479, 25, '3_cr_sol_21', 0, 0, 1, 2, 'Le guide au sol est doublé avec une signalétique en pictogramme', 'Le guide au sol n''est pas doublé par une signalétique avec un pictogramme');
INSERT INTO `gevu_criteres` (`id_critere`, `id_type_controle`, `ref`, `handicateur_moteur`, `handicateur_auditif`, `handicateur_visuel`, `handicateur_cognitif`, `criteres`, `affirmation`) VALUES
(480, 25, '3_cr_sol_22', 0, 1, 0, 0, 'Les zones d''accueil et d''attente du public et salles de restauration respectent la norme relative à l''aire d''absorption (NF EN ISO 11 654)', 'La zone d''accueil et d''attente du public ou la salle de restauration ne respecte pas la norme relative à l''aire d''absorption (NF EN ISO 11654)'),
(481, 25, '3_cr_sol_23', 1, 1, 2, 1, 'Signalisation visible en chaque point du cheminement où un choix d''itinéraire est donné à l''usager', 'La signalisation n''est pas visible en chaque point du cheminement aménagé où un choix d''itinéraire est donné à l''usager'),
(482, 25, '3_cr_sol_24', 1, 1, 2, 0, 'Signalisation lisible en chaque point du cheminement où un choix d''itinéraire est donné à l''usager', 'La signalisation n''est pas lisible en chaque point du cheminement aménagé où un choix d''itinéraire est donné à l''usager'),
(483, 25, '3_cr_sol_25', 1, 1, 1, 1, 'Signalisation compréhensible en chaque point du cheminement où un choix d''itinéraire est donné à l''usager', 'La signalisation n''est pas compréhensible en chaque point du cheminement aménagé où un choix d''itinéraire est donné à l''usager'),
(484, 25, '3_cr_sol_26', 0, 0, 1, 0, 'Présence d''un cheminement aménagé tactilement contrasté par rapport à l''environnement', 'Absence de contraste tactile du cheminement aménagé par rapport à l''environnement'),
(485, 25, '3_cr_sol_27', 0, 0, 1, 1, 'Présence d''un cheminement aménagé visuellement contrasté par rapport à l''environnement.', 'Absence de contraste visuel du cheminement aménagé par rapport à l''environnement'),
(486, 25, '3_cr_sol_28', 0, 0, 2, 1, 'Sinon, présence d''un repère tactile continu pour le guidage à la canne et visuellement contrasté par rapport à son environnement', 'Le cheminement n''est ni visuellement, ni tactilement contrasté et ne présente pas de repère tactile continu et visuellement contrasté par rapport à son environnement pour le guidage'),
(487, 25, '3_cr_sol_29', 0, 1, 2, 0, 'Le cheminement aménagé permet à une personne déficiente visuelle ou auditive de se localiser, s''orienter et atteindre le bâtiment', 'Le cheminement aménagé ne permet pas à une personne déficiente visuelle ou auditive de se localiser, s''orienter et atteindre le bâtiment'),
(488, 25, '3_cr_sol_30', 0, 0, 0, 3, 'Le cheminement aménagé permet à une personne déficiente cognitive de s''orienter', 'Le cheminement aménagé ne permet pas à une personne déficiente cognitive de s''orienter '),
(489, 25, '3_qi_sol_01', 0, 0, 0, 0, 'Présence d''un obstacle suspendu ou en saillie', ''),
(490, 25, '3_qi_sol_02', 0, 0, 0, 0, 'L''espace intérieur audité est caractérisé par de grands volumes où des circulations longues et /ou multiples se présentent (halls d''établissements de grande taille, halls d''exposition, grandes gares)', ''),
(491, 26, '3_cr_sor_01', 1, 1, 2, 2, 'La sortie est repérable en tout point où le public est admis par une signalisation visible, lisible et compréhensible', 'La sortie n''est pas repérable en tout point où le public est admis faute d''une signalétique aménagée'),
(492, 26, '3_cr_sor_02', 2, 1, 1, 1, 'La sortie est atteignable (sans obstacle majeur)', 'La sortie n''est pas atteignable'),
(493, 26, '3_cr_sor_03', 2, 1, 2, 2, 'La sortie est utilisable (sans problème majeur de préhension, de commandes...)', 'La sortie n''est pas utilisable (en raison d''un problème majeur de préhension, de commandes, etc...)'),
(494, 26, '3_cr_sor_04', 0, 0, 1, 2, 'La signalisation indiquant la sortie ne présente pas de risque de confusion avec le repérage des issues de secours', 'La signalisation indiquant la sortie présente un risque de confusion avec le repérage des issues de secours'),
(495, 27, '3_cr_voirie_bus_01', 0, 0, 0, 0, 'L''emplacement d''arrêt est situé à une hauteur adaptée aux matériels roulants', 'L''emplacement d''arrêt n''est pas situé à une hauteur adaptée aux matériels roulants'),
(496, 27, '3_cr_voirie_bus_02', 0, 0, 0, 0, 'Présence d''un cheminement sans obstacle donnant accès à l''aire d''attente depuis le trottoir', 'Absence d''un cheminement sans obstacle donnant accès à l''aire d''attente depuis le trottoir'),
(497, 27, '3_cr_voirie_bus_03', 0, 0, 0, 0, 'Il existe un passage >= 90 cm sans obstacle entre le nez de bordure et l''abri', 'Un abri est présent pour les voyageurs, mais il n''existe pas de passage supérieur à 90 cm sans obstacle entre le nez de bordure et l''abri'),
(498, 27, '3_cr_voirie_bus_04', 0, 0, 0, 0, 'Il existe un passage >= 120 cm sans obstacle entre le nez de bordure et l''abri', 'Un abri est présent pour les voyageurs, mais il n''existe pas de passage supérieur à 120 cm sans obstacle entre le nez de bordure et l''abri'),
(499, 27, '3_cr_voirie_bus_05', 0, 0, 0, 0, 'Si impossibilité de passage du côté du cadre bâti alors il existe un passage >= 140 cm sans obstacle entre le nez de bordure et l''abri', 'Il existe un abri pour les voyageurs sans possibilité de passage du côté du cadre bâti, mais il n''y a pas de passage supérieur à 140 cm sans obstacle entre le nez de bordure et l''abri'),
(500, 27, '3_cr_voirie_bus_06', 0, 0, 0, 0, 'Présence d''un espace de manoeuvre de 150 cm de Ø au droit du dispositif d''aide à l''embarquement', 'Absence d''un espace de manœuvre de 150 cm de Ø au droit du dispositif d''aide à l''embarquement'),
(501, 27, '3_cr_voirie_bus_07', 0, 0, 0, 0, 'En milieu urbain, sauf impossibilité technique, l''arrêt de bus est aménagé en alignement ou en avancée', 'L''arrêt de bus n''est pas aménagé en alignement ou en avancée'),
(502, 27, '3_cr_voirie_bus_08', 0, 0, 0, 0, 'Les lignes de transport et leur destination sont indiquées à l''arrêt desservi', 'Les lignes de transport et leur destination ne sont pas indiquées à l''arrêt desservi'),
(503, 27, '3_cr_voirie_bus_09', 0, 0, 0, 0, 'Les lignes de transport et leur destination sont signalées par un moyen sonore et tactile à l''arrêt desservi', 'Les lignes de transport et leur destination ne sont pas signalées par un moyen sonore et tactile à l''arrêt desservi'),
(504, 27, '3_cr_voirie_bus_10', 0, 0, 0, 0, 'Le nom, la lettre ou le numéro identifiant la ligne est indiqué en caractères de couleur contrastée d''une hauteur sup à 12 cm', 'Le nom, la lettre ou le numéro identifiant la ligne n''est pas indiqué en caractères de couleur contrastée d''une hauteur supérieure à 12 cm'),
(505, 27, '3_cr_voirie_bus_11', 0, 0, 0, 0, 'Le nom du point d''arrêt peut être lu perpendiculairement à l''axe de la chaussée', 'Le nom du point d''arrêt ne peut pas être lu perpendiculairement à l''axe de la chaussée'),
(506, 27, '3_cr_voirie_bus_12', 0, 0, 0, 0, 'Le nom du point d''arrêt commence par une majuscule suivie de minuscules, il est composé de caractères d''au moins 8 cm de hauteur et de couleur contrastée par rapport au fond', 'Le nom du point d''arrêt ne commence pas par une majuscule suivie de minuscules et/ou n''est pas composé de caractères d''au moins 8 cm de hauteur de couleur contrastée par rapport au fond'),
(507, 27, '3_cr_voirie_bus_13', 0, 0, 0, 0, 'Si l''arrêt est surélevé de plus de 26 cm par rapport à la chaussée alors présence d''une bande d''éveil de vigilance sur toute la longueur de l''arrêt', 'L''arrêt de bus est surélevé de plus de 26 cm par rapport à la chaussée mais il n''existe pas de bande d''éveil et de vigilance sur toute la longueur de l''arrêt'),
(508, 27, '3_qi_voirie_bus_01', 0, 0, 0, 0, 'Présence d''un abri pour voyageurs', NULL),
(509, 28, '3_cr_voirie_chem_01', 0, 0, 0, 0, 'Le sol n''est pas meuble', 'Le sol est meuble'),
(510, 28, '3_cr_voirie_chem_02', 0, 0, 0, 0, 'Le revêtement n''est pas glissant', 'Le revêtement de sol est glissant'),
(511, 28, '3_cr_voirie_chem_03', 0, 0, 0, 0, 'Le cheminement ne comporte pas d''obstacle au sol', 'Le cheminement comporte un (ou des) obstacle(s) au sol'),
(512, 28, '3_cr_voirie_chem_04', 0, 0, 0, 0, 'Les obstacles en porte-à-faux laissent un passage libre >= 220 cm de haut', 'Il existe sur le cheminement un (ou des) obstacle(s) en porte-à-faux qui laisse(nt) un passage libre inférieur à 220 cm de haut'),
(513, 28, '3_cr_voirie_chem_05', 0, 0, 0, 0, 'Les obstacles en saillie latérale de plus de 15 cm laissant un passage libre inf à 220 cm de hauteur sont rappelés par un élément bas installé au max à 40 cm du sol ou par une surépaisseur au sol d''au moins 3 cm', 'Il existe sur le cheminement un (ou des) obstacle(s) en saillie latérale de plus de 15 cm qui ne laisse(nt) pas un passage libre supérieur à 220 cm de hauteur, mais il(s) n''est (ne sont) pas rappelé(s) par un élément bas installé au max à 40 cm du sol ou par une surépaisseur au sol d''au moins 3 cm'),
(514, 28, '3_cr_voirie_chem_06', 0, 0, 0, 0, 'Présence d''un guide tactilement et visuellement contrasté le long du cheminement', 'Absence d''un guide tactilement et visuellement contrasté le long du cheminement'),
(515, 28, '3_cr_voirie_chem_07', 0, 0, 0, 0, 'La largeur du cheminement est >= à 140 cm sans obstacle', 'La largeur du cheminement est inférieure à 140 cm'),
(516, 28, '3_cr_voirie_chem_08', 0, 0, 0, 0, 'Si absence de murs et d''obstacles de part et d''autre du cheminement alors sa largeur est >= à 120 cm', 'Il n''y a ni mur, ni obstacles de part et d''autre du cheminement mais la largeur du cheminement est inférieure à 120 cm'),
(517, 28, '3_cr_voirie_chem_09', 0, 0, 0, 0, 'Présence d''un garde-corps le long de la rupture de niveau', 'Il existe une rupture de niveau de plus de 40 cm mais il n''existe pas de garde-corps le long de la rupture de niveau'),
(518, 28, '3_cr_voirie_chem_10', 0, 0, 0, 0, 'Le garde au corps est contrasté par rapport à l''environnement, plein et continu jusqu''au sol', 'Le garde au corps n''est pas contrasté par rapport à l''environnement, plein et continu jusqu''au sol'),
(519, 28, '3_cr_voirie_chem_11', 0, 0, 0, 0, 'L''éclairage et le choix des matériaux permettent aux usagers de repérer les zones de cheminement et les zones de conflit', 'L''éclairage et/ou le choix des matériaux ne permette(nt) pas aux usagers de repérer les zones de cheminement et les zones de conflit'),
(520, 28, '3_qi_voirie_chem_01', 0, 0, 0, 0, 'Le cheminement comporte un (des) obstacle(s) en saillie ou en porte à faux', ''),
(521, 28, '3_qi_voirie_chem_02', 0, 0, 0, 0, 'Présence le long du cheminement d''une rupture de niveau de plus de 40 cm de hauteur', ''),
(522, 29, '3_cr_voirie_equip_01', 0, 0, 0, 0, 'Les trous ou fentes dans le sol résultant de la présence d''équipements ont un diamètre ou une largeur inférieure à 2 cm', 'Les trous ou fentes dans le sol résultant de la présence d''équipements ont une largeur ou un diamètre supérieur à 2 cm'),
(523, 29, '3_cr_voirie_equip_02', 0, 0, 0, 0, 'Tout mobilier urbain sur le cheminement comporte une partie contrastée', 'Le (ou les) mobilier(s) urbain(s) sur le cheminement ne comporte(nt) pas une partie contrastée'),
(524, 29, '3_cr_voirie_equip_03', 0, 0, 0, 0, 'La partie contrastée est constituée d''une bande >= à 10 cm de hauteur', 'La partie contrastée du mobilier urbain n''est pas constituée d''une bande supérieure ou égale à 10 cm de hauteur'),
(525, 29, '3_cr_voirie_equip_04', 0, 0, 0, 0, 'La bande contrastée est située à une hauteur comprise entre 120 et 140 cm (cette hauteur peut-être adaptée si le mobilier mesure moins de 130 cm)', 'La bande contrastée n''est pas située à une hauteur comprise entre 120 et 140 cm (cette hauteur peut-être adaptée si le mobilier mesure moins de 130 cm)'),
(526, 29, '3_cr_voirie_equip_05', 0, 0, 0, 0, 'La bande contrastée couvre au moins un tiers de la largeur des faces', 'La bande contrastée ne couvre pas le tiers de la largeur des faces'),
(527, 29, '3_cr_voirie_equip_06', 0, 0, 0, 0, 'Tout mobilier urbain sur poteaux ou sur pieds sans passage libre d''au moins 220 cm de hauteur comporte un élément bas situé à l''aplomb des parties surélevées', 'Le (ou les) mobilier(s) urbain(s) sur poteaux ou sur pieds sans passage libre d''au moins 220 cm de hauteur ne comporte(nt) pas un élément bas situé à l''aplomb des parties surélevées'),
(528, 29, '3_cr_voirie_equip_07', 0, 0, 0, 0, 'Cet élément bas est situé au maximum à 40 cm du sol', 'L''élément bas situé à l?aplomb des parties surélevées n''est pas situé à moins de 40 cm du sol'),
(529, 29, '3_cr_voirie_equip_08', 0, 0, 0, 0, 'Les systèmes d''appel d''urgence sont munis du matériel nécessaire pour délivrer un retour d''information pouvant être reçu et interprété par une personne handicapée (déficiente auditive)', 'Les systèmes d''appel d''urgence ne sont pas munis du matériel nécessaire pour délivrer un retour d''information pouvant être reçu et interprété par une personne handicapée'),
(530, 29, '3_cr_voirie_equip_09', 0, 0, 0, 0, 'Les poteaux ont une largeur minimale de 6 cm pour une hauteur minimale de 120 cm', 'Les poteaux n''ont pas une largeur minimale de 6 cm pour une hauteur minimale de 120 cm'),
(531, 29, '3_cr_voirie_equip_10', 0, 0, 0, 0, 'Les bornes ont une largeur minimale de 80 cm pour une hauteur maximale de 40 cm', 'Les bornes n''ont pas une largeur minimale de 80 cm pour une hauteur maximale de 40 cm'),
(532, 29, '3_cr_voirie_equip_11', 0, 0, 0, 0, 'Les informations visuelles sont compréhensibles en toutes conditions', 'Les informations visuelles ne sont pas compréhensibles en toutes conditions'),
(533, 29, '3_cr_voirie_equip_12', 0, 0, 0, 0, 'Les informations visuelles sont lisibles en toutes conditions', 'Les informations visuelles ne sont pas lisibles en toutes conditions'),
(534, 29, '3_cr_voirie_equip_13', 0, 0, 0, 0, 'Les informations visuelles sont doublées par un signal sonore', 'Les informations visuelles ne sont pas doublées par un signal sonore'),
(535, 29, '3_cr_voirie_equip_14', 0, 0, 0, 0, 'Les messages sonores sont délivrés par un matériel permettant à un déficient auditif de les comprendre (boucle magnétique ou système d''amplication)', 'Les messages visuels ne sont pas doublés par des messages sonores délivrés par un matériel permettant à un déficient auditif de les comprendre'),
(536, 29, '3_cr_voirie_equip_15', 0, 0, 0, 0, 'Les commandes sont à une hauteur comprise entre 90 et 130 cm', ''),
(537, 29, '3_cr_voirie_equip_16', 0, 0, 0, 0, 'Les commandes sont à une hauteur inférieure à 1 m', 'Le système d informations possède des commandes mais elles sont à une hauteur supérieure à 1 m'),
(538, 29, '3_cr_voirie_equip_17', 0, 0, 0, 0, 'Les commandes sont identifiées par un pictogramme ou une inscription en relief', 'Le système d informations possède des commandes mais elles ne sont pas identifiées par un pictogramme ou une inscription en relief'),
(539, 29, '3_cr_voirie_equip_18', 0, 0, 0, 0, 'Présence d''un espace d''usage de 90 x 130 cm au droit des commandes de l''équipement', 'Le système d''informations possède des commandes mais il n''y a pas d''espace d''usage de 90 x 130 cm'),
(540, 29, '3_qi_voirie_equip_01', 0, 0, 0, 0, 'Présence d''un système d''informations comportant des commandes', NULL),
(541, 30, '3_cr_voirie_esca_01', 0, 0, 0, 0, 'S''il ne comporte aucun mur de chaque côté, la largeur minimale de l''escalier est de 120 cm', 'L''escalier ne comporte aucun mur de chaque côté mais la largeur minimale de l''escalier est inférieure à 120 cm'),
(542, 30, '3_cr_voirie_esca_02', 0, 0, 0, 0, 'S''il comporte un mur d''un seul côté, la largeur minimale de l''escalier est de 130 cm', 'L''escalier comporte un mur d''un seul côté mais la largeur minimale de l''escalier est inférieure à 130 cm'),
(543, 30, '3_cr_voirie_esca_03', 0, 0, 0, 0, 'S''il est placé entre deux murs, la largeur minimale de l''escalier est de 140 cm', 'L''escalier est placé entre deux murs mais la largeur minimale de l''escalier est inférieure à 140 cm'),
(544, 30, '3_cr_voirie_esca_04', 0, 0, 0, 0, 'La hauteur des marches est inférieure à 16 cm', 'La hauteur des marches est supérieure à 16 cm'),
(545, 30, '3_cr_voirie_esca_05', 0, 0, 0, 0, 'Toutes les marches de l''escalier ont la même hauteur', 'Toutes les marches de l''escalier n''ont pas la même hauteur'),
(546, 30, '3_cr_voirie_esca_06', 0, 0, 0, 0, 'Le giron est >= à 28 cm', 'Le giron est inférieur à 28 cm'),
(547, 30, '3_cr_voirie_esca_07', 0, 0, 0, 0, 'Le nez de la marche du haut est visuellement contrasté', 'Le nez de la marche du haut n''est pas visuellement contrasté'),
(548, 30, '3_cr_voirie_esca_08', 0, 0, 0, 0, 'Le nez de la marche du bas est visuellement contrasté', 'Le nez de la marche du bas n''est pas visuellement contrasté'),
(549, 30, '3_cr_voirie_esca_09', 0, 0, 0, 0, 'Le nez de marche des première et dernière marches ont une largeur >= à 5 cm', 'Les nez de marche des première et dernière marches n''a pas une largeur >= à 5 cm'),
(550, 30, '3_cr_voirie_esca_10', 0, 0, 0, 0, 'L''escalier de 3 marches ou plus comporte au moins une main courante latérale', 'L''escalier ne comporte pas de main courante latérale'),
(551, 30, '3_cr_voirie_esca_11', 0, 0, 0, 0, 'La taille de tous les girons est similaire', 'La taille de tous les girons n''est pas similaire'),
(552, 30, '3_cr_voirie_esca_12', 0, 0, 0, 0, 'L''escalier comporte une double main courante centrale', 'L''escalier à une largeur supérieure à 420 cm mais il ne comporte pas de double main courante centrale'),
(553, 30, '3_cr_voirie_esca_13', 0, 0, 0, 0, 'La main courante centrale dépasse la marche du bas de chaque volée d''une longeur au moins égale au giron', 'La main courante centrale ne dépasse pas la marche du bas de chaque volée d''une longeur au moins égale au giron '),
(554, 30, '3_cr_voirie_esca_14', 0, 0, 0, 0, 'La main courante gauche dépasse la marche du bas de chaque volée d''une longeur au moins égale au giron', 'La main courante gauche ne dépasse pas la marche du bas de chaque volée d''une longeur au moins égale au giron '),
(555, 30, '3_cr_voirie_esca_15', 0, 0, 0, 0, 'La main courante droite dépasse la marche du bas de chaque volée d''une longeur au moins égale au giron ', 'La main courante droite ne dépasse pas la marche du bas de chaque volée d''une longeur au moins égale au giron '),
(556, 30, '3_cr_voirie_esca_16', 0, 0, 0, 0, 'La main courante centrale dépasse la marche du haut de chaque volée d''une longeur au moins égale au giron ', 'La main courante centrale ne dépasse pas la marche du haut de chaque volée d''une longeur au moins égale au giron '),
(557, 30, '3_cr_voirie_esca_17', 0, 0, 0, 0, 'La main courante gauche dépasse la marche du haut de chaque volée d''une longeur au moins égale au giron', 'La main courante gauche ne dépasse pas la marche du haut de chaque volée d''une longeur au moins égale au giron'),
(558, 30, '3_cr_voirie_esca_18', 0, 0, 0, 0, 'La main courante droite dépasse la marche du haut de chaque volée d''une longueur au moins égale au giron', 'La main courante droite ne dépasse pas la marche du haut de chaque volée d''une longueur au moins égale au giron'),
(559, 30, '3_cr_voirie_esca_19', 0, 0, 0, 0, 'La main courante centrale est à une hauteur comprise entre 80 cm et 100 cm à la verticale du nez de marche (sauf si la main courante fait office de garde-corps) ', 'La main courante centrale n''est pas à une hauteur comprise entre 80 cm et 100 cm à la verticale du nez de marche '),
(560, 30, '3_cr_voirie_esca_20', 0, 0, 0, 0, 'La main courante gauche est à une hauteur comprise entre 80 cm et 100 cm à la verticale du nez de marche (sauf si la main courante fait office de garde-corps) ', 'La main courante gauche n''est pas à une hauteur comprise entre 80 cm et 100 cm à la verticale du nez de marche '),
(561, 30, '3_cr_voirie_esca_21', 0, 0, 0, 0, 'La main courante droite est à une hauteur comprise entre 80 cm et 100 cm à la verticale du nez de marche (sauf si la main courante fait office de garde-corps) ', 'La main courante droite n''est pas à une hauteur comprise entre 80 cm et 100 cm à la verticale du nez de marche '),
(562, 30, '3_cr_voirie_esca_22', 0, 0, 0, 0, 'L''escalier est de type escalier droit', 'L''escalier n''est pas de type escalier droit'),
(563, 30, '3_cr_voirie_esca_23', 0, 0, 0, 0, 'Présence d''un revêtement de sol d''éveil de vigilance en haut de l''escalier (visuellement et tactilement contrasté)', 'Absence d''un revêtement de sol d''éveil de vigilance (visuellement et tactilement contrasté) en haut de l''escalier'),
(564, 30, '3_cr_voirie_esca_24', 0, 0, 0, 0, 'Le nez des marches est non glissant ', 'Le nez des marches est glissant'),
(565, 30, '3_cr_voirie_esca_25', 0, 0, 0, 0, 'La main courante droite est continue', 'La main courante droite n''est pas continue'),
(566, 30, '3_cr_voirie_esca_26', 0, 0, 0, 0, 'La main courante droite est rigide', 'La main courante droite n''est pas rigide'),
(567, 30, '3_cr_voirie_esca_27', 0, 0, 0, 0, 'La main courante droite est préhensible', 'La main courante droite n''est pas préhensible'),
(568, 30, '3_cr_voirie_esca_28', 0, 0, 0, 0, 'La main courante gauche est continue ', 'La main courante gauche n''est pas continue '),
(569, 30, '3_cr_voirie_esca_29', 0, 0, 0, 0, 'La main courante gauche est rigide', 'La main courante gauche n''est pas rigide'),
(570, 30, '3_cr_voirie_esca_30', 0, 0, 0, 0, 'La main courante gauche est préhensible', 'La main courante gauche n''est pas préhensible'),
(571, 30, '3_cr_voirie_esca_31', 0, 0, 0, 0, 'La main courante centrale est continue', 'La main courante centrale n''est pas continue'),
(572, 30, '3_cr_voirie_esca_32', 0, 0, 0, 0, 'La main courante centrale est rigide', 'La main courante centrale n''est pas rigide'),
(573, 30, '3_cr_voirie_esca_33', 0, 0, 0, 0, 'La main courante centrale est préhensible', 'La main courante centrale n''est pas préhensible'),
(574, 30, '3_cr_voirie_esca_34', 0, 0, 0, 0, 'Les mains courantes sont d''une couleur contrastant avec leur support', 'Les mains courantes ne sont pas d''une couleur contrastant avec leur support'),
(575, 30, '3_cr_voirie_esca_35', 0, 0, 0, 0, 'Présence d''une deuxième main courante située à une hauteur comprise entre 50 et 75 cm', 'Absence d''une deuxième main courante située à une hauteur comprise entre 50 et 75 cm'),
(576, 30, '3_cr_voirie_esca_36', 0, 0, 0, 0, 'L''éclairage est >= à 150 lux', 'L''éclairage est inférieur à 150 lux'),
(577, 30, '3_cr_voirie_esca_37', 0, 0, 0, 0, 'L''escalier possède une main courante à droite', 'L''escalier ne possède pas de main courante à droite'),
(578, 30, '3_cr_voirie_esca_38', 0, 0, 0, 0, 'L''escalier possède une main courante à gauche', 'L''escalier ne possède pas de main courante à gauche'),
(579, 30, '3_cr_voirie_esca_38', 0, 0, 0, 0, 'L''escalier possède une main courante à gauche', 'L''escalier ne possède pas de main courante à gauche'),
(580, 30, '3_qi_voirie_esca_01', 0, 0, 0, 0, 'L''escalier a une largeur supérieure à 420 cm', NULL),
(581, 31, '3_cr_voirie_pieton_01', 0, 0, 0, 0, 'Présence d''un abaissé de trottoir au droit de chaque traversée', 'Absence d''un abaissé de trottoir au droit de chaque traversée'),
(582, 31, '3_cr_voirie_pieton_02', 0, 0, 0, 0, 'L''abaissé de trottoir a une largeur >= à 120 cm', 'L''abaissé de trottoir a une largeur inférieure à 120 cm'),
(583, 31, '3_cr_voirie_pieton_03', 0, 0, 0, 0, 'L''abaissé de trottoir a une largeur >= à 140 cm', 'L''abaissé de trottoir a une largeur inférieure à 140 cm'),
(584, 31, '3_cr_voirie_pieton_04', 0, 0, 0, 0, 'L''abaissé de trottoir possède un devers <= à 2%', 'L''abaissé de trottoir a un devers supérieur à 2%'),
(585, 31, '3_cr_voirie_pieton_05', 0, 0, 0, 0, 'L''abaissé de trottoir possède une pente <= à 5%', 'L''abaissé de trottoir a une pente supérieure à 5%'),
(586, 31, '3_cr_voirie_pieton_06', 0, 0, 0, 0, 'Si impossibilité technique alors pente inférieure à 8% sur une distance inférieure ou égale à 2 m', 'Il y a une impossibilité technique, mais la pente est supérieure à 8% sur une distance supérieure à 2 m'),
(587, 31, '3_cr_voirie_pieton_07', 0, 0, 0, 0, 'Si impossibilité technique alors pente inférieure à 12% sur une distance inférieure ou égale à 50 cm', 'Il y a une impossibilité technique, mais la pente est supérieure à 12% sur une distance supérieure à 50 cm'),
(588, 31, '3_cr_voirie_pieton_08', 0, 0, 0, 0, 'Les éventuels ressauts sont <= à 2 cm', 'Présence d''un ressaut supérieur à 2 cm'),
(589, 31, '3_cr_voirie_pieton_09', 0, 0, 0, 0, 'Les éventuels ressauts sont inférieurs ou égaux à 4 cm s''ils sont en chanfrein à 1/3', 'Présence d''un ressaut d''une hauteur supérieure à 4 cm ou non chanfreiné à 1/3'),
(590, 31, '3_cr_voirie_pieton_10', 0, 0, 0, 0, 'Si la largeur du trottoir le permet, un passage horizontal d''au moins 80 cm est réservé au droit des traversées pour piétons entre la pente du plan incliné vers la chaussée et le cadre bâti ou tout autre obstacle', 'La largeur du trottoir le permet, mais il n''existe pas un passage horizontal d''au moins 80 cm réservé au droit des traversées pour piétons entre la pente du plan incliné vers la chaussée et le cadre bâti ou tout autre obstacle'),
(591, 31, '3_cr_voirie_pieton_11', 0, 0, 0, 0, 'Si la largeur du trottoir le permet, un espace de manœuvre de 200 cm de diamètre est réservé au droit des traversées pour piétons entre la pente du plan incliné vers la chaussée et le cadre bâti ou tout autre obstacle', 'La largeur du trottoir le permet, mais il n''existe pas d''espace de manœuvre de 200 cm de diamètre au droit des traversées pour piétons entre la pente du plan incliné vers la chaussée et le cadre bâti ou tout autre obstacle'),
(592, 31, '3_cr_voirie_pieton_12', 0, 0, 0, 0, 'Présence d''une bande d''éveil de vigilance au droit des traversées', 'Absence d''une bande d''éveil de vigilance au droit des traversées'),
(593, 31, '3_cr_voirie_pieton_13', 0, 0, 0, 0, 'Les bandes d''éveil de vigilance ont une largeur de 42 cm', 'La bande d''éveil et de vigilance n''a pas une largeur de 42 cm'),
(594, 31, '3_cr_voirie_pieton_14', 0, 0, 0, 0, 'Les bandes d''éveil de vigilance sont située à 50 cm du bord du trottoir', 'La bande d''éveil et de vigilance n''est pas située à 50 cm du bord du trottoir'),
(595, 31, '3_cr_voirie_pieton_15', 0, 0, 0, 0, 'Le passage pour piétons possède un marquage réglementaire (bandes contrastées de 50 cm)', 'Les passages pour piétons ne possède pas un marquage réglementaire (bandes contrastées de 50 cm)'),
(596, 31, '3_cr_voirie_pieton_16', 0, 0, 0, 0, 'Le passage pour piétons est tactilement contrasté (permet d''en détecter les limites)', 'Le passage pour piétons n''est pas tactilement contrasté (permet d''en détecter les limites)'),
(597, 31, '3_cr_voirie_pieton_17', 0, 0, 0, 0, 'Les signaux pour piétons sont complétés par des dispositifs permettant aux déficients visuels de connaître les périodes durant lesquelles il est possible de traverser', 'Les signaux pour piétons ne sont pas complétés par des dispositifs permettant aux déficients visuels de connaître les périodes durant lesquelles il est possible de traverser'),
(598, 31, '3_cr_voirie_pieton_18', 0, 0, 0, 0, 'Si le cheminement pour piétons comporte une chicane, sans alternative, alors il permet le passage d''un fauteuil roulant d''un gabarit de 80 x 130 cm', 'Le cheminement pour piétons comporte une chicane, sans alternative, mais il ne permet pas le passage d''un fauteuil roulant d''un gabarit de 80 x 130 cm'),
(599, 31, '3_cr_voirie_pieton_19', 0, 0, 0, 0, 'La bande d''éveil de vigilance est implantée perpendiculairement à l''axe de la traversée', 'La bande d''éveil de vigilance n''est pas implantée perpendiculairement à l''axe de la traversée'),
(600, 31, '3_qi_voirie_pieton_01', 2, 0, 0, 1, 'Présence d''au moins un abaissé de trottoir au droit des traversées', ''),
(601, 32, '3_cr_voirie_pente_01', 0, 0, 0, 0, 'Le dévers est <= à 2%', 'Le dévers est supérieur à 2%'),
(602, 32, '3_cr_voirie_pente_02', 0, 0, 0, 0, 'La pente est <= à 5%', 'Il existe une pente supérieure à 5%'),
(603, 32, '3_cr_voirie_pente_03', 0, 0, 0, 0, 'Si impossibilité technique alors pente inférieure à 8% sur une distance inférieure ou égale à 2 m ', 'Il y a une impossibilité technique, mais la pente est supérieure à 8% sur une distance supérieure à 2 m '),
(604, 32, '3_cr_voirie_pente_04', 0, 0, 0, 0, 'Si impossibilité technique alors pente inférieure à 12% sur une distance inférieure ou égale à 50 cm', 'Il y a une impossibilité technique, mais la pente est supérieure à 12% sur une distance supérieure à 50 cm'),
(605, 32, '3_cr_voirie_pente_05', 0, 0, 0, 0, 'Présence d''un palier de repos en bas', 'La pente est supérieure à 4% mais il n''y a pas de palier de repos en bas'),
(606, 32, '3_cr_voirie_pente_06', 0, 0, 0, 0, 'Présence d''un palier de repos en haut ', 'La pente est supérieure à 4% mais il n''y a pas de palier de repos en haut '),
(607, 32, '3_cr_voirie_pente_07', 0, 0, 0, 0, 'Si cheminement pentu continu alors il y a un palier de repos tous les 10 m', 'Le cheminement pentu est continu mais il n''y a pas de palier de repos tous les 10 m '),
(608, 32, '3_cr_voirie_pente_08', 0, 0, 0, 0, 'Présence d''un palier de repos à chaque bifurcation du cheminement ', 'Un palier de repos n''est pas présent à chaque bifurcation du cheminement '),
(609, 32, '3_cr_voirie_pente_09', 0, 0, 0, 0, 'Si cheminement pentu continu alors présence d''une main courante ergonomique, contrastée située entre 80 et 100 cm ', 'Le cheminement est pentu et continu mais il n''existe pas de main courante ergonomique, contrastée située entre 80 et 100 cm '),
(610, 32, '3_cr_voirie_pente_10', 0, 0, 0, 0, 'Le palier de repos en bas est horizontal ', 'Le palier de repos en bas de la pente n''est pas horizontal '),
(611, 32, '3_cr_voirie_pente_11', 0, 0, 0, 0, 'Le palier de repos en bas mesure 120 x 140 cm sans obstacle ', 'Le palier de repos en bas de la pente ne mesure pas 120 x 140 cm '),
(612, 32, '3_cr_voirie_pente_12', 0, 0, 0, 0, 'Le palier de repos en haut est horizontal ', 'Le palier de repos en haut de la pente n''est pas horizontal '),
(613, 32, '3_cr_voirie_pente_13', 0, 0, 0, 0, 'Le palier de repos en haut mesure 120 x 140 cm sans obstacle', 'Le palier de repos en haut de la pente ne mesure pas 120 x 140 cm '),
(614, 32, '3_cr_voirie_pente_14', 0, 0, 0, 0, 'Le palier de repos est horizontal ', 'Le palier de repos n''est pas horizontal '),
(615, 32, '3_cr_voirie_pente_15', 0, 0, 0, 0, 'Le palier de repos mesure 120 x 140 cm sans obstacle ', 'Le palier de repos ne mesure pas 120 x 140 cm '),
(616, 32, '3_cr_voirie_pente_16', 0, 0, 0, 0, 'Le palier de repos possède un espace de manœuvre de 200 cm de diamètre', 'Un palier de repos est présent à chaque bifurcation du cheminement, mais il ne possède pas d''espace de manoeuvre de 200 cm de diamètre'),
(617, 32, '3_qi_voirie_pente_01', 0, 0, 0, 0, 'La pente est <= à 4%', ''),
(618, 33, '3_cr_voirie_gic_01', 0, 0, 0, 0, 'Si le trottoir mesure plus de 180 cm de large avec une bande latérale matérialisée de 80 cm alors la place réservée à une largeur >= à 200 cm', 'Le trottoir mesure plus de 180 cm de large avec une bande latérale matérialisée de 80 cm mais la place GIG/GIC à une largeur inférieure à 200 cm'),
(619, 33, '3_cr_voirie_gic_02', 0, 0, 0, 0, 'La place GIG/GIC est librement accessible', 'La place GIG/GIC n''est pas librement accessible '),
(620, 33, '3_cr_voirie_gic_03', 0, 0, 0, 0, 'Présence d''un marquage au sol', 'Absence d''un marquage au sol signalant la place GIG/GIC '),
(621, 33, '3_cr_voirie_gic_04', 0, 0, 0, 0, 'Présence d''une signalisation verticale', 'Absence d''une signalisation verticale signalant la place GIG/GIC '),
(622, 33, '3_cr_voirie_gic_05', 0, 0, 0, 0, 'Utilisation du symbole international pour signaler la place', 'Absence du symbole international pour signaler la place'),
(623, 33, '3_cr_voirie_gic_06', 0, 0, 0, 0, 'Le panneau de signalisation mentionne le rappel de l''amende due en cas de non respect', 'Le panneau de signalisation ne mentionne pas le rappel de l''amende due en cas de non respect '),
(624, 33, '3_cr_voirie_gic_07', 0, 0, 0, 0, 'La largeur de la place réservée est >= à 330 cm ', 'La largeur de la place GIG/GIC est inférieure à 330 cm '),
(625, 33, '3_cr_voirie_gic_08', 0, 0, 0, 0, 'La largeur de la place réservée est >= à 350 cm ', 'La largeur de la place GIG/GIC est inférieure à 350 cm '),
(626, 33, '3_cr_voirie_gic_09', 0, 0, 0, 0, 'La place permet la sortie par l''arrière du véhicule (dégagement de 350 cm hors circulation) ', 'La place GIG/GIC ne permet pas la sortie par l''arrière du véhicule (dégagement de 350 cm) '),
(627, 33, '3_cr_voirie_gic_10', 0, 0, 0, 0, 'La pente est inférieure à 2%', 'La place GIG/GIC a une pente supérieure à 2%'),
(628, 33, '3_cr_voirie_gic_11', 0, 0, 0, 0, 'Le dévers est inférieur à 2%', 'La place GIG/GIC a un dévers supérieur à 2%'),
(629, 33, '3_cr_voirie_gic_12', 0, 0, 0, 0, 'Si la place n''est pas de plain-pied avec le trottoir alors il existe un passage de 80 cm de large la reliant au trottoir sans emprunter la chaussée', 'La place n''est pas de plain-pied avec le trottoir mais il n existe pas de passage de 80 cm de large n empruntant pas la chaussée la reliant au trottoir'),
(630, 33, '3_cr_voirie_gic_13', 0, 0, 0, 0, 'Les emplacements GIG/GIC sont répartis de façon homogène sur la commune (selon l''avis de la commission communale d''accessibilité ou dans le cadre du PMAVEP)', 'Les emplacements réservés ne sont pas répartis de façon homogène sur la commune'),
(631, 33, '3_cr_voirie_gic_14', 0, 0, 0, 0, 'Le panneau de signalisation est réglementaire (panneau circulaire B6 et panonceau M6h)', 'Le panneau de signalisation n''est pas réglementaire'),
(632, 33, '3_qi_voirie_gic_01', 0, 0, 0, 0, 'Le stationnement est longitudinal à gauche de plain pied avec le trottoir', ''),
(633, 34, '3_cr_voirie_ressaut_01', 0, 0, 0, 0, 'Le ressaut est inférieur ou égal à 2 cm', 'Présence d''un ressaut d''une hauteur supérieure à 2 cm'),
(634, 34, '3_cr_voirie_ressaut_02', 0, 0, 0, 0, 'Le ressaut est inférieur ou égal à 4 cm et il est chanfreiné à 1/3', 'La distance entre 2 ressauts est inférieure à 250 cm'),
(635, 34, '3_cr_voirie_ressaut_03', 0, 0, 0, 0, 'La distance entre 2 ressauts est >= à 250 cm', 'La distance entre 2 ressauts est inférieure à 250 cm'),
(636, 34, '3_cr_voirie_ressaut_04', 0, 0, 0, 0, 'Absence de pente à Pas d''âne', 'Présence de pente à Pas d''âne'),
(637, 35, '3_cr_voirie_signal_01', 0, 0, 0, 0, 'Les informations visuelles sont compréhensibles en toutes conditions', 'Les informations visuelles ne sont pas compréhensibles en toutes conditions'),
(638, 35, '3_cr_voirie_signal_02', 0, 0, 0, 0, 'Les informations visuelles sont lisibles en toutes conditions', 'Les informations visuelles ne sont pas lisibles en toutes conditions'),
(639, 35, '3_cr_voirie_signal_03', 0, 0, 0, 0, 'Les informations visuelles sont doublées par un signal sonore', 'Les informations visuelles ne sont pas doublées par un signal sonore'),
(640, 35, '3_cr_voirie_signal_04', 0, 0, 0, 0, 'Les informations sont contrastées par rapport au fond', 'Les informations ne sont pas contrastées par rapport au fond'),
(641, 35, '3_cr_voirie_signal_05', 0, 0, 0, 0, 'Si lecture proche alors les caractères ont une hauteur >= 1,5 cm', 'Les caractères de la signalétique ont une hauteur inférieure à 1,5 cm'),
(642, 35, '3_cr_voirie_signal_06', 0, 0, 0, 0, 'Si lecture à 4 m alors les caractères ont une hauteur >= 15 cm', 'Les caractères de la signalétique ont une hauteur inférieure à 15 cm'),
(643, 35, '3_cr_voirie_signal_07', 0, 0, 0, 0, 'Si lecture à 6 m alors les caractères ont une hauteur >= 20 cm', 'Les caractères de la signalétique ont une hauteur inférieure à 20 cm'),
(644, 35, '3_cr_voirie_signal_08', 0, 0, 0, 0, 'Les escaliers, et si possible les autres équipements, sont signalés par des pictogrammes', 'Les escaliers (et/ou les autres équipements) ne sont pas signalés par un pictogramme'),
(645, 36, '3_cr_wc_01', 2, 0, 0, 0, 'Présence d''un espace de manœuvre de 150 cm de Ø dans le cabinet d''aisance', 'Absence d''un espace de manœuvre de 150 cm de diamètre dans le cabinet d''aisance'),
(646, 36, '3_cr_wc_01', 2, 0, 0, 0, 'Présence d''un espace de manœuvre de 150 cm de Ø dans le cabinet d''aisance', 'Absence d''un espace de manœuvre de 150 cm de diamètre dans le cabinet d''aisance'),
(647, 36, '3_cr_wc_02', 3, 0, 0, 0, 'Présence d''un espace de manœuvre de 150 cm de Ø devant le cabinet d''aisance', 'Il n''y a pas d''espace de manœuvre de 150 cm de diamètre devant le cabinet d''aisance'),
(648, 36, '3_cr_wc_02', 3, 0, 0, 0, 'Présence d''un espace de manœuvre de 150 cm de Ø devant le cabinet d''aisance', 'Il n''y a pas d''espace de manœuvre de 150 cm de diamètre devant le cabinet d''aisance'),
(649, 36, '3_cr_wc_03', 3, 0, 0, 0, 'Le cabinet d''aisance se referme une fois entré dedans ', 'Le cabinet d''aisance ne se referme pas une fois entrée dedans'),
(650, 36, '3_cr_wc_03', 3, 0, 0, 0, 'Le cabinet d''aisance se referme une fois entré dedans ', 'Le cabinet d''aisance ne se referme pas une fois entrée dedans'),
(651, 36, '3_cr_wc_04', 3, 0, 0, 0, 'Présence d''un espace d''usage latéral de 80 cm x 130 cm (hors débattement de porte)', 'Absence d''un espace d''usage latéral de 80 cm x 130 cm (hors débattement de porte)'),
(652, 36, '3_cr_wc_04', 3, 0, 0, 0, 'Présence d''un espace d''usage latéral de 80 cm x 130 cm (hors débattement de porte)', 'Absence d''un espace d''usage latéral de 80 cm x 130 cm (hors débattement de porte)'),
(653, 36, '3_cr_wc_05', 2, 0, 0, 0, 'Présence d''espaces d''usage latéraux de 80 x 130 cm de part et d''autre de la cuvette des d''aisance (équipée de barres rabattables)', 'Absence de deux espaces d''usage latéraux de 80 cm x 130 cm de part et d''autre de la cuvette des WC (équipée de barres rabattables)'),
(654, 36, '3_cr_wc_06', 3, 0, 0, 0, 'Présence d''une barre d''appui latérale', 'Absence d''une barre d''appui latérale'),
(655, 36, '3_cr_wc_07', 3, 0, 0, 0, 'Présence d''une barre d''appui latérale avec une partie horizontale', 'Absence d''une barre d''appui latérale avec une partie horizontale'),
(656, 36, '3_cr_wc_07', 3, 0, 0, 0, 'Présence d''une barre d''appui latérale avec une partie horizontale', 'Absence d''une barre d''appui latérale avec une partie horizontale'),
(657, 36, '3_cr_wc_08', 2, 0, 0, 0, 'La barre d''appui est située à une hauteur comprise entre 70 et 80 cm', 'La barre d''appui n''est pas située à une hauteur comprise entre 70 cm et 80 cm'),
(658, 36, '3_cr_wc_09', 2, 0, 0, 0, 'La barre d''appui permet l''appui d''une personne adulte (solidement ancrée)', 'La barre d''appui ne permet pas l''appui d''une personne adulte (elle n''est pas solidement ancrée)'),
(659, 36, '3_cr_wc_10', 1, 0, 0, 0, 'Le cabinet d''aisance comporte un lave-main', 'Le cabinet d''aisance ne comporte pas de lave-main'),
(660, 36, '3_cr_wc_11', 2, 0, 0, 0, 'Le plan supérieur du lave-main est situé à une hauteur inférieure ou égale 85 cm', 'Dans le cabinet d''aisance, le plan supérieur du lave main n''est pas situé à une hauteur inférieur ou égale à 85 cm'),
(661, 36, '3_cr_wc_12', 2, 0, 0, 0, 'Le plan inférieur du lave main est à une hauteur >= à 70 cm', 'Dans le cabinet d''aisance, le plan inférieur du lave main n''est pas situé à une hauteur supérieure à 70 cm'),
(662, 36, '3_cr_wc_13', 2, 0, 1, 0, 'La robinetterie du lave main est à levier ou automatique', 'Dans le cabinet d''aisance, la robinetterie du lave main n''est pas à levier ou automatique'),
(663, 36, '3_cr_wc_14', 2, 0, 0, 0, 'La surface d''assise de la cuvette est située à une hauteur comprise entre 45 et 50 cm du sol abattant inclus (sauf dans les toilettes pour enfants)', 'La surface d''assise de la cuvette n''est pas située à une hauteur comprise entre 45 cm et 50 cm du sol abattant inclus (sauf dans le cas des toilettes pour enfants)'),
(664, 36, '3_cr_wc_15', 2, 0, 0, 0, 'La hauteur de la cuvette est comprise entre 46 cm et 50 cm', 'La hauteur de la cuvette n''est pas comprise entre 46 cm et 50 cm'),
(665, 36, '3_cr_wc_16', 2, 0, 0, 0, 'L''axe de la lunette est à une distance comprise entre 35 et 40 cm de la paroi où est fixée la barre d''appui', 'L''axe de la lunette n''est pas à une distance comprise entre 35 cm et 40 cm de la paroi où est fixée la barre d''appui'),
(666, 36, '3_cr_wc_17', 2, 0, 0, 0, 'L''axe de la lunette est à une distance comprise entre 40 et 50 cm du mur où est adossée la cuvette', 'L''axe de la lunette n''est pas à une distance comprise entre 40 cm et 50 cm du mur où est adossé la cuvette'),
(667, 36, '3_cr_wc_18', 1, 0, 1, 0, 'La chasse d''eau est automatique', 'La chasse d''eau n''est pas automatique'),
(668, 36, '3_cr_wc_19', 1, 0, 0, 0, 'La commande de chasse d''eau est atteignable', 'La commande de chasse d''eau n''est pas atteignable'),
(669, 36, '3_cr_wc_20', 1, 0, 0, 0, 'La commande de chasse d''eau est facilement manœuvrable', 'La commande de chasse d''eau n''est pas facilement manœuvrable'),
(670, 36, '3_cr_wc_21', 1, 0, 1, 1, 'L''éclairage artificiel du WC privilégie l''emploi de dispositifs de détection de présence', 'L''éclairage artificiel du cabinet d''aisance ne privilégie pas l''emploi de dispositifs de détection de présence'),
(671, 36, '3_cr_wc_22', 0, 1, 2, 0, 'L''éclairage est de 100 lux minimum', 'L''éclairage est inférieur à 100 lux'),
(672, 36, '3_cr_wc_23', 0, 0, 0, 0, 'Présence de cet espace de manœuvre à proximité de la porte', 'Il n''y a pas d''espace de manœuvre à proximité de la porte du cabinet d''aisance'),
(674, 0, 'Technique', 0, 0, 0, 0, NULL, NULL);

-- --------------------------------------------------------

--
-- Structure de la table `gevu_criteresxtypesxcriteres`
--

DROP TABLE IF EXISTS `gevu_criteresxtypesxcriteres`;
CREATE TABLE IF NOT EXISTS `gevu_criteresxtypesxcriteres` (
  `id_type_critere` int(11) NOT NULL AUTO_INCREMENT,
  `id_critere` int(11) NOT NULL,
  PRIMARY KEY (`id_critere`,`id_type_critere`)
) ENGINE=MyISAM DEFAULT CHARSET=utf8 COLLATE=utf8_bin ROW_FORMAT=DYNAMIC AUTO_INCREMENT=1 ;

--
-- Contenu de la table `gevu_criteresxtypesxcriteres`
--

INSERT INTO `gevu_criteresxtypesxcriteres` (`id_type_critere`, `id_critere`) VALUES
(1, 1),
(1, 2),
(1, 3),
(1, 4),
(1, 5),
(1, 6),
(1, 7),
(1, 8),
(1, 9),
(1, 10),
(1, 11),
(1, 12),
(1, 13),
(1, 14),
(3, 15),
(3, 16),
(3, 17),
(3, 18),
(3, 19),
(3, 20),
(3, 21),
(3, 22),
(1, 23),
(1, 24),
(1, 25),
(1, 26),
(3, 27),
(3, 28),
(1, 29),
(1, 30),
(1, 31),
(1, 32),
(1, 33),
(1, 34),
(1, 35),
(1, 36),
(3, 37),
(1, 38),
(1, 39),
(1, 40),
(1, 41),
(1, 42),
(1, 43),
(3, 43),
(1, 44),
(1, 45),
(1, 46),
(1, 47),
(1, 48),
(1, 49),
(1, 50),
(1, 51),
(1, 52),
(1, 53),
(1, 54),
(1, 55),
(1, 56),
(1, 57),
(3, 58),
(1, 59),
(1, 60),
(1, 61),
(1, 62),
(1, 63),
(1, 64),
(1, 65),
(1, 66),
(3, 67),
(1, 68),
(1, 69),
(1, 70),
(3, 70),
(1, 71),
(3, 71),
(1, 72),
(1, 73),
(3, 74),
(1, 75),
(3, 76),
(1, 77),
(1, 78),
(1, 79),
(1, 80),
(1, 81),
(1, 82),
(1, 83),
(1, 84),
(1, 85),
(1, 86),
(1, 87),
(1, 88),
(1, 89),
(1, 90),
(1, 91),
(3, 92),
(1, 93),
(3, 94),
(3, 95),
(3, 96),
(3, 97),
(3, 98),
(3, 99),
(3, 100),
(1, 101),
(1, 102),
(3, 102),
(1, 103),
(1, 104),
(1, 105),
(1, 106),
(1, 107),
(1, 108),
(1, 111),
(1, 112),
(1, 113),
(1, 114),
(3, 115),
(3, 116),
(1, 117),
(1, 118),
(1, 119),
(1, 120),
(3, 121),
(1, 122),
(1, 123),
(1, 124),
(1, 125),
(1, 126),
(3, 127),
(1, 128),
(1, 129),
(1, 130),
(1, 131),
(1, 132),
(1, 133),
(1, 134),
(3, 135),
(3, 136),
(3, 137),
(3, 138),
(1, 139),
(1, 140),
(1, 141),
(1, 142),
(3, 143),
(1, 144),
(1, 145),
(1, 146),
(1, 147),
(1, 148),
(1, 149),
(1, 150),
(1, 151),
(1, 152),
(1, 153),
(1, 154),
(1, 155),
(1, 156),
(1, 157),
(1, 158),
(1, 159),
(1, 160),
(1, 161),
(1, 162),
(1, 163),
(1, 164),
(3, 165),
(3, 166),
(1, 167),
(1, 168),
(1, 169),
(1, 170),
(1, 171),
(3, 172),
(3, 173),
(1, 174),
(1, 175),
(1, 176),
(1, 177),
(3, 178),
(1, 179),
(3, 180),
(1, 181),
(1, 182),
(1, 183),
(1, 184),
(1, 185),
(1, 186),
(1, 187),
(3, 188),
(3, 189),
(1, 190),
(1, 191),
(1, 192),
(1, 193),
(1, 194),
(1, 195),
(1, 196),
(1, 197),
(1, 198),
(1, 199),
(1, 200),
(1, 201),
(1, 202),
(1, 203),
(1, 204),
(1, 205),
(1, 206),
(1, 207),
(1, 208),
(3, 209),
(1, 210),
(1, 211),
(1, 212),
(1, 213),
(3, 214),
(3, 215),
(3, 216),
(3, 217),
(3, 218),
(1, 219),
(1, 220),
(1, 221),
(1, 222),
(1, 223),
(1, 224),
(3, 225),
(3, 226),
(3, 227),
(3, 228),
(1, 229),
(1, 230),
(1, 231),
(1, 232),
(1, 233),
(1, 234),
(1, 235),
(3, 236),
(3, 237),
(1, 238),
(1, 239),
(1, 240),
(1, 241),
(1, 242),
(1, 243),
(1, 244),
(1, 245),
(1, 246),
(1, 247),
(3, 248),
(1, 249),
(1, 250),
(1, 251),
(1, 252),
(1, 253),
(1, 254),
(1, 255),
(1, 256),
(1, 257),
(1, 258),
(1, 259),
(1, 260),
(1, 261),
(1, 262),
(1, 263),
(1, 264),
(1, 265),
(1, 266),
(1, 267),
(1, 268),
(1, 269),
(3, 270),
(1, 271),
(1, 272),
(1, 273),
(3, 274),
(3, 275),
(1, 276),
(3, 277),
(1, 278),
(1, 279),
(1, 280),
(1, 281),
(1, 282),
(1, 283),
(1, 284),
(1, 285),
(1, 286),
(1, 287),
(1, 288),
(1, 289),
(1, 290),
(1, 291),
(3, 292),
(1, 293),
(1, 294),
(1, 295),
(1, 296),
(1, 297),
(1, 298),
(1, 299),
(3, 300),
(3, 301),
(1, 302),
(1, 303),
(1, 304),
(3, 305),
(1, 306),
(3, 307),
(3, 308),
(1, 309),
(1, 310),
(1, 311),
(3, 312),
(1, 313),
(1, 314),
(1, 315),
(1, 316),
(1, 317),
(1, 318),
(1, 319),
(1, 320),
(1, 321),
(1, 322),
(3, 323),
(1, 324),
(3, 325),
(1, 326),
(1, 327),
(1, 328),
(3, 329),
(3, 330),
(1, 331),
(1, 332),
(1, 333),
(1, 334),
(1, 335),
(1, 336),
(3, 337),
(1, 338),
(1, 339),
(1, 340),
(1, 341),
(1, 342),
(1, 343),
(1, 344),
(3, 345),
(1, 346),
(3, 347),
(3, 348),
(1, 349),
(1, 350),
(1, 351),
(1, 352),
(1, 353),
(1, 354),
(3, 355),
(1, 356),
(3, 357),
(1, 358),
(1, 359),
(1, 360),
(1, 361),
(1, 362),
(1, 363),
(1, 364),
(3, 365),
(3, 366),
(3, 367),
(3, 368),
(3, 369),
(3, 370),
(1, 371),
(1, 372),
(1, 373),
(1, 374),
(1, 375),
(1, 376),
(1, 377),
(1, 378),
(3, 379),
(3, 380),
(3, 381),
(3, 382),
(3, 383),
(3, 384),
(3, 385),
(3, 386),
(1, 387),
(3, 387),
(1, 388),
(3, 389),
(1, 390),
(1, 391),
(1, 392),
(3, 393),
(1, 394),
(1, 395),
(3, 396),
(3, 397),
(3, 398),
(1, 399),
(1, 400),
(3, 401),
(1, 402),
(1, 403),
(1, 404),
(3, 405),
(1, 406),
(1, 407),
(3, 408),
(3, 409),
(3, 410),
(1, 411),
(1, 412),
(1, 413),
(1, 414),
(1, 415),
(1, 416),
(1, 417),
(1, 418),
(1, 419),
(1, 420),
(3, 421),
(3, 422),
(1, 423),
(1, 424),
(1, 425),
(1, 426),
(1, 427),
(1, 428),
(1, 429),
(1, 430),
(1, 431),
(3, 432),
(3, 433),
(1, 434),
(1, 435),
(1, 436),
(3, 437),
(3, 438),
(1, 439),
(1, 440),
(3, 441),
(3, 442),
(3, 443),
(1, 444),
(1, 445),
(1, 446),
(1, 447),
(1, 448),
(1, 449),
(1, 450),
(3, 451),
(1, 452),
(1, 453),
(1, 454),
(1, 455),
(3, 456),
(1, 457),
(1, 458),
(1, 459),
(1, 460),
(1, 461),
(1, 462),
(1, 463),
(3, 464),
(1, 465),
(1, 466),
(1, 467),
(1, 468),
(1, 469),
(3, 470),
(1, 471),
(1, 472),
(3, 473),
(3, 474),
(3, 475),
(3, 476),
(3, 477),
(3, 478),
(3, 479),
(1, 480),
(3, 481),
(3, 482),
(3, 483),
(3, 484),
(3, 485),
(3, 486),
(3, 487),
(3, 488),
(1, 489),
(3, 490),
(1, 491),
(1, 492),
(1, 493),
(1, 494),
(1, 495),
(1, 496),
(1, 497),
(3, 498),
(1, 499),
(1, 500),
(1, 501),
(1, 502),
(3, 503),
(1, 504),
(1, 505),
(1, 506),
(1, 507),
(1, 508),
(3, 508),
(1, 509),
(1, 510),
(1, 511),
(1, 512),
(1, 513),
(3, 514),
(1, 515),
(1, 516),
(1, 517),
(3, 518),
(1, 519),
(1, 520),
(1, 521),
(1, 522),
(1, 523),
(1, 524),
(1, 525),
(1, 526),
(1, 527),
(1, 528),
(1, 529),
(1, 530),
(1, 531),
(1, 532),
(1, 533),
(3, 534),
(1, 535),
(1, 536),
(3, 537),
(1, 538),
(1, 539),
(1, 540),
(3, 540),
(1, 541),
(1, 542),
(1, 543),
(1, 544),
(3, 545),
(1, 546),
(1, 547),
(1, 548),
(1, 549),
(1, 550),
(3, 551),
(1, 552),
(1, 553),
(1, 554),
(1, 555),
(1, 556),
(1, 557),
(1, 558),
(1, 559),
(1, 560),
(1, 561),
(3, 562),
(3, 563),
(3, 564),
(3, 565),
(3, 566),
(3, 567),
(3, 568),
(3, 569),
(3, 570),
(3, 571),
(3, 572),
(3, 573),
(3, 574),
(3, 575),
(3, 576),
(1, 577),
(1, 578),
(1, 579),
(1, 580),
(3, 580),
(1, 581),
(1, 582),
(3, 583),
(1, 584),
(1, 585),
(1, 586),
(1, 587),
(1, 588),
(1, 589),
(1, 590),
(3, 591),
(1, 592),
(1, 593),
(1, 594),
(1, 595),
(1, 596),
(1, 597),
(1, 598),
(3, 599),
(1, 600),
(3, 600),
(1, 601),
(1, 602),
(1, 603),
(1, 604),
(1, 605),
(1, 606),
(1, 607),
(1, 608),
(1, 609),
(1, 610),
(1, 611),
(1, 612),
(1, 613),
(1, 614),
(1, 615),
(3, 616),
(1, 617),
(3, 617),
(1, 618),
(1, 619),
(1, 620),
(1, 621),
(1, 622),
(3, 622),
(1, 623),
(3, 623),
(1, 624),
(3, 625),
(3, 626),
(1, 627),
(1, 628),
(1, 629),
(1, 630),
(1, 631),
(1, 632),
(3, 632),
(1, 633),
(1, 634),
(1, 635),
(1, 636),
(1, 637),
(1, 638),
(3, 639),
(1, 640),
(1, 641),
(1, 642),
(1, 643),
(1, 644),
(1, 645),
(1, 646),
(1, 647),
(1, 648),
(1, 649),
(1, 650),
(1, 651),
(1, 652),
(3, 653),
(1, 654),
(1, 655),
(1, 656),
(1, 657),
(1, 658),
(1, 659),
(1, 660),
(1, 661),
(3, 662),
(1, 663),
(1, 664),
(3, 665),
(3, 666),
(3, 667),
(1, 668),
(1, 669),
(3, 670),
(3, 671),
(1, 672),
(4, 673),
(5, 673);

-- --------------------------------------------------------

--
-- Structure de la table `gevu_criteresxtypesxdeficiences`
--

DROP TABLE IF EXISTS `gevu_criteresxtypesxdeficiences`;
CREATE TABLE IF NOT EXISTS `gevu_criteresxtypesxdeficiences` (
  `id_type_deficience` int(11) NOT NULL AUTO_INCREMENT,
  `id_critere` int(11) NOT NULL,
  PRIMARY KEY (`id_critere`,`id_type_deficience`)
) ENGINE=MyISAM DEFAULT CHARSET=utf8 COLLATE=utf8_bin ROW_FORMAT=DYNAMIC AUTO_INCREMENT=1 ;

--
-- Contenu de la table `gevu_criteresxtypesxdeficiences`
--

INSERT INTO `gevu_criteresxtypesxdeficiences` (`id_type_deficience`, `id_critere`) VALUES
(1, 1),
(2, 1),
(3, 1),
(4, 1),
(1, 2),
(2, 2),
(3, 2),
(4, 2),
(1, 3),
(2, 3),
(3, 3),
(4, 3),
(1, 4),
(1, 5),
(1, 6),
(2, 6),
(3, 6),
(4, 6),
(1, 7),
(2, 7),
(3, 7),
(4, 7),
(1, 8),
(1, 9),
(1, 10),
(1, 11),
(2, 12),
(4, 12),
(2, 13),
(2, 14),
(2, 15),
(1, 16),
(3, 17),
(3, 18),
(1, 19),
(2, 19),
(3, 19),
(4, 19),
(2, 20),
(3, 20),
(2, 21),
(3, 21),
(2, 22),
(3, 22),
(2, 23),
(3, 23),
(4, 23),
(1, 27),
(1, 28),
(2, 28),
(3, 28),
(4, 28),
(1, 29),
(2, 29),
(3, 29),
(4, 29),
(1, 30),
(2, 30),
(3, 30),
(4, 30),
(1, 31),
(2, 31),
(3, 31),
(4, 31),
(1, 32),
(2, 32),
(3, 32),
(4, 32),
(1, 33),
(2, 33),
(3, 33),
(4, 33),
(1, 34),
(2, 34),
(3, 34),
(4, 34),
(1, 35),
(2, 35),
(3, 35),
(4, 35),
(1, 36),
(2, 36),
(3, 36),
(4, 36),
(1, 37),
(2, 37),
(3, 37),
(4, 37),
(2, 38),
(3, 38),
(4, 38),
(2, 39),
(3, 39),
(1, 43),
(3, 43),
(4, 43),
(1, 44),
(3, 44),
(4, 44),
(1, 45),
(1, 46),
(1, 47),
(3, 48),
(4, 48),
(3, 49),
(4, 49),
(1, 50),
(2, 50),
(3, 50),
(4, 50),
(2, 51),
(3, 51),
(3, 52),
(4, 52),
(1, 53),
(1, 54),
(1, 55),
(1, 56),
(1, 57),
(1, 58),
(1, 59),
(1, 60),
(2, 60),
(4, 60),
(3, 61),
(2, 62),
(3, 62),
(4, 62),
(1, 63),
(2, 63),
(3, 63),
(4, 63),
(2, 64),
(3, 64),
(4, 64),
(2, 65),
(3, 65),
(4, 65),
(2, 66),
(1, 67),
(2, 68),
(2, 69),
(3, 69),
(1, 72),
(3, 72),
(4, 72),
(1, 73),
(3, 73),
(1, 74),
(2, 74),
(3, 74),
(4, 74),
(1, 75),
(2, 75),
(3, 75),
(4, 75),
(1, 76),
(2, 76),
(3, 76),
(4, 76),
(1, 77),
(1, 78),
(2, 78),
(3, 78),
(4, 78),
(1, 79),
(2, 79),
(3, 79),
(4, 79),
(1, 80),
(2, 80),
(3, 80),
(4, 80),
(1, 81),
(2, 81),
(3, 81),
(4, 81),
(1, 82),
(2, 82),
(3, 82),
(4, 82),
(1, 83),
(2, 83),
(3, 83),
(4, 83),
(1, 84),
(2, 84),
(3, 84),
(4, 84),
(1, 85),
(2, 85),
(3, 85),
(1, 86),
(2, 86),
(3, 86),
(4, 86),
(3, 87),
(3, 88),
(4, 88),
(3, 89),
(4, 89),
(1, 90),
(3, 90),
(1, 91),
(3, 91),
(1, 92),
(3, 92),
(1, 93),
(3, 93),
(1, 94),
(3, 94),
(1, 95),
(1, 96),
(1, 97),
(3, 97),
(1, 98),
(3, 98),
(1, 99),
(3, 99),
(4, 99),
(1, 100),
(3, 100),
(4, 100),
(2, 101),
(3, 101),
(1, 102),
(3, 102),
(4, 102),
(3, 103),
(1, 104),
(2, 104),
(3, 104),
(4, 104),
(1, 105),
(1, 106),
(3, 111),
(4, 111),
(1, 112),
(1, 113),
(3, 114),
(3, 115),
(1, 116),
(1, 117),
(1, 118),
(1, 119),
(1, 120),
(1, 121),
(1, 122),
(1, 123),
(1, 124),
(3, 124),
(1, 125),
(1, 126),
(1, 127),
(3, 129),
(1, 130),
(3, 130),
(3, 131),
(4, 131),
(3, 132),
(4, 132),
(3, 133),
(4, 133),
(3, 134),
(4, 134),
(1, 135),
(4, 135),
(1, 136),
(3, 136),
(4, 136),
(3, 137),
(3, 138),
(4, 138),
(2, 139),
(3, 139),
(1, 140),
(3, 140),
(1, 141),
(3, 141),
(4, 141),
(3, 142),
(4, 142),
(1, 143),
(3, 143),
(4, 143),
(1, 144),
(3, 144),
(4, 144),
(1, 145),
(2, 145),
(3, 145),
(4, 145),
(3, 146),
(4, 146),
(1, 147),
(1, 148),
(1, 149),
(1, 150),
(1, 151),
(1, 152),
(1, 153),
(1, 154),
(3, 155),
(1, 157),
(2, 157),
(3, 157),
(4, 157),
(1, 158),
(2, 158),
(3, 158),
(4, 158),
(1, 159),
(2, 159),
(3, 159),
(4, 159),
(1, 160),
(1, 161),
(1, 162),
(1, 163),
(2, 163),
(3, 163),
(4, 163),
(1, 164),
(2, 164),
(3, 164),
(4, 164),
(2, 165),
(1, 166),
(3, 166),
(1, 167),
(1, 168),
(3, 169),
(4, 169),
(3, 170),
(3, 171),
(4, 171),
(3, 172),
(4, 172),
(3, 173),
(4, 173),
(3, 174),
(4, 174),
(3, 175),
(4, 175),
(3, 176),
(1, 177),
(3, 177),
(1, 178),
(3, 178),
(1, 179),
(3, 179),
(1, 180),
(3, 180),
(1, 181),
(3, 181),
(1, 182),
(3, 182),
(3, 183),
(4, 183),
(1, 184),
(3, 184),
(1, 185),
(3, 185),
(1, 186),
(3, 186),
(1, 187),
(3, 187),
(1, 188),
(3, 188),
(3, 189),
(1, 190),
(3, 190),
(1, 191),
(3, 191),
(1, 192),
(3, 192),
(1, 193),
(3, 193),
(3, 194),
(1, 195),
(3, 195),
(1, 196),
(3, 196),
(1, 197),
(3, 197),
(3, 198),
(1, 199),
(3, 199),
(1, 200),
(3, 200),
(1, 201),
(3, 201),
(1, 202),
(3, 202),
(3, 203),
(1, 204),
(3, 204),
(1, 205),
(3, 205),
(1, 206),
(3, 206),
(3, 207),
(2, 208),
(3, 208),
(1, 209),
(1, 214),
(3, 214),
(1, 215),
(1, 216),
(3, 217),
(4, 217),
(3, 218),
(3, 219),
(4, 219),
(3, 220),
(4, 220),
(3, 221),
(4, 221),
(3, 222),
(4, 222),
(3, 223),
(4, 223),
(3, 224),
(1, 225),
(3, 225),
(1, 226),
(3, 226),
(1, 227),
(3, 227),
(1, 228),
(3, 228),
(1, 229),
(3, 229),
(1, 230),
(3, 230),
(3, 231),
(4, 231),
(1, 232),
(3, 232),
(1, 233),
(3, 233),
(1, 234),
(3, 234),
(1, 235),
(3, 235),
(1, 236),
(3, 236),
(3, 237),
(1, 238),
(3, 238),
(1, 239),
(3, 239),
(1, 240),
(3, 240),
(1, 241),
(3, 241),
(3, 242),
(1, 243),
(3, 243),
(1, 244),
(3, 244),
(1, 245),
(3, 245),
(3, 246),
(2, 247),
(3, 247),
(1, 248),
(1, 250),
(3, 250),
(4, 250),
(1, 251),
(1, 252),
(1, 253),
(2, 253),
(3, 253),
(4, 253),
(1, 254),
(2, 254),
(3, 254),
(4, 254),
(1, 255),
(2, 255),
(3, 255),
(4, 255),
(1, 256),
(3, 256),
(1, 257),
(3, 257),
(1, 258),
(3, 258),
(1, 259),
(3, 259),
(1, 260),
(3, 260),
(1, 261),
(3, 261),
(1, 262),
(3, 262),
(4, 262),
(1, 263),
(3, 263),
(4, 263),
(3, 264),
(4, 264),
(1, 265),
(1, 266),
(1, 267),
(3, 268),
(4, 268),
(3, 269),
(3, 270),
(1, 271),
(1, 272),
(1, 273),
(3, 274),
(1, 275),
(1, 276),
(3, 277),
(3, 278),
(4, 278),
(1, 279),
(1, 280),
(1, 281),
(2, 282),
(3, 282),
(4, 282),
(4, 283),
(3, 284),
(3, 285),
(4, 285),
(3, 286),
(4, 286),
(1, 287),
(1, 288),
(1, 289),
(1, 290),
(3, 290),
(1, 291),
(3, 291),
(1, 292),
(3, 292),
(1, 293),
(3, 293),
(1, 294),
(3, 294),
(1, 295),
(3, 295),
(1, 296),
(3, 296),
(1, 297),
(3, 297),
(1, 298),
(3, 298),
(1, 299),
(3, 299),
(1, 300),
(3, 300),
(1, 301),
(3, 301),
(1, 302),
(3, 302),
(1, 303),
(1, 304),
(1, 305),
(3, 305),
(1, 306),
(3, 306),
(1, 307),
(1, 308),
(3, 308),
(1, 309),
(1, 310),
(3, 310),
(1, 311),
(1, 312),
(3, 312),
(4, 312),
(1, 313),
(3, 313),
(1, 314),
(3, 314),
(1, 321),
(1, 322),
(3, 322),
(1, 323),
(3, 323),
(1, 324),
(3, 324),
(1, 325),
(3, 325),
(1, 326),
(3, 326),
(1, 327),
(3, 327),
(1, 328),
(3, 328),
(1, 329),
(1, 330),
(1, 331),
(3, 331),
(1, 332),
(3, 332),
(1, 333),
(1, 334),
(2, 334),
(3, 334),
(4, 334),
(1, 335),
(2, 335),
(3, 335),
(4, 335),
(1, 336),
(2, 336),
(3, 336),
(4, 336),
(1, 337),
(2, 337),
(3, 337),
(4, 337),
(1, 338),
(3, 338),
(1, 340),
(1, 341),
(1, 342),
(1, 343),
(1, 344),
(1, 345),
(1, 346),
(1, 347),
(3, 347),
(1, 348),
(1, 349),
(1, 350),
(1, 351),
(1, 352),
(1, 353),
(1, 354),
(1, 355),
(3, 355),
(1, 356),
(3, 356),
(1, 357),
(3, 357),
(1, 358),
(3, 359),
(2, 360),
(1, 361),
(2, 361),
(3, 361),
(4, 361),
(1, 362),
(2, 362),
(3, 362),
(4, 362),
(1, 363),
(2, 363),
(3, 363),
(4, 363),
(1, 364),
(3, 364),
(4, 364),
(1, 365),
(3, 365),
(1, 366),
(3, 366),
(1, 367),
(1, 368),
(1, 369),
(1, 370),
(3, 370),
(1, 380),
(1, 381),
(3, 381),
(1, 382),
(1, 383),
(1, 384),
(1, 385),
(1, 386),
(2, 386),
(3, 386),
(4, 386),
(3, 388),
(4, 388),
(3, 389),
(4, 389),
(3, 390),
(3, 391),
(3, 392),
(4, 392),
(1, 393),
(3, 394),
(2, 395),
(3, 395),
(2, 396),
(3, 396),
(2, 397),
(3, 397),
(2, 398),
(3, 398),
(3, 400),
(4, 400),
(3, 401),
(4, 401),
(3, 402),
(3, 403),
(3, 404),
(4, 404),
(1, 405),
(3, 406),
(2, 407),
(3, 407),
(2, 408),
(3, 408),
(2, 409),
(3, 409),
(2, 410),
(3, 410),
(4, 410),
(1, 412),
(1, 413),
(1, 414),
(1, 415),
(1, 416),
(1, 417),
(1, 418),
(1, 419),
(1, 420),
(1, 421),
(3, 421),
(1, 422),
(1, 423),
(3, 424),
(1, 425),
(2, 425),
(3, 425),
(4, 425),
(3, 426),
(4, 426),
(1, 427),
(1, 428),
(1, 429),
(2, 429),
(3, 429),
(4, 429),
(1, 430),
(3, 430),
(3, 431),
(1, 432),
(3, 432),
(3, 433),
(4, 433),
(3, 434),
(1, 435),
(2, 435),
(3, 435),
(1, 436),
(2, 436),
(3, 436),
(3, 437),
(3, 438),
(3, 439),
(4, 439),
(3, 440),
(4, 440),
(2, 441),
(3, 441),
(4, 441),
(3, 442),
(4, 442),
(3, 443),
(2, 444),
(1, 445),
(3, 445),
(4, 445),
(1, 446),
(3, 446),
(1, 447),
(3, 447),
(3, 448),
(1, 449),
(1, 450),
(3, 450),
(1, 451),
(3, 452),
(2, 453),
(3, 453),
(3, 454),
(1, 455),
(3, 455),
(4, 455),
(3, 456),
(4, 456),
(1, 457),
(3, 457),
(4, 457),
(1, 459),
(3, 459),
(1, 460),
(3, 460),
(3, 461),
(1, 462),
(1, 463),
(3, 463),
(1, 464),
(3, 465),
(2, 466),
(3, 466),
(1, 467),
(3, 467),
(1, 468),
(3, 468),
(1, 469),
(3, 469),
(1, 470),
(3, 470),
(3, 471),
(1, 472),
(3, 472),
(4, 472),
(3, 473),
(4, 473),
(1, 474),
(3, 474),
(4, 474),
(1, 475),
(3, 475),
(1, 476),
(3, 477),
(3, 478),
(4, 478),
(3, 479),
(4, 479),
(2, 480),
(1, 481),
(2, 481),
(3, 481),
(4, 481),
(1, 482),
(2, 482),
(3, 482),
(1, 483),
(2, 483),
(3, 483),
(4, 483),
(3, 484),
(3, 485),
(4, 485),
(3, 486),
(4, 486),
(2, 487),
(3, 487),
(4, 488),
(1, 491),
(2, 491),
(3, 491),
(4, 491),
(1, 492),
(2, 492),
(3, 492),
(4, 492),
(1, 493),
(2, 493),
(3, 493),
(4, 493),
(3, 494),
(4, 494),
(5, 580),
(6, 580),
(1, 600),
(4, 619),
(1, 645),
(1, 646),
(1, 647),
(1, 648),
(1, 649),
(1, 650),
(1, 651),
(1, 652),
(1, 653),
(1, 654),
(1, 655),
(1, 656),
(1, 657),
(1, 658),
(1, 659),
(1, 660),
(1, 661),
(1, 662),
(3, 662),
(1, 663),
(1, 664),
(1, 665),
(1, 666),
(1, 667),
(3, 667),
(1, 668),
(1, 669),
(1, 670),
(3, 670),
(4, 670),
(2, 671),
(3, 671),
(4, 673),
(6, 673),
(7, 673);

-- --------------------------------------------------------

--
-- Structure de la table `gevu_criteresxtypesxdroits`
--

DROP TABLE IF EXISTS `gevu_criteresxtypesxdroits`;
CREATE TABLE IF NOT EXISTS `gevu_criteresxtypesxdroits` (
  `id_type_droit` int(11) NOT NULL AUTO_INCREMENT,
  `id_critere` int(11) NOT NULL,
  PRIMARY KEY (`id_critere`,`id_type_droit`)
) ENGINE=MyISAM DEFAULT CHARSET=utf8 COLLATE=utf8_bin ROW_FORMAT=DYNAMIC AUTO_INCREMENT=1 ;

--
-- Contenu de la table `gevu_criteresxtypesxdroits`
--

INSERT INTO `gevu_criteresxtypesxdroits` (`id_type_droit`, `id_critere`) VALUES
(2, 1),
(3, 1),
(2, 2),
(3, 2),
(2, 3),
(3, 3),
(2, 4),
(3, 4),
(2, 5),
(3, 5),
(2, 6),
(3, 6),
(2, 7),
(3, 7),
(2, 8),
(3, 8),
(2, 9),
(3, 9),
(2, 10),
(3, 10),
(2, 11),
(3, 11),
(2, 12),
(3, 12),
(2, 13),
(3, 13),
(2, 14),
(3, 14),
(2, 23),
(3, 23),
(2, 24),
(3, 24),
(2, 25),
(3, 25),
(2, 26),
(3, 26),
(2, 29),
(3, 29),
(2, 30),
(3, 30),
(2, 31),
(3, 31),
(2, 32),
(3, 32),
(2, 33),
(3, 33),
(2, 34),
(3, 34),
(4, 35),
(4, 36),
(2, 38),
(3, 38),
(2, 39),
(3, 39),
(2, 40),
(3, 40),
(2, 41),
(3, 41),
(4, 41),
(2, 42),
(3, 42),
(2, 43),
(5, 43),
(4, 44),
(2, 45),
(5, 45),
(4, 46),
(2, 47),
(5, 47),
(2, 48),
(5, 48),
(2, 49),
(5, 49),
(2, 50),
(5, 50),
(2, 51),
(5, 51),
(2, 52),
(5, 52),
(2, 53),
(5, 53),
(2, 54),
(4, 54),
(5, 54),
(4, 55),
(2, 56),
(5, 56),
(2, 57),
(5, 57),
(2, 59),
(5, 59),
(2, 60),
(3, 60),
(5, 60),
(6, 60),
(2, 61),
(3, 61),
(5, 61),
(6, 61),
(2, 62),
(3, 62),
(5, 62),
(6, 62),
(4, 63),
(2, 64),
(5, 64),
(6, 64),
(2, 65),
(5, 65),
(6, 65),
(2, 66),
(5, 66),
(6, 66),
(2, 68),
(5, 68),
(6, 68),
(2, 69),
(5, 69),
(2, 72),
(2, 73),
(3, 73),
(2, 75),
(3, 75),
(4, 75),
(4, 77),
(2, 78),
(3, 78),
(2, 79),
(3, 79),
(2, 80),
(3, 80),
(2, 81),
(3, 81),
(2, 82),
(3, 82),
(2, 83),
(3, 83),
(2, 84),
(3, 84),
(2, 85),
(3, 85),
(2, 86),
(3, 86),
(2, 87),
(3, 87),
(2, 88),
(3, 88),
(2, 89),
(3, 89),
(2, 90),
(3, 90),
(4, 90),
(6, 90),
(2, 91),
(3, 91),
(6, 91),
(2, 93),
(3, 93),
(2, 101),
(3, 101),
(2, 102),
(3, 102),
(2, 103),
(3, 103),
(2, 104),
(3, 104),
(2, 105),
(3, 105),
(5, 105),
(6, 105),
(2, 106),
(3, 106),
(6, 106),
(2, 107),
(2, 108),
(2, 111),
(3, 111),
(2, 112),
(3, 112),
(2, 113),
(3, 113),
(2, 114),
(3, 114),
(2, 117),
(3, 117),
(2, 118),
(3, 118),
(2, 119),
(3, 119),
(2, 120),
(3, 120),
(2, 122),
(3, 122),
(2, 123),
(3, 123),
(2, 124),
(3, 124),
(2, 125),
(3, 125),
(2, 126),
(3, 126),
(2, 128),
(3, 128),
(2, 129),
(3, 129),
(2, 130),
(3, 130),
(2, 131),
(3, 131),
(2, 132),
(3, 132),
(2, 133),
(3, 133),
(2, 134),
(3, 134),
(2, 139),
(3, 139),
(2, 140),
(3, 140),
(2, 141),
(3, 141),
(2, 142),
(3, 142),
(2, 144),
(3, 144),
(2, 145),
(3, 145),
(2, 146),
(3, 146),
(2, 147),
(3, 147),
(2, 148),
(3, 148),
(2, 149),
(3, 149),
(2, 150),
(3, 150),
(2, 151),
(3, 151),
(2, 152),
(3, 152),
(2, 153),
(3, 153),
(2, 154),
(3, 154),
(2, 155),
(3, 155),
(2, 156),
(3, 156),
(2, 157),
(3, 157),
(4, 157),
(2, 158),
(3, 158),
(4, 158),
(2, 159),
(3, 159),
(2, 160),
(3, 160),
(2, 161),
(3, 161),
(4, 161),
(2, 162),
(3, 162),
(4, 162),
(2, 163),
(3, 163),
(2, 164),
(3, 164),
(2, 167),
(3, 167),
(6, 167),
(4, 168),
(2, 169),
(3, 169),
(2, 170),
(3, 170),
(2, 171),
(3, 171),
(2, 174),
(3, 174),
(2, 175),
(3, 175),
(2, 176),
(3, 176),
(2, 177),
(3, 177),
(4, 177),
(6, 177),
(2, 179),
(3, 179),
(4, 179),
(2, 181),
(3, 181),
(2, 182),
(3, 182),
(2, 183),
(3, 183),
(4, 183),
(2, 184),
(3, 184),
(2, 185),
(6, 185),
(2, 186),
(3, 186),
(2, 187),
(3, 187),
(2, 190),
(3, 190),
(4, 190),
(2, 191),
(3, 191),
(2, 192),
(3, 192),
(4, 192),
(2, 193),
(3, 193),
(2, 194),
(3, 194),
(2, 195),
(3, 195),
(4, 195),
(2, 196),
(3, 196),
(2, 197),
(3, 197),
(2, 198),
(3, 198),
(2, 199),
(3, 199),
(4, 199),
(2, 200),
(3, 200),
(2, 201),
(3, 201),
(4, 201),
(2, 202),
(3, 202),
(2, 203),
(3, 203),
(2, 204),
(3, 204),
(4, 204),
(2, 205),
(3, 205),
(2, 206),
(3, 206),
(2, 207),
(3, 207),
(2, 208),
(3, 208),
(2, 209),
(3, 209),
(3, 210),
(6, 210),
(3, 211),
(6, 211),
(2, 212),
(3, 212),
(4, 212),
(2, 213),
(3, 213),
(4, 216),
(2, 219),
(3, 219),
(2, 220),
(3, 220),
(2, 221),
(3, 221),
(2, 222),
(3, 222),
(2, 223),
(3, 223),
(2, 224),
(3, 224),
(4, 225),
(4, 227),
(2, 229),
(3, 229),
(2, 230),
(3, 230),
(2, 231),
(3, 231),
(4, 231),
(2, 232),
(3, 232),
(2, 233),
(3, 233),
(6, 233),
(2, 234),
(3, 234),
(2, 235),
(3, 235),
(2, 238),
(3, 238),
(4, 238),
(2, 239),
(3, 239),
(2, 240),
(3, 240),
(4, 240),
(2, 241),
(3, 241),
(2, 242),
(3, 242),
(2, 243),
(3, 243),
(4, 243),
(2, 244),
(3, 244),
(2, 245),
(3, 245),
(2, 246),
(3, 246),
(2, 247),
(3, 247),
(2, 249),
(2, 250),
(3, 250),
(2, 251),
(3, 251),
(2, 252),
(3, 252),
(2, 253),
(3, 253),
(2, 254),
(3, 254),
(2, 255),
(3, 255),
(2, 256),
(3, 256),
(2, 257),
(3, 257),
(2, 258),
(3, 258),
(6, 258),
(2, 259),
(3, 259),
(6, 259),
(2, 260),
(3, 260),
(6, 260),
(2, 261),
(3, 261),
(6, 261),
(2, 262),
(3, 262),
(2, 263),
(3, 263),
(6, 263),
(2, 264),
(3, 264),
(2, 265),
(3, 265),
(6, 265),
(2, 266),
(3, 266),
(6, 266),
(2, 267),
(3, 267),
(6, 267),
(2, 268),
(3, 268),
(6, 268),
(2, 269),
(3, 269),
(5, 270),
(2, 271),
(3, 271),
(5, 271),
(2, 272),
(5, 272),
(2, 273),
(5, 273),
(2, 276),
(2, 278),
(2, 279),
(2, 280),
(4, 280),
(2, 281),
(2, 282),
(2, 283),
(3, 283),
(6, 283),
(2, 284),
(3, 284),
(6, 284),
(2, 285),
(3, 285),
(6, 285),
(2, 286),
(3, 286),
(6, 286),
(2, 287),
(4, 287),
(4, 288),
(2, 289),
(4, 289),
(2, 290),
(4, 290),
(2, 291),
(3, 291),
(4, 291),
(6, 291),
(2, 293),
(3, 293),
(4, 293),
(6, 293),
(2, 294),
(3, 294),
(4, 294),
(6, 294),
(2, 295),
(3, 295),
(6, 295),
(4, 296),
(2, 297),
(3, 297),
(4, 297),
(2, 298),
(3, 298),
(4, 298),
(2, 299),
(3, 299),
(4, 299),
(2, 302),
(3, 302),
(4, 302),
(4, 303),
(2, 304),
(3, 304),
(2, 305),
(3, 305),
(4, 305),
(2, 307),
(3, 307),
(4, 307),
(2, 308),
(3, 308),
(4, 308),
(2, 309),
(3, 309),
(4, 309),
(2, 310),
(3, 310),
(4, 310),
(2, 311),
(3, 311),
(4, 311),
(4, 313),
(2, 314),
(3, 314),
(4, 314),
(2, 315),
(3, 315),
(4, 315),
(6, 315),
(2, 316),
(3, 316),
(4, 316),
(6, 316),
(2, 317),
(3, 317),
(4, 317),
(6, 317),
(2, 318),
(3, 318),
(6, 318),
(2, 319),
(3, 319),
(4, 319),
(2, 320),
(3, 320),
(4, 320),
(2, 321),
(6, 321),
(2, 322),
(4, 322),
(4, 324),
(4, 326),
(4, 327),
(4, 328),
(2, 331),
(2, 332),
(2, 333),
(6, 333),
(2, 334),
(3, 334),
(2, 335),
(3, 335),
(4, 336),
(2, 338),
(6, 338),
(4, 339),
(2, 340),
(3, 340),
(4, 340),
(2, 341),
(3, 341),
(4, 342),
(2, 343),
(3, 343),
(4, 343),
(6, 343),
(4, 344),
(2, 346),
(3, 346),
(2, 349),
(3, 349),
(2, 350),
(3, 350),
(2, 351),
(3, 351),
(2, 352),
(3, 352),
(2, 353),
(3, 353),
(2, 354),
(3, 354),
(2, 356),
(3, 356),
(2, 358),
(3, 358),
(2, 359),
(3, 359),
(2, 360),
(3, 360),
(2, 361),
(3, 361),
(2, 362),
(3, 362),
(2, 363),
(3, 363),
(2, 364),
(3, 364),
(3, 371),
(2, 372),
(3, 372),
(4, 372),
(2, 373),
(3, 373),
(4, 373),
(2, 374),
(3, 374),
(4, 374),
(2, 375),
(3, 375),
(2, 376),
(3, 376),
(2, 377),
(3, 377),
(2, 378),
(3, 378),
(2, 380),
(3, 380),
(2, 381),
(3, 381),
(2, 382),
(3, 382),
(2, 383),
(3, 383),
(2, 384),
(3, 384),
(2, 385),
(3, 385),
(2, 386),
(3, 386),
(2, 387),
(2, 388),
(3, 388),
(2, 390),
(3, 390),
(2, 391),
(3, 391),
(2, 392),
(3, 392),
(2, 394),
(3, 394),
(2, 395),
(3, 395),
(2, 399),
(3, 399),
(2, 400),
(3, 400),
(2, 402),
(3, 402),
(2, 403),
(3, 403),
(2, 404),
(3, 404),
(2, 406),
(3, 406),
(2, 407),
(3, 407),
(2, 411),
(3, 411),
(4, 412),
(2, 413),
(3, 413),
(2, 414),
(3, 414),
(2, 415),
(3, 415),
(4, 415),
(6, 415),
(2, 416),
(3, 416),
(2, 417),
(3, 417),
(2, 418),
(3, 418),
(2, 419),
(3, 419),
(2, 420),
(3, 420),
(2, 423),
(3, 423),
(2, 424),
(3, 424),
(2, 425),
(3, 425),
(2, 426),
(3, 426),
(2, 427),
(3, 427),
(2, 428),
(3, 428),
(2, 429),
(3, 429),
(2, 430),
(3, 430),
(2, 431),
(3, 431),
(2, 434),
(3, 434),
(2, 435),
(3, 435),
(2, 436),
(3, 436),
(2, 439),
(3, 439),
(2, 440),
(3, 440),
(2, 444),
(3, 444),
(2, 445),
(2, 446),
(3, 446),
(4, 446),
(2, 447),
(3, 447),
(4, 447),
(2, 448),
(3, 448),
(2, 449),
(3, 449),
(4, 449),
(2, 450),
(3, 450),
(4, 450),
(2, 452),
(3, 452),
(2, 453),
(3, 453),
(2, 454),
(3, 454),
(2, 455),
(3, 455),
(2, 457),
(3, 457),
(2, 458),
(3, 458),
(2, 459),
(3, 459),
(4, 459),
(2, 460),
(3, 460),
(4, 460),
(2, 461),
(3, 461),
(2, 462),
(3, 462),
(4, 462),
(2, 463),
(3, 463),
(4, 463),
(2, 465),
(3, 465),
(2, 466),
(3, 466),
(2, 467),
(3, 467),
(2, 468),
(3, 468),
(4, 468),
(2, 469),
(3, 469),
(2, 470),
(3, 470),
(4, 470),
(2, 471),
(3, 471),
(2, 472),
(3, 472),
(2, 474),
(3, 474),
(2, 480),
(3, 480),
(2, 489),
(3, 489),
(2, 490),
(3, 490),
(2, 491),
(3, 491),
(2, 492),
(3, 492),
(2, 493),
(3, 493),
(2, 494),
(3, 494),
(5, 495),
(5, 496),
(5, 497),
(5, 499),
(5, 500),
(5, 501),
(5, 502),
(5, 503),
(5, 504),
(5, 505),
(5, 506),
(5, 507),
(5, 508),
(5, 509),
(5, 510),
(5, 511),
(5, 512),
(5, 513),
(5, 515),
(5, 516),
(5, 517),
(5, 519),
(5, 520),
(5, 521),
(5, 522),
(5, 523),
(5, 524),
(5, 525),
(5, 526),
(5, 527),
(5, 528),
(5, 529),
(5, 530),
(5, 531),
(5, 532),
(5, 533),
(5, 534),
(5, 535),
(5, 536),
(5, 538),
(5, 539),
(5, 540),
(5, 541),
(5, 542),
(5, 543),
(5, 544),
(5, 546),
(5, 547),
(5, 548),
(5, 549),
(5, 550),
(5, 551),
(5, 552),
(5, 553),
(5, 554),
(5, 555),
(5, 556),
(5, 557),
(5, 558),
(5, 559),
(4, 560),
(5, 560),
(5, 561),
(4, 565),
(5, 577),
(5, 578),
(5, 579),
(5, 580),
(5, 581),
(5, 582),
(5, 584),
(5, 585),
(5, 586),
(5, 587),
(5, 588),
(5, 589),
(5, 590),
(5, 592),
(5, 593),
(5, 594),
(5, 595),
(5, 596),
(5, 597),
(5, 598),
(5, 600),
(5, 601),
(5, 602),
(5, 603),
(5, 604),
(5, 605),
(5, 606),
(5, 607),
(5, 608),
(5, 609),
(5, 610),
(5, 611),
(5, 612),
(5, 613),
(5, 614),
(5, 615),
(5, 616),
(5, 617),
(5, 618),
(5, 619),
(5, 620),
(5, 621),
(5, 622),
(5, 623),
(5, 624),
(5, 625),
(5, 626),
(5, 627),
(5, 628),
(5, 629),
(5, 630),
(5, 631),
(5, 632),
(5, 633),
(5, 634),
(5, 635),
(5, 636),
(7, 636),
(5, 637),
(5, 638),
(5, 639),
(5, 640),
(5, 641),
(5, 642),
(5, 643),
(5, 644),
(2, 645),
(3, 645),
(2, 646),
(3, 646),
(2, 647),
(3, 647),
(6, 647),
(2, 648),
(3, 648),
(6, 648),
(2, 649),
(3, 649),
(2, 650),
(3, 650),
(2, 651),
(3, 651),
(4, 651),
(2, 652),
(3, 652),
(4, 652),
(2, 654),
(3, 654),
(4, 655),
(4, 656),
(2, 657),
(3, 657),
(4, 657),
(2, 658),
(3, 658),
(2, 659),
(3, 659),
(2, 660),
(3, 660),
(2, 661),
(3, 661),
(2, 663),
(3, 663),
(4, 664),
(4, 668),
(4, 669),
(2, 671),
(3, 671),
(2, 672),
(3, 672),
(6, 672),
(5, 673),
(8, 673),
(9, 673);

-- --------------------------------------------------------

--
-- Structure de la table `gevu_diagnostics`
--

DROP TABLE IF EXISTS `gevu_diagnostics`;
CREATE TABLE IF NOT EXISTS `gevu_diagnostics` (
  `id_diag` int(11) NOT NULL AUTO_INCREMENT,
  `id_critere` int(11) NOT NULL,
  `id_reponse` int(11) NOT NULL,
  `id_instant` int(11) NOT NULL,
  `id_lieu` int(11) NOT NULL,
  `id_donnee` int(11) NOT NULL,
  `maj` datetime NOT NULL,
  PRIMARY KEY (`id_diag`),
  KEY `id_critere` (`id_critere`),
  KEY `id_lieu` (`id_lieu`),
  KEY `id_instant` (`id_instant`),
  KEY `id_reponse` (`id_reponse`),
  KEY `id_donnee` (`id_donnee`)
) ENGINE=MyISAM DEFAULT CHARSET=utf8 COLLATE=utf8_bin ROW_FORMAT=FIXED AUTO_INCREMENT=1 ;

--
-- Contenu de la table `gevu_diagnostics`
--


-- --------------------------------------------------------

--
-- Structure de la table `gevu_diagnosticsxvoirie`
--

DROP TABLE IF EXISTS `gevu_diagnosticsxvoirie`;
CREATE TABLE IF NOT EXISTS `gevu_diagnosticsxvoirie` (
  `id_diag_voirie` int(11) NOT NULL AUTO_INCREMENT,
  `id_lieu` int(11) NOT NULL,
  `id_instant` int(11) NOT NULL,
  `nom` varchar(255) COLLATE utf8_bin NOT NULL,
  `ref` varchar(32) COLLATE utf8_bin NOT NULL,
  `id_donnee` int(11) NOT NULL,
  `maj` datetime NOT NULL,
  PRIMARY KEY (`id_diag_voirie`),
  KEY `id_lieu` (`id_lieu`),
  KEY `id_instant` (`id_instant`)
) ENGINE=MyISAM DEFAULT CHARSET=utf8 COLLATE=utf8_bin ROW_FORMAT=DYNAMIC AUTO_INCREMENT=1 ;

--
-- Contenu de la table `gevu_diagnosticsxvoirie`
--


-- --------------------------------------------------------

--
-- Structure de la table `gevu_docs`
--

DROP TABLE IF EXISTS `gevu_docs`;
CREATE TABLE IF NOT EXISTS `gevu_docs` (
  `id_doc` int(11) NOT NULL AUTO_INCREMENT,
  `id_instant` int(11) NOT NULL,
  `url` varchar(255) COLLATE utf8_bin NOT NULL,
  `titre` varchar(255) COLLATE utf8_bin NOT NULL,
  `branche` int(11) NOT NULL,
  `tronc` varchar(255) COLLATE utf8_bin NOT NULL,
  `content_type` varchar(255) COLLATE utf8_bin NOT NULL,
  `path_source` varchar(255) COLLATE utf8_bin NOT NULL,
  `maj` datetime NOT NULL,
  PRIMARY KEY (`id_doc`),
  KEY `id_instant` (`id_instant`)
) ENGINE=MyISAM DEFAULT CHARSET=utf8 COLLATE=utf8_bin ROW_FORMAT=DYNAMIC AUTO_INCREMENT=1 ;

--
-- Contenu de la table `gevu_docs`
--


-- --------------------------------------------------------

--
-- Structure de la table `gevu_docsxlieux`
--

DROP TABLE IF EXISTS `gevu_docsxlieux`;
CREATE TABLE IF NOT EXISTS `gevu_docsxlieux` (
  `id_doc` int(11) NOT NULL,
  `id_lieu` int(11) NOT NULL,
  `id_instant` int(11) NOT NULL,
  PRIMARY KEY (`id_doc`,`id_lieu`),
  KEY `id_instant` (`id_instant`)
) ENGINE=MyISAM DEFAULT CHARSET=utf8 COLLATE=utf8_bin;

--
-- Contenu de la table `gevu_docsxlieux`
--


-- --------------------------------------------------------

--
-- Structure de la table `gevu_entreprises`
--

DROP TABLE IF EXISTS `gevu_entreprises`;
CREATE TABLE IF NOT EXISTS `gevu_entreprises` (
  `id_entreprise` int(11) NOT NULL AUTO_INCREMENT,
  `nom` varchar(100) COLLATE utf8_bin NOT NULL,
  `num` varchar(100) COLLATE utf8_bin NOT NULL,
  `voie` varchar(100) COLLATE utf8_bin NOT NULL,
  `code_postal` varchar(20) COLLATE utf8_bin NOT NULL,
  `ville` varchar(255) COLLATE utf8_bin NOT NULL,
  `pays` varchar(255) COLLATE utf8_bin NOT NULL,
  `telephone` varchar(20) COLLATE utf8_bin NOT NULL,
  `fax` varchar(20) COLLATE utf8_bin NOT NULL,
  `mail` varchar(255) COLLATE utf8_bin NOT NULL,
  `url` varchar(255) COLLATE utf8_bin NOT NULL,
  `observations` varchar(500) COLLATE utf8_bin NOT NULL,
  PRIMARY KEY (`id_entreprise`)
) ENGINE=MyISAM  DEFAULT CHARSET=utf8 COLLATE=utf8_bin ROW_FORMAT=DYNAMIC AUTO_INCREMENT=8 ;

--
-- Contenu de la table `gevu_entreprises`
--

INSERT INTO `gevu_entreprises` (`id_entreprise`, `nom`, `num`, `voie`, `code_postal`, `ville`, `pays`, `telephone`, `fax`, `mail`, `url`, `observations`) VALUES
(1, 'kjh', 'csv', '', '14140', '', '', '163542', '', '', '', ''),
(2, 'kj', '', '', '', '', '', '', '', '', '', ''),
(3, 'kj', 'kj', 'kj', 'kj', 'kj', 'kj', 'kj', 'kj', 'kj', 'kj', 'kj'),
(4, 'test', '', '', '', '', '', '', '', '', '', ''),
(5, 'qfgq', 'qsdg', 'qsgd', 'qsg', 'qsgd', 'qsdg', 'qsgd', 'qsg', 'qsg', 'qsg', 'qsgqsg'),
(6, 'sqfq', '', '', '', '', '', '', '', '', '', ''),
(7, 'fqs', '', 'qd', '', '', '', '', '', '', '', '');

-- --------------------------------------------------------

--
-- Structure de la table `gevu_espaces`
--

DROP TABLE IF EXISTS `gevu_espaces`;
CREATE TABLE IF NOT EXISTS `gevu_espaces` (
  `id_espace` int(11) NOT NULL AUTO_INCREMENT,
  `id_lieu` int(11) NOT NULL,
  `id_instant` int(11) NOT NULL,
  `ref` varchar(32) COLLATE utf8_bin NOT NULL,
  `id_type_espace` int(11) NOT NULL,
  `reponse_1` varchar(255) COLLATE utf8_bin NOT NULL,
  `reponse_2` varchar(255) COLLATE utf8_bin NOT NULL,
  `id_type_specifique_int` int(11) NOT NULL,
  `id_type_specifique_ext` int(11) NOT NULL,
  `id_donnee` int(11) NOT NULL,
  `maj` datetime NOT NULL,
  PRIMARY KEY (`id_espace`),
  KEY `id_lieu` (`id_lieu`),
  KEY `id_instant` (`id_instant`)
) ENGINE=MyISAM DEFAULT CHARSET=utf8 COLLATE=utf8_bin ROW_FORMAT=DYNAMIC AUTO_INCREMENT=1 ;

--
-- Contenu de la table `gevu_espaces`
--


-- --------------------------------------------------------

--
-- Structure de la table `gevu_espacesxexterieurs`
--

DROP TABLE IF EXISTS `gevu_espacesxexterieurs`;
CREATE TABLE IF NOT EXISTS `gevu_espacesxexterieurs` (
  `id_espace_ext` int(11) NOT NULL AUTO_INCREMENT,
  `id_lieu` int(11) NOT NULL,
  `id_instant` int(11) NOT NULL,
  `nom` varchar(255) COLLATE utf8_bin NOT NULL,
  `ref` varchar(32) COLLATE utf8_bin NOT NULL,
  `fonction` varchar(255) COLLATE utf8_bin NOT NULL,
  `id_type_espace` int(11) NOT NULL,
  `id_type_specifique_ext` int(11) NOT NULL,
  `id_donnee` int(11) NOT NULL,
  `maj` datetime NOT NULL,
  PRIMARY KEY (`id_espace_ext`),
  KEY `id_lieu` (`id_lieu`),
  KEY `id_instant` (`id_instant`)
) ENGINE=MyISAM DEFAULT CHARSET=utf8 COLLATE=utf8_bin ROW_FORMAT=DYNAMIC AUTO_INCREMENT=1 ;

--
-- Contenu de la table `gevu_espacesxexterieurs`
--


-- --------------------------------------------------------

--
-- Structure de la table `gevu_espacesxinterieurs`
--

DROP TABLE IF EXISTS `gevu_espacesxinterieurs`;
CREATE TABLE IF NOT EXISTS `gevu_espacesxinterieurs` (
  `id_espace_int` int(11) NOT NULL AUTO_INCREMENT,
  `id_lieu` int(11) NOT NULL,
  `id_instant` int(11) NOT NULL,
  `nom` varchar(255) COLLATE utf8_bin NOT NULL,
  `ref` varchar(32) COLLATE utf8_bin NOT NULL,
  `fonction` varchar(255) COLLATE utf8_bin NOT NULL,
  `id_type_specifique_int` int(11) NOT NULL,
  `id_donnee` int(11) NOT NULL,
  `maj` datetime NOT NULL,
  PRIMARY KEY (`id_espace_int`),
  KEY `id_lieu` (`id_lieu`),
  KEY `id_instant` (`id_instant`)
) ENGINE=MyISAM DEFAULT CHARSET=utf8 COLLATE=utf8_bin ROW_FORMAT=DYNAMIC AUTO_INCREMENT=1 ;

--
-- Contenu de la table `gevu_espacesxinterieurs`
--


-- --------------------------------------------------------

--
-- Structure de la table `gevu_etablissements`
--

DROP TABLE IF EXISTS `gevu_etablissements`;
CREATE TABLE IF NOT EXISTS `gevu_etablissements` (
  `id_etablissement` int(11) NOT NULL AUTO_INCREMENT,
  `id_lieu` int(11) NOT NULL,
  `id_instant` int(11) NOT NULL,
  `nom` varchar(255) COLLATE utf8_bin NOT NULL,
  `ref` varchar(32) COLLATE utf8_bin NOT NULL,
  `adresse` varchar(255) COLLATE utf8_bin NOT NULL,
  `commune` varchar(255) COLLATE utf8_bin NOT NULL,
  `pays` varchar(255) COLLATE utf8_bin NOT NULL,
  `code_postal` varchar(255) COLLATE utf8_bin NOT NULL,
  `contact_proprietaire` varchar(255) COLLATE utf8_bin NOT NULL,
  `contact_delegataire` varchar(255) COLLATE utf8_bin NOT NULL,
  `reponse_1` varchar(255) COLLATE utf8_bin NOT NULL,
  `reponse_2` varchar(255) COLLATE utf8_bin NOT NULL,
  `reponse_3` varchar(255) COLLATE utf8_bin NOT NULL,
  `reponse_4` varchar(255) COLLATE utf8_bin NOT NULL,
  `reponse_5` varchar(255) COLLATE utf8_bin NOT NULL,
  `id_donnee` int(11) NOT NULL,
  `maj` datetime NOT NULL,
  PRIMARY KEY (`id_etablissement`),
  KEY `id_lieu` (`id_lieu`),
  KEY `id_instant` (`id_instant`)
) ENGINE=MyISAM DEFAULT CHARSET=utf8 COLLATE=utf8_bin ROW_FORMAT=DYNAMIC AUTO_INCREMENT=1 ;

--
-- Contenu de la table `gevu_etablissements`
--


-- --------------------------------------------------------

--
-- Structure de la table `gevu_exis`
--

DROP TABLE IF EXISTS `gevu_exis`;
CREATE TABLE IF NOT EXISTS `gevu_exis` (
  `id_exi` int(11) NOT NULL AUTO_INCREMENT,
  `nom` varchar(255) COLLATE utf8_bin NOT NULL,
  `url` varchar(255) COLLATE utf8_bin NOT NULL,
  `mail` varchar(255) COLLATE utf8_bin NOT NULL,
  `mdp` varchar(32) COLLATE utf8_bin NOT NULL,
  `mdp_sel` varchar(32) COLLATE utf8_bin NOT NULL,
  `role` varchar(32) COLLATE utf8_bin NOT NULL,
  PRIMARY KEY (`id_exi`)
) ENGINE=MyISAM  DEFAULT CHARSET=utf8 COLLATE=utf8_bin ROW_FORMAT=DYNAMIC AUTO_INCREMENT=2 ;

--
-- Contenu de la table `gevu_exis`
--

INSERT INTO `gevu_exis` (`id_exi`, `nom`, `url`, `mail`, `mdp`, `mdp_sel`, `role`) VALUES
(1, 'samszo', '', '', 'samszo', '', 'manager');

-- --------------------------------------------------------

--
-- Structure de la table `gevu_georss`
--

DROP TABLE IF EXISTS `gevu_georss`;
CREATE TABLE IF NOT EXISTS `gevu_georss` (
  `id_georss` int(11) NOT NULL AUTO_INCREMENT,
  `id_instant` int(11) NOT NULL,
  `id_lieu` int(11) NOT NULL,
  `url` varchar(255) COLLATE utf8_bin NOT NULL,
  `id_donnee` int(11) NOT NULL,
  `maj` datetime NOT NULL,
  PRIMARY KEY (`id_georss`),
  KEY `id_instant` (`id_instant`),
  KEY `id_lieu` (`id_lieu`)
) ENGINE=MyISAM DEFAULT CHARSET=utf8 COLLATE=utf8_bin ROW_FORMAT=DYNAMIC AUTO_INCREMENT=1 ;

--
-- Contenu de la table `gevu_georss`
--


-- --------------------------------------------------------

--
-- Structure de la table `gevu_geos`
--

DROP TABLE IF EXISTS `gevu_geos`;
CREATE TABLE IF NOT EXISTS `gevu_geos` (
  `id_geo` int(11) NOT NULL AUTO_INCREMENT,
  `id_instant` int(11) NOT NULL,
  `id_lieu` int(11) NOT NULL,
  `lat` decimal(10,8) NOT NULL,
  `lng` decimal(10,8) NOT NULL,
  `zoom_min` int(11) NOT NULL,
  `zoom_max` int(11) NOT NULL,
  `adresse` varchar(255) COLLATE utf8_bin NOT NULL,
  `kml` text COLLATE utf8_bin NOT NULL,
  `id_type_carte` int(11) NOT NULL,
  `id_donnee` int(11) NOT NULL,
  `maj` datetime NOT NULL,
  PRIMARY KEY (`id_geo`),
  KEY `id_lieu` (`id_lieu`),
  KEY `id_instant` (`id_instant`)
) ENGINE=MyISAM DEFAULT CHARSET=utf8 COLLATE=utf8_bin ROW_FORMAT=DYNAMIC AUTO_INCREMENT=1 ;

--
-- Contenu de la table `gevu_geos`
--


-- --------------------------------------------------------

--
-- Structure de la table `gevu_instants`
--

DROP TABLE IF EXISTS `gevu_instants`;
CREATE TABLE IF NOT EXISTS `gevu_instants` (
  `id_instant` int(11) NOT NULL AUTO_INCREMENT,
  `maintenant` datetime NOT NULL,
  `ici` varchar(255) COLLATE utf8_bin NOT NULL,
  `id_exi` int(11) NOT NULL,
  `nom` varchar(255) COLLATE utf8_bin NOT NULL,
  PRIMARY KEY (`id_instant`)
) ENGINE=MyISAM DEFAULT CHARSET=utf8 COLLATE=utf8_bin ROW_FORMAT=DYNAMIC AUTO_INCREMENT=1 ;

--
-- Contenu de la table `gevu_instants`
--


-- --------------------------------------------------------

--
-- Structure de la table `gevu_instantsxdocs`
--

DROP TABLE IF EXISTS `gevu_instantsxdocs`;
CREATE TABLE IF NOT EXISTS `gevu_instantsxdocs` (
  `id_doc` int(11) NOT NULL,
  `id_instant` int(11) NOT NULL,
  PRIMARY KEY (`id_doc`,`id_instant`)
) ENGINE=MyISAM DEFAULT CHARSET=utf8 COLLATE=utf8_bin ROW_FORMAT=FIXED;

--
-- Contenu de la table `gevu_instantsxdocs`
--


-- --------------------------------------------------------

--
-- Structure de la table `gevu_lieux`
--

DROP TABLE IF EXISTS `gevu_lieux`;
CREATE TABLE IF NOT EXISTS `gevu_lieux` (
  `id_lieu` int(11) NOT NULL AUTO_INCREMENT,
  `id_rubrique` int(11) NOT NULL,
  `lib` varchar(255) COLLATE utf8_bin NOT NULL,
  `id_parent` int(11) NOT NULL,
  `id_instant` int(11) NOT NULL,
  `lft` int(11) NOT NULL,
  `rgt` int(11) NOT NULL,
  `niv` int(11) NOT NULL,
  `maj` datetime NOT NULL,
  PRIMARY KEY (`id_lieu`),
  UNIQUE KEY `arbre` (`lft`,`rgt`,`id_instant`),
  KEY `id_parent` (`id_parent`),
  KEY `id_rubrique` (`id_rubrique`),
  KEY `id_instant` (`id_instant`)
) ENGINE=MyISAM DEFAULT CHARSET=utf8 COLLATE=utf8_bin ROW_FORMAT=DYNAMIC AUTO_INCREMENT=1 ;

--
-- Contenu de la table `gevu_lieux`
--


-- --------------------------------------------------------

--
-- Structure de la table `gevu_metiers`
--

DROP TABLE IF EXISTS `gevu_metiers`;
CREATE TABLE IF NOT EXISTS `gevu_metiers` (
  `id_metier` int(11) NOT NULL AUTO_INCREMENT,
  `lib` varchar(255) COLLATE utf8_bin NOT NULL,
  PRIMARY KEY (`id_metier`)
) ENGINE=MyISAM  DEFAULT CHARSET=utf8 COLLATE=utf8_bin ROW_FORMAT=DYNAMIC AUTO_INCREMENT=10 ;

--
-- Contenu de la table `gevu_metiers`
--

INSERT INTO `gevu_metiers` (`id_metier`, `lib`) VALUES
(1, 'Electricien'),
(2, 'Plombier'),
(3, 'Peintre'),
(4, 'Menuisier'),
(5, ' Electricien'),
(6, 'Carreleur'),
(7, 'Architecte'),
(8, ' Plombier'),
(9, ' Maçon');

-- --------------------------------------------------------

--
-- Structure de la table `gevu_niveaux`
--

DROP TABLE IF EXISTS `gevu_niveaux`;
CREATE TABLE IF NOT EXISTS `gevu_niveaux` (
  `id_niveau` int(11) NOT NULL AUTO_INCREMENT,
  `id_lieu` int(11) NOT NULL,
  `id_instant` int(11) NOT NULL,
  `nom` varchar(255) COLLATE utf8_bin NOT NULL,
  `ref` varchar(32) COLLATE utf8_bin NOT NULL,
  `id_reponse_1` int(11) NOT NULL,
  `id_reponse_2` int(11) NOT NULL,
  `id_reponse_3` int(11) NOT NULL,
  `id_donnee` int(11) NOT NULL,
  `maj` datetime NOT NULL,
  PRIMARY KEY (`id_niveau`),
  KEY `id_lieu` (`id_lieu`,`id_instant`)
) ENGINE=MyISAM DEFAULT CHARSET=utf8 COLLATE=utf8_bin ROW_FORMAT=DYNAMIC AUTO_INCREMENT=1 ;

--
-- Contenu de la table `gevu_niveaux`
--


-- --------------------------------------------------------

--
-- Structure de la table `gevu_objetsxexterieurs`
--

DROP TABLE IF EXISTS `gevu_objetsxexterieurs`;
CREATE TABLE IF NOT EXISTS `gevu_objetsxexterieurs` (
  `id_objet_ext` int(11) NOT NULL AUTO_INCREMENT,
  `id_lieu` int(11) NOT NULL,
  `id_instant` int(11) NOT NULL,
  `nom` varchar(255) COLLATE utf8_bin NOT NULL,
  `ref` varchar(32) COLLATE utf8_bin NOT NULL,
  `fonctions` varchar(255) COLLATE utf8_bin NOT NULL,
  `id_type_objet` varchar(255) COLLATE utf8_bin NOT NULL,
  `id_type_objet_ext` varchar(255) COLLATE utf8_bin NOT NULL,
  `id_donnee` int(11) NOT NULL,
  `maj` datetime NOT NULL,
  PRIMARY KEY (`id_objet_ext`),
  KEY `id_lieu` (`id_lieu`),
  KEY `id_instant` (`id_instant`)
) ENGINE=MyISAM DEFAULT CHARSET=utf8 COLLATE=utf8_bin ROW_FORMAT=DYNAMIC AUTO_INCREMENT=1 ;

--
-- Contenu de la table `gevu_objetsxexterieurs`
--


-- --------------------------------------------------------

--
-- Structure de la table `gevu_objetsxinterieurs`
--

DROP TABLE IF EXISTS `gevu_objetsxinterieurs`;
CREATE TABLE IF NOT EXISTS `gevu_objetsxinterieurs` (
  `id_objet_int` int(11) NOT NULL AUTO_INCREMENT,
  `id_lieu` int(11) NOT NULL,
  `id_instant` int(11) NOT NULL,
  `nom` varchar(255) COLLATE utf8_bin NOT NULL,
  `ref` varchar(32) COLLATE utf8_bin NOT NULL,
  `fonctions` varchar(255) COLLATE utf8_bin NOT NULL,
  `reponse_1` varchar(255) COLLATE utf8_bin NOT NULL,
  `reponse_2` varchar(255) COLLATE utf8_bin NOT NULL,
  `id_type_objet` varchar(255) COLLATE utf8_bin NOT NULL,
  `id_donnee` int(11) NOT NULL,
  `maj` datetime NOT NULL,
  PRIMARY KEY (`id_objet_int`),
  KEY `id_lieu` (`id_lieu`),
  KEY `id_instant` (`id_instant`)
) ENGINE=MyISAM DEFAULT CHARSET=utf8 COLLATE=utf8_bin ROW_FORMAT=DYNAMIC AUTO_INCREMENT=1 ;

--
-- Contenu de la table `gevu_objetsxinterieurs`
--


-- --------------------------------------------------------

--
-- Structure de la table `gevu_objetsxvoiries`
--

DROP TABLE IF EXISTS `gevu_objetsxvoiries`;
CREATE TABLE IF NOT EXISTS `gevu_objetsxvoiries` (
  `id_objet_voirie` int(11) NOT NULL AUTO_INCREMENT,
  `id_lieu` int(11) NOT NULL,
  `id_instant` int(11) NOT NULL,
  `nom` varchar(255) COLLATE utf8_bin NOT NULL,
  `ref` varchar(32) COLLATE utf8_bin NOT NULL,
  `id_type_objet_voirie` varchar(255) COLLATE utf8_bin NOT NULL,
  `id_donnee` int(11) NOT NULL,
  `maj` datetime NOT NULL,
  PRIMARY KEY (`id_objet_voirie`),
  KEY `id_lieu` (`id_lieu`),
  KEY `id_instant` (`id_instant`)
) ENGINE=MyISAM DEFAULT CHARSET=utf8 COLLATE=utf8_bin ROW_FORMAT=DYNAMIC AUTO_INCREMENT=1 ;

--
-- Contenu de la table `gevu_objetsxvoiries`
--


-- --------------------------------------------------------

--
-- Structure de la table `gevu_observations`
--

DROP TABLE IF EXISTS `gevu_observations`;
CREATE TABLE IF NOT EXISTS `gevu_observations` (
  `id_observations` int(11) NOT NULL AUTO_INCREMENT,
  `id_lieu` int(11) NOT NULL,
  `id_instant` int(11) NOT NULL,
  `id_reponse` int(11) NOT NULL,
  `num_marker` varchar(255) COLLATE utf8_bin NOT NULL,
  `lib` varchar(255) COLLATE utf8_bin NOT NULL,
  `id_critere` int(11) NOT NULL,
  `id_donnee` int(11) NOT NULL,
  `maj` datetime NOT NULL,
  PRIMARY KEY (`id_observations`),
  KEY `id_lieu` (`id_lieu`,`id_instant`,`id_reponse`,`id_critere`)
) ENGINE=MyISAM DEFAULT CHARSET=utf8 COLLATE=utf8_bin ROW_FORMAT=DYNAMIC AUTO_INCREMENT=1 ;

--
-- Contenu de la table `gevu_observations`
--


-- --------------------------------------------------------

--
-- Structure de la table `gevu_paramximport`
--

DROP TABLE IF EXISTS `gevu_paramximport`;
CREATE TABLE IF NOT EXISTS `gevu_paramximport` (
  `id_paramximport` int(11) NOT NULL AUTO_INCREMENT,
  `colSource` varchar(255) COLLATE utf8_bin NOT NULL,
  `colChamp` varchar(32) COLLATE utf8_bin NOT NULL,
  `objDest` varchar(255) COLLATE utf8_bin NOT NULL,
  `ordre` int(11) NOT NULL,
  `type_import` varchar(32) COLLATE utf8_bin NOT NULL,
  PRIMARY KEY (`id_paramximport`)
) ENGINE=MyISAM  DEFAULT CHARSET=utf8 COLLATE=utf8_bin ROW_FORMAT=DYNAMIC AUTO_INCREMENT=53 ;

--
-- Contenu de la table `gevu_paramximport`
--

INSERT INTO `gevu_paramximport` (`id_paramximport`, `colSource`, `colChamp`, `objDest`, `ordre`, `type_import`) VALUES
(21, 'Type de contrôle', '', 'Model_DbTable_Gevu_criteres.Model_DbTable_Gevu_typesxcontroles.id_type_controle', 0, 'csv_criteres'),
(22, 'Identifiant', '', 'Model_DbTable_Gevu_criteres.ref', 1, 'csv_criteres'),
(23, 'Critères', '', 'Model_DbTable_Gevu_criteres.criteres', 2, 'csv_criteres'),
(24, 'Réglementaire', 'lib', 'Model_DbTable_Gevu_criteresxtypesxcriteres.Model_DbTable_Gevu_typesxcriteres.id_type_critere', 3, 'csv_criteres'),
(25, 'Souhaitable', 'lib', 'Model_DbTable_Gevu_criteresxtypesxcriteres.Model_DbTable_Gevu_typesxcriteres.id_type_critere', 4, 'csv_criteres'),
(26, 'Travail', 'lib', 'Model_DbTable_Gevu_criteresxtypesxdroits.Model_DbTable_Gevu_typesxdroits.id_type_droit', 5, 'csv_criteres'),
(27, 'ERP_IOP', 'lib', 'Model_DbTable_Gevu_criteresxtypesxdroits.Model_DbTable_Gevu_typesxdroits.id_type_droit', 6, 'csv_criteres'),
(28, 'Logement', 'lib', 'Model_DbTable_Gevu_criteresxtypesxdroits.Model_DbTable_Gevu_typesxdroits.id_type_droit', 7, 'csv_criteres'),
(29, 'Voirie', 'lib', 'Model_DbTable_Gevu_criteresxtypesxdroits.Model_DbTable_Gevu_typesxdroits.id_type_droit', 8, 'csv_criteres'),
(30, 'ERP_IOP existant', 'lib', 'Model_DbTable_Gevu_criteresxtypesxdroits.Model_DbTable_Gevu_typesxdroits.id_type_droit', 9, 'csv_criteres'),
(31, 'Modalité particulière', 'lib', 'Model_DbTable_Gevu_criteresxtypesxdroits.Model_DbTable_Gevu_typesxdroits.id_type_droit', 10, 'csv_criteres'),
(32, 'motrice', 'lib', 'Model_DbTable_Gevu_criteresxtypesxdeficience.Model_DbTable_Gevu_typesxdeficiences.id_type_deficience', 11, 'csv_criteres'),
(33, 'auditive', 'lib', 'Model_DbTable_Gevu_criteresxtypesxdeficience.Model_DbTable_Gevu_typesxdeficiences.id_type_deficience', 12, 'csv_criteres'),
(34, 'visuelle', 'lib', 'Model_DbTable_Gevu_criteresxtypesxdeficience.Model_DbTable_Gevu_typesxdeficiences.id_type_deficience', 13, 'csv_criteres'),
(35, 'cognitive', 'lib', 'Model_DbTable_Gevu_criteresxtypesxdeficience.Model_DbTable_Gevu_typesxdeficiences.id_type_deficience', 14, 'csv_criteres'),
(36, 'Affirmations', '', 'Model_DbTable_Gevu_criteres.affirmation', 15, 'csv_criteres'),
(37, 'Handicateur moteur', '', 'Model_DbTable_Gevu_criteres.handicateur_moteur', 16, 'csv_criteres'),
(38, 'Handicateur auditif', '', 'Model_DbTable_Gevu_criteres.handicateur_auditif', 17, 'csv_criteres'),
(39, 'Handicateur visuel', '', 'Model_DbTable_Gevu_criteres.handicateur_visuel', 18, 'csv_criteres'),
(40, 'Handicateur cognitif', '', 'Model_DbTable_Gevu_criteres.handicateur_cognitif', 19, 'csv_criteres'),
(41, 'Id_Critère', 'ref', 'Model_DbTable_Gevu_solutionsxcriteres.Model_DbTable_Gevu_criteres.id_critere', 1, 'csv_solutions'),
(42, 'Id_Solution', '', 'Model_DbTable_Gevu_solutions.ref', 2, 'csv_solutions'),
(43, 'Descriptif de la solution', '', 'Model_DbTable_Gevu_solutions.lib', 3, 'csv_solutions'),
(44, 'Type de solution', 'lib', 'Model_DbTable_Gevu_solutions.Model_DbTable_Gevu_typesxsolutions.id_type_solution', 4, 'csv_solutions'),
(45, 'Corps de métier mobilisé', 'lib', 'Model_DbTable_Gevu_solutionsxmetiers.Model_DbTable_Gevu_metiers.id_metier', 5, 'csv_solutions'),
(47, 'ID_solution', 'ref', 'Model_DbTable_Gevu_solutionsxcouts.Model_DbTable_Gevu_solutions.id_solution', 1, 'csv_solutions_cout'),
(48, 'Coût unitaire', '', 'Model_DbTable_Gevu_couts.unite', 2, 'csv_solutions_cout'),
(49, 'Coût m²', '', 'Model_DbTable_Gevu_couts.metre_carre', 3, 'csv_solutions_cout'),
(50, 'Coût mètre linéaire', '', 'Model_DbTable_Gevu_couts.metre_lineaire', 4, 'csv_solutions_cout'),
(51, 'Coût du produit acheté', '', 'Model_DbTable_Gevu_couts.achat', 5, 'csv_solutions_cout'),
(52, 'Coût du produit posé', '', 'Model_DbTable_Gevu_couts.pose', 6, 'csv_solutions_cout');

-- --------------------------------------------------------

--
-- Structure de la table `gevu_parcelles`
--

DROP TABLE IF EXISTS `gevu_parcelles`;
CREATE TABLE IF NOT EXISTS `gevu_parcelles` (
  `id_parcelle` int(11) NOT NULL AUTO_INCREMENT,
  `id_lieu` int(11) NOT NULL,
  `id_instant` int(11) NOT NULL,
  `nom` varchar(255) COLLATE utf8_bin NOT NULL,
  `ref` varchar(32) COLLATE utf8_bin NOT NULL,
  `adresse` varchar(255) COLLATE utf8_bin NOT NULL,
  `commune` varchar(255) COLLATE utf8_bin NOT NULL,
  `pays` varchar(255) COLLATE utf8_bin NOT NULL,
  `code_postal` varchar(255) COLLATE utf8_bin NOT NULL,
  `contact_proprietaire` varchar(255) COLLATE utf8_bin NOT NULL,
  `reponse_1` varchar(255) COLLATE utf8_bin NOT NULL,
  `reponse_2` varchar(255) COLLATE utf8_bin NOT NULL,
  `id_donnee` int(11) NOT NULL,
  `maj` datetime NOT NULL,
  PRIMARY KEY (`id_parcelle`),
  KEY `id_lieu` (`id_lieu`),
  KEY `id_instant` (`id_instant`)
) ENGINE=MyISAM DEFAULT CHARSET=utf8 COLLATE=utf8_bin ROW_FORMAT=DYNAMIC AUTO_INCREMENT=1 ;

--
-- Contenu de la table `gevu_parcelles`
--


-- --------------------------------------------------------

--
-- Structure de la table `gevu_problemes`
--

DROP TABLE IF EXISTS `gevu_problemes`;
CREATE TABLE IF NOT EXISTS `gevu_problemes` (
  `id_probleme` int(11) NOT NULL AUTO_INCREMENT,
  `id_lieu` int(11) NOT NULL,
  `id_critere` int(11) NOT NULL,
  `num_marker` varchar(255) COLLATE utf8_bin NOT NULL,
  `mesure` varchar(255) COLLATE utf8_bin NOT NULL,
  `observations` varchar(255) COLLATE utf8_bin NOT NULL,
  `fichier` varchar(255) COLLATE utf8_bin NOT NULL,
  `doc` varchar(255) COLLATE utf8_bin NOT NULL,
  `id_instant` int(11) NOT NULL,
  `id_donnee` int(11) NOT NULL,
  `maj` datetime NOT NULL,
  PRIMARY KEY (`id_probleme`),
  KEY `id_lieu` (`id_lieu`),
  KEY `id_critere` (`id_critere`),
  KEY `id_instant` (`id_instant`)
) ENGINE=MyISAM DEFAULT CHARSET=utf8 COLLATE=utf8_bin ROW_FORMAT=DYNAMIC AUTO_INCREMENT=1 ;

--
-- Contenu de la table `gevu_problemes`
--


-- --------------------------------------------------------

--
-- Structure de la table `gevu_produits`
--

DROP TABLE IF EXISTS `gevu_produits`;
CREATE TABLE IF NOT EXISTS `gevu_produits` (
  `id_produit` int(11) NOT NULL AUTO_INCREMENT,
  `id_entreprise` int(11) NOT NULL,
  `ref` varchar(32) COLLATE utf8_bin NOT NULL,
  `description` varchar(500) COLLATE utf8_bin NOT NULL,
  `technique` varchar(500) COLLATE utf8_bin NOT NULL,
  `preconisation` varchar(500) COLLATE utf8_bin NOT NULL,
  `marque` varchar(100) COLLATE utf8_bin NOT NULL,
  `url` varchar(255) COLLATE utf8_bin NOT NULL,
  PRIMARY KEY (`id_produit`)
) ENGINE=MyISAM  DEFAULT CHARSET=utf8 COLLATE=utf8_bin ROW_FORMAT=DYNAMIC AUTO_INCREMENT=5 ;

--
-- Contenu de la table `gevu_produits`
--

INSERT INTO `gevu_produits` (`id_produit`, `id_entreprise`, `ref`, `description`, `technique`, `preconisation`, `marque`, `url`) VALUES
(3, 2, 'qsdf', 'qsdf', 'qsdf', 'qsdf', 'qsdf', 'qsdf'),
(4, 3, 'cvx', 'erae', 'sdfsdf', 'wxc<wxc', 'xwcv', 'wxcv');

-- --------------------------------------------------------

--
-- Structure de la table `gevu_produitsxcouts`
--

DROP TABLE IF EXISTS `gevu_produitsxcouts`;
CREATE TABLE IF NOT EXISTS `gevu_produitsxcouts` (
  `id_produit` int(11) NOT NULL,
  `id_cout` int(11) NOT NULL,
  PRIMARY KEY (`id_produit`,`id_cout`)
) ENGINE=MyISAM DEFAULT CHARSET=utf8 COLLATE=utf8_bin ROW_FORMAT=DYNAMIC;

--
-- Contenu de la table `gevu_produitsxcouts`
--

INSERT INTO `gevu_produitsxcouts` (`id_produit`, `id_cout`) VALUES
(3, 1),
(4, 2);

-- --------------------------------------------------------

--
-- Structure de la table `gevu_produitsxexperimentations`
--

DROP TABLE IF EXISTS `gevu_produitsxexperimentations`;
CREATE TABLE IF NOT EXISTS `gevu_produitsxexperimentations` (
  `id_produit` int(11) NOT NULL,
  `id_experimentation` int(11) NOT NULL,
  PRIMARY KEY (`id_produit`,`id_experimentation`)
) ENGINE=MyISAM DEFAULT CHARSET=utf8 COLLATE=utf8_bin ROW_FORMAT=DYNAMIC;

--
-- Contenu de la table `gevu_produitsxexperimentations`
--


-- --------------------------------------------------------

--
-- Structure de la table `gevu_solutions`
--

DROP TABLE IF EXISTS `gevu_solutions`;
CREATE TABLE IF NOT EXISTS `gevu_solutions` (
  `id_solution` int(11) NOT NULL AUTO_INCREMENT,
  `ref` varchar(255) COLLATE utf8_bin NOT NULL,
  `lib` varchar(300) COLLATE utf8_bin NOT NULL,
  `id_type_solution` int(11) NOT NULL,
  `maj` datetime NOT NULL,
  PRIMARY KEY (`id_solution`),
  KEY `id_type_solution` (`id_type_solution`)
) ENGINE=MyISAM  DEFAULT CHARSET=utf8 COLLATE=utf8_bin ROW_FORMAT=DYNAMIC AUTO_INCREMENT=526 ;

--
-- Contenu de la table `gevu_solutions`
--

INSERT INTO `gevu_solutions` (`id_solution`, `ref`, `lib`, `id_type_solution`, `maj`) VALUES
(1, '1_so_acc_01', 'Fourniture d''un point d''accueil avec une partie haute utilisable en position debout et une partie basse d''une hauteur de 80 cm maxi, avec un vide en partie inférieure de 30 cm de profondeur, de 60 cm de largeur et de 70 cm de hauteur permettant l''accueil d''un UFR.', 1, '2010-11-04 00:00:00'),
(2, '1_so_acc_02', 'Ouvrir le point d''accueil accessible en priorité', 2, '2010-11-04 00:00:00'),
(3, '1_so_acc_03', 'Fourniture d''une signalétique indiquant l''accueil dès l''entrée', 1, '2010-11-04 00:00:00'),
(4, '1_so_acc_04', 'Déplacer les éventuels obstacles présent sur le plan de travail du point d''accueil afin de permettre une communication visuelle entre les usagers et le personnel', 2, '2010-11-04 00:00:00'),
(5, '1_so_acc_05', 'Modification de l''accueil existant afin de permettre une communication aisée avec le personnel d''accueil', 1, '2010-11-04 00:00:00'),
(6, '1_so_acc_06', 'Mise en place d''un écran LCD.', 1, '2010-11-04 00:00:00'),
(7, '1_so_acc_07', 'Fourniture et pose d''un système de transmission d''un signal acoustique par induction magnétique', 1, '2010-11-04 00:00:00'),
(8, '1_so_acc_08', 'Fourniture d''une signalétique indiquant que le point d''accueil est sonorisé', 1, '2010-11-04 00:00:00'),
(9, '1_so_acc_09', 'Veiller à ce que les boucles magnétiques n''interfèrent pas ', 2, '2010-11-04 00:00:00'),
(10, '1_so_acc_10', 'Mise à disposition d''un ou plusieurs siège(s) à disposition à proximité de l''accueil (attention à leur disposition sur le cheminement)', 2, '2010-11-04 00:00:00'),
(11, '1_so_acc_11', 'Mise en place d''une main courante avec garde corps au sol', 1, '2010-11-04 00:00:00'),
(12, '1_so_acc_12', 'Mise en place un guide visuellement et tactillement contrasté au sol, menant au point d''accueil', 1, '2010-11-04 00:00:00'),
(13, '1_so_acc_13', 'Dans le cas où son utilisation n''est pas indispensable, suppression du guide fil', 2, '2010-11-04 00:00:00'),
(14, '1_so_acc_14', 'Formation du personnel à l''accueil des personnes déficientes', 2, '2010-11-04 00:00:00'),
(15, '1_so_acc_15', 'Déplacer le mobilier afin que le personnel d''accueil ne soit pas à contre jour', 2, '2010-11-04 00:00:00'),
(16, '1_so_acc_16', 'Si le contre jour est lié à la présence d''une vitre ou d''une surface laissant pénétrer la lumière, il est possible de traiter cette surface ou de poser un store vénitien.', 1, '2010-11-04 00:00:00'),
(17, '1_so_acc_17', 'Si le contre jour est lié à une mauvaise orientation de l''éclairage artificiel, il est possible de modifier l''orientation de l''éclairage.', 2, '2010-11-04 00:00:00'),
(18, '1_so_acc_18', 'Fourniture de luminaires fournissant un éclairage de 200 lux.', 1, '2010-11-04 00:00:00'),
(19, '1_so_air_sta_01', 'Changer le portique d''entrée des véhicules afin d''obtenir une hauteur minimale de 220 cm', 1, '2010-11-04 00:00:00'),
(20, '1_so_air_sta_02', 'Fourniture d''un panneau de signalisation adapté signalant l''emplacement adapté dès l''entrée du parking  ', 1, '2010-11-04 00:00:00'),
(21, '1_so_air_sta_03', 'Mise en place d''un interphone visiophone spécial extérieur sur borne accessible', 1, '2010-11-04 00:00:00'),
(22, '1_so_air_sta_04', 'Création d''un ou plusieurs emplacement(s) adapté(s) avec marquage au sol, bande latérale, panneaux de signalisation et de rappel à l''amende sur parking en enrobé.', 1, '2010-11-04 00:00:00'),
(23, '1_so_air_sta_05', 'Création d''une zone dépose minute permettant l''accès à l''entrée de la parcelle ou du bâtiment', 1, '2010-11-04 00:00:00'),
(24, '1_so_air_sta_06', 'Fourniture de luminaires extérieurs de 50 lux minimum au sol sur une surface de 16 m²  ', 1, '2010-11-04 00:00:00'),
(25, '1_so_air_sta_07', 'Fourniture de luminaires extérieurs fournissant 30 lux au sol en moyenne sur une surface de 20m² ', 1, '2010-11-04 00:00:00'),
(26, '1_so_asc_cab_01', 'Déplacer le panneau de commandes intérieures afin de répondre aux critères d''accessibilité', 1, '2010-11-04 00:00:00'),
(27, '1_so_asc_cab_02', 'Modification du panneau de commandes intérieures afin de répondre aux critères d''accessibilité', 1, '2010-11-04 00:00:00'),
(28, '1_so_asc_cab_03', 'Mise en place d''un ascenseur conforme aux critères d''accessibilité', 1, '2010-11-04 00:00:00'),
(29, '1_so_asc_cab_04', 'Mise en place d''une main courante', 1, '2010-11-04 00:00:00'),
(30, '1_so_asc_cab_05', 'Mise en place d''un siège rabattable', 1, '2010-11-04 00:00:00'),
(31, '1_so_asc_cab_06', 'Mise en place d''un miroir', 1, '2010-11-04 00:00:00'),
(32, '1_so_asc_cab_07', 'Mise en place d''un affichage permettant de connaitre les numéros d''étages ', 1, '2010-11-04 00:00:00'),
(33, '1_so_asc_cab_08', 'Mise en place d''un système de transmission de message vocal', 1, '2010-11-04 00:00:00'),
(34, '1_so_asc_cab_03', 'Modification du panneau de commandes intérieures afin de répondre aux critères d''accessibilité', 1, '2010-11-04 00:00:00'),
(35, '1_so_asc_cab_09', 'Mettre en accès libre l''ascenseur', 2, '2010-11-04 00:00:00'),
(36, '1_so_asc_cab_10', 'Mise en place d''un éclairage fournissant 150 Lux', 1, '2010-11-04 00:00:00'),
(37, '1_so_chem_ext_01', 'Réalisation d''un dallage en gravillon lavé sur une largeur minimale de 140 cm sans obstacles', 1, '2010-11-04 00:00:00'),
(38, '1_so_chem_ext_02', 'Réalisation d''une dalle en béton sur une largeur minimale de 140 cm sans obstacles', 1, '2010-11-04 00:00:00'),
(39, '1_so_chem_ext_03', 'Réalisation d''un dallage en pavé auto-bloquant sur une largeur minimale de 140 cm sans obstacles', 1, '2010-11-04 00:00:00'),
(40, '1_so_chem_ext_04', 'Réalisation d''un chemin simple  en enrobé noir sur une largeur minimale de 140 cm sans obstacles', 1, '2010-11-04 00:00:00'),
(41, '1_so_chem_ext_04', 'Réalisation d''un cheminement en enrobé noir sur une largeur minimale de 140 cm sans obstacles', 1, '2010-11-04 00:00:00'),
(42, '1_so_chem_ext_05', 'Réorganisation des flux de circulation piétonne afin que le cheminement accessible soit le cheminement usuel', 3, '2010-11-04 00:00:00'),
(43, '1_so_chem_ext_06', 'Aménagement du cheminement usuel par la réalisation d''un dallage en gravillon lavé sur une largeur minimale de 140 cm sans obstacles', 1, '2010-11-04 00:00:00'),
(44, '1_so_chem_ext_07', 'Aménagement du cheminement usuel par la réalisation d''une dalle en béton sur une largeur minimale de 140 cm sans obstacles', 1, '2010-11-04 00:00:00'),
(45, '1_so_chem_ext_08', 'Aménagement du cheminement usuel par la réalisation d''un dallage en pavé auto-bloquant sur une largeur minimale de 140 cm sans obstacles', 1, '2010-11-04 00:00:00'),
(46, '1_so_chem_ext_09', 'Aménagement du cheminement usuel par la réalisation d''un cheminement en enrobé noir sur une largeur minimale de 140 cm sans obstacles', 1, '2010-11-04 00:00:00'),
(47, '1_so_chem_ext_10', 'Réalisation d''un cheminement, avec bordure  chasse-roue peinte en blanc, d''une largeur de 1,60m en enrobé noir.', 1, '2010-11-04 00:00:00'),
(48, '1_so_chem_ext_11', 'Mise en place d''un panneau de signalisation mentionnant le symbole international ', 1, '2010-11-04 00:00:00'),
(49, '1_so_chem_ext_12', 'Utilisation de matériaux différents entre le cheminement et son environnement proche ', 1, '2010-11-04 00:00:00'),
(50, '1_so_chem_ext_13', 'Mise en place d''une bande de guidage au sol', 1, '2010-11-04 00:00:00'),
(51, '1_so_chem_ext_14', 'Reprise et élargissement du cheminement existant, avec bordure  chasse-roue peinte en blanc, d''une largeur de 140 cm en enrobé noir.', 1, '2010-11-04 00:00:00'),
(52, '1_so_chem_ext_15', 'Suppression de l''obstacle', 1, '2010-11-04 00:00:00'),
(53, '1_so_chem_ext_16', 'Reprise et élargissement du cheminement existant, avec bordure  chasse-roue peinte en blanc, d''une largeur de 120 cm en enrobé noir.', 1, '2010-11-04 00:00:00'),
(54, '1_so_chem_ext_10', 'Reprise et élargissement du cheminement existant, avec bordure  chasse-roue peinte en blanc, d''une largeur de 160 cm en enrobé noir.', 1, '2010-11-04 00:00:00'),
(55, '1_so_chem_ext_17', 'Mise en place d''un garde corps avec main courante ', 1, '2010-11-04 00:00:00'),
(56, '1_so_chem_ext_18', 'Mise en place de bordures chasse roue peinte de couleur contrastée par rapport à son environnement', 1, '2010-11-04 00:00:00'),
(57, '1_so_chem_ext_19', 'Fourniture d''un banc accessible (hors coût de réalisation du support)', 1, '2010-11-04 00:00:00'),
(58, '1_so_chem_ext_20', 'Mise en place d''un abri avec banc accessible (hors coût de réalisation du support)', 1, '2010-11-04 00:00:00'),
(59, '1_so_chem_ext_21', 'Mise en place d''une main courante de couleur contrastée par rapport à son environnement', 1, '2010-11-04 00:00:00'),
(60, '1_so_chem_ext_22', 'Pose d''un élément continu sous la barrière ', 1, '2010-11-04 00:00:00'),
(61, '1_so_chem_ext_23', 'Changer la barrière pour une barrière présentant un élément bas continu', 1, '2010-11-04 00:00:00'),
(62, '1_so_chem_ext_24', 'Lors de travaux, pose de barrières sécurisant le cheminement piéton', 1, '2010-11-04 00:00:00'),
(63, '1_so_chem_ext_25', 'Déplacer l''installation afin de laisser un passage libre de 140 cm', 3, '2010-11-04 00:00:00'),
(64, '1_so_chem_ext_26', 'Fourniture d''un éclairage à déclenchement automatique fournissant 20 lux au sol sur l''ensemble du cheminement ', 1, '2010-11-04 00:00:00'),
(65, '1_so_chem_ext_27', 'Mise en place d''un double bandeau de sécurité à 1,10m et 1,60m, de couleur contrastée par rapport aux murs environnants. ', 1, '2010-11-04 00:00:00'),
(66, '1_so_chem_ext_28', 'Mise en place d''un bande d''eveil et de vigilance conforme à la norme NFP 98-351 ou d''un revêtement présentant des caractérisitiques équivalentes à celle d''une BEV.', 1, '2010-11-04 00:00:00'),
(67, '1_so_chem_ext_29', 'Pose de panneaux de signalisation indiquant aux conducteurs de véhicules le croisement avec le cheminement piéton. Réalisation d''un marquage au sol de type passage piéton. ', 1, '2010-11-04 00:00:00'),
(68, '1_so_chem_ext_30', 'Reprise et élargissement du cheminement existant d''une largeur de 90 cm en enrobé noir.', 1, '2010-11-04 00:00:00'),
(69, '1_qi_so_chem_ext_01', 'Fourniture d''un panneau signalant l''entrée du bâtiment à l''entrée de la parcelle', 1, '2010-11-04 00:00:00'),
(70, '1_qi_so_chem_ext_02', 'Fourniture d''un panneau signalant l''entrée du bâtiment à l''entrée de la parcelle ainsi que sur le cheminement menant à l''entrée du bâtiment', 1, '2010-11-04 00:00:00'),
(71, '1_so_dis_com_01', 'Changer l''encadrement de la commande de manière à ce qu''elle soit contrastée avec la paroi de son support', 1, '2010-11-04 00:00:00'),
(72, '1_so_dis_com_02', 'Fourniture d''une commande contrastée avec la paroi de son support', 1, '2010-11-04 00:00:00'),
(73, '1_so_dis_com_03', 'Installer un dispositif d''éclairage permettant de repérer la commande', 1, '2010-11-04 00:00:00'),
(74, '1_so_dis_com_04', 'Peindre d''une couleur contrastée la commande', 1, '2010-11-04 00:00:00'),
(75, '1_so_dis_com_05', 'Déplacer les éventuels obstacles afin de créer un espace d''usage de 80 x 130 cm', 2, '2010-11-04 00:00:00'),
(76, '1_so_dis_com_06', 'Déplacer la commande afin d''obtenir un espace d''usage de 80 x 130 cm', 1, '2010-11-04 00:00:00'),
(77, '1_so_dis_com_07', 'Déplacer les dispositifs de commande et de service à une hauteur comprise entre 90 cm et 130 cm', 1, '2010-11-04 00:00:00'),
(78, '1_so_dis_com_08', 'Déplacer le dispositif de commande et de service hors des espaces de circulation', 1, '2010-11-04 00:00:00'),
(79, '1_so_dis_com_09', 'Changer la commande afin qu''elle ne constitue pas un obstacle à la personnes déficiente visuelle', 1, '2010-11-04 00:00:00'),
(80, '1_so_dis_com_10', 'Fourniture d''une commande contrastée avec la paroi de son support et présentant un ergot en relief', 1, '2010-11-04 00:00:00'),
(81, '1_so_dis_com_11', 'Déplacer une prise d’alimentation électrique à une hauteur comprise entre 90 cm et 130 cm', 1, '2010-11-04 00:00:00'),
(82, '1_so_dis_com_12', 'fourniture d''une prise de courant disposer à une hauteur comprise entre 90 et 130 cm', 1, '2010-11-04 00:00:00'),
(83, '1_so_douche_01', 'Aménagement d''une douche adaptée : douche de plein pied avec receveur 90x90cm sur panneaux étanches avec syphon de sol à grand debit avec espace latéral d''usage de 80x130cm, siège douche mural,  barre d''appui latérale coudée,ensemble mitigeur et pomme de  douche + barre porte douchette, douchette av', 1, '2010-11-04 00:00:00'),
(84, '1_so_douche_02', 'Aménager un espace de circulation de 90 cm de large menant à la douche sans obstacles ni ressauts', 1, '2010-11-04 00:00:00'),
(85, '1_so_douche_03', 'Fourniture d''un siège de douche mural fixé solidement dans la paroi de son support', 1, '2010-11-04 00:00:00'),
(86, '1_so_douche_04', 'Fourniture d''une barre d''appui latérale', 1, '2010-11-04 00:00:00'),
(87, '1_so_douche_05', 'Fourniture d''une barre d''appui latérale coudée avec une partie horizontale et inclinée', 1, '2010-11-04 00:00:00'),
(88, '1_so_douche_06', 'Si il existe l''espace disponible, création d''une douche comportant au minimum un espace d''usage de 80 x 130 cm', 1, '2010-11-04 00:00:00'),
(89, '1_so_douche_07', 'Déplacer les éventuels obstacles réduisant l''espace d''usage de 80 x 130 cm', 2, '2010-11-04 00:00:00'),
(90, '1_so_douche_08', 'Fourniture et pose d''équipements à une hauteur comprise entre 90 et 130 cm', 1, '2010-11-04 00:00:00'),
(91, '1_so_douche_09', 'Déplacer les équipements à une hauteur comprise entre 90 et 130 cm', 2, '2010-11-04 00:00:00'),
(92, '1_so_douche_10', 'Pose d''un syphon de sol ne présentant d''obstacle à la roue', 1, '2010-11-04 00:00:00'),
(93, '1_so_douche_11', 'Réorganisation des douches et création d''une douche aménagée au même endroit que les autres', 1, '2010-11-04 00:00:00'),
(94, '1_so_douche_12', 'Réorganisation des douches et création d''une douche aménagée au même endroit que les autres', 1, '2010-11-04 00:00:00'),
(95, '1_so_douche_13', 'Création d''une douche de plein pied', 1, '2010-11-04 00:00:00'),
(96, '1_so_lux_01', 'Orienter les sources d''éclairage de manière à ce qu''elles ne constituent pas une gêne pour une personne en position `debout` ', 2, '2010-11-04 00:00:00'),
(97, '1_so_lux_02', 'Orienter les sources d''éclairage de manière à ce qu''elles ne constituent pas une gêne pour une personne en position `assis`', 2, '2010-11-04 00:00:00'),
(98, '1_so_lux_03', 'Fourniture d''un système d''éclairage à l''aplomb du dispositif d''accès', 1, '2010-11-04 00:00:00'),
(99, '1_so_lux_04', 'Augmenter la qualité d''éclairage à l''aplomb du dispositif d''accès', 1, '2010-11-04 00:00:00'),
(100, '1_so_lux_05', 'Fourniture d''un système d''éclairage à l''aplomb de la signalétique', 1, '2010-11-04 00:00:00'),
(101, '1_so_lux_06', 'Fourniture de signalétiques éclairées (type led)', 1, '2010-11-04 00:00:00'),
(102, '1_so_lux_07', 'Changement du système de temporisation par un système plus adapté ou pour un système avec détecteur de présence', 1, '2010-11-04 00:00:00'),
(103, '1_so_lux_08', 'Réglage de la durée de temporisation', 1, '2010-11-04 00:00:00'),
(104, '1_so_lux_09', 'Régler ou déplacer le détecteur de présence de manière à ce qu''il couvre l''ensemble de l''espace', 2, '2010-11-04 00:00:00'),
(105, '1_so_lux_10', 'Changer le dispositif de détection automatique afin qu''il couvre l''ensemble de l''espace', 1, '2010-11-04 00:00:00'),
(106, '1_so_lux_11', 'Fourniture d''un interrupteur automatique étanche', 1, '2010-11-04 00:00:00'),
(107, '1_so_lux_12', 'Déplacer l''interrupteur pour qu''il se situe dès l''entrée de l''espace', 1, '2010-11-04 00:00:00'),
(108, '1_so_lux_13', 'Fourniture d''un interrupteur équipé de variateur', 1, '2010-11-04 00:00:00'),
(109, '1_so_lux_14', 'Fourniture et équipement en luminaires de 100 lux d''un couloir (16 m2)  .  ', 1, '2010-11-04 00:00:00'),
(110, '1_so_lux_15', 'Disposer l''éclairage de manière à orienter l''usager', 1, '2010-11-04 00:00:00'),
(111, '1_so_lux_16', 'Fourniture d''une pièce de 20 m2 en luminaires fournissant 100 lux en tous points', 1, '2010-11-04 00:00:00'),
(112, '1_so_ent_01', 'Réalisation d''un cheminement en enrobé noir sur une largeur minimale de 140 cm sans obstacles', 1, '2010-11-04 00:00:00'),
(113, '1_so_ent_02', 'Réorganisation des entrées principales', 3, '2010-11-04 00:00:00'),
(114, '1_so_ent_03', 'Dépend de l''obstacle constaté (à préciser)', 0, '2010-11-04 00:00:00'),
(115, '1_so_ent_04', 'Repeindre les entrées principales dans une couleur contrastée avec l''environnement. ', 1, '2010-11-04 00:00:00'),
(116, '1_so_ent_05', 'Fourniture d''un panneau de signalant l''entrée ', 1, '2010-11-04 00:00:00'),
(117, '1_so_ent_06', 'Peindre d''une couleur contrastée par rapport à la paroi de son supporte le tour de l''équipement', 1, '2010-11-04 00:00:00'),
(118, '1_so_ent_07', 'Renforcer l''éclairage à l''aplomb de l''équipement', 1, '2010-11-04 00:00:00'),
(119, '1_so_ent_08', 'Mise en place d''un plan d''orientation avec des informations inscrites en relief sortant et en braille', 1, '2010-11-04 00:00:00'),
(120, '1_so_ent_09', 'Fourniture d''une signalétique guidant dès l''entrée aux ascenseurs', 1, '2010-11-04 00:00:00'),
(121, '1_so_equip_01', 'Ouvrir prioritairement l''équipement ou le mobilier accessible au personnes déficientes', 2, '2010-11-04 00:00:00'),
(122, '1_so_equip_02', 'Fourniture d''un équipement ou d''un mobilier de couleur contrastée avec son environnement', 1, '2010-11-04 00:00:00'),
(123, '1_so_equip_03', 'Installer un dispositif d''éclairage permettant de repérer l''équipement ou le mobilier', 1, '2010-11-04 00:00:00'),
(124, '1_so_equip_04', 'Peindre d''une couleur contrastée l''équipement ou le mobilier', 1, '2010-11-04 00:00:00'),
(125, '1_so_equip_05', 'Déplacer les éventuels obstacles afin de créer un espace d''usage de 80 x 130 cm', 2, '2010-11-04 00:00:00'),
(126, '1_so_equip_06', 'Déplacer l''équipement ou le mobilier afin d''obtenir un espace d''usage de 80 x 130 cm', 1, '2010-11-04 00:00:00'),
(127, '1_so_equip_07', 'Fourniture d''un équipement ou d''un mobilier d''une hauteur maximale de 80 cm', 1, '2010-11-04 00:00:00'),
(128, '1_so_equip_08', 'Si possible, ajuster la hauteur de l''équipement ou du mobilier afin qu''il ne dépasse pas 80 cm de hauteur', 1, '2010-11-04 00:00:00'),
(129, '1_so_equip_09', 'Fourniture d''un équipement ou d''un mobilier possédant un vide de 30 cm de profondeur', 1, '2010-11-04 00:00:00'),
(130, '1_so_equip_10', 'Fourniture d''un équipement ou d''un mobilier possédant un vide de 60 cm de large', 1, '2010-11-04 00:00:00'),
(131, '1_so_equip_11', 'Fourniture d''un équipement ou d''un mobilier laissant un vide d''au moins 70 cm de hauteur', 1, '2010-11-04 00:00:00'),
(132, '1_so_equip_12', 'Si possible, ajuster la hauteur de l''équipement ou du mobilier afin qu''il laisse un vide d''au moins 70 cm de hauteur', 1, '2010-11-04 00:00:00'),
(133, '1_so_equip_13', '', 0, '2010-11-04 00:00:00'),
(134, '1_so_equip_14', '', 0, '2010-11-04 00:00:00'),
(135, '1_so_equip_15', 'Déplacer l''équipement ou le mobilier à une hauteur comprise entre 90 cm et 130 cm', 1, '2010-11-04 00:00:00'),
(136, '1_so_equip_16', 'Déplacer l''équipement ou le mobilier hors des espaces de circulation', 1, '2010-11-04 00:00:00'),
(137, '1_so_assis_01', 'Réorganisation de l''espace et création de 2 places aménagées', 3, '2010-11-04 00:00:00'),
(138, '1_so_assis_02', 'Réorganisation de l''espace et création d''1 place aménagée par tranche de 50 places', 3, '2010-11-04 00:00:00'),
(139, '1_so_assis_03', 'Réorganisation de l''espace et création d''au moins 20 places aménagées ou plus, en fonction de l''arrêté municiapal', 3, '2010-11-04 00:00:00'),
(140, '1_so_assis_04', 'Réorganisation de l''espace et création de places de 80 x 130 cm', 3, '2010-11-04 00:00:00'),
(141, '1_so_assis_05', 'Fourniture d''une table d''une hauteur maximale de 80 cm', 1, '2010-11-04 00:00:00'),
(142, '1_so_assis_06', 'Si possible, ajuster la hauteur de la table afin qu''elle ne dépasse pas 80 cm de hauteur', 1, '2010-11-04 00:00:00'),
(143, '1_so_assis_07', 'Fourniture d''une table d''une hauteur maximale de 70 cm', 1, '2010-11-04 00:00:00'),
(144, '1_so_assis_08', 'Si possible, ajuster la hauteur de la table afin qu''elle ne dépasse pas 70 cm de hauteur', 1, '2010-11-04 00:00:00'),
(145, '1_so_assis_09', 'Réorganisation de l''espace (à préciser)', 3, '2010-11-04 00:00:00'),
(146, '1_so_assis_10', 'Fourniture d''une boucle magnétique permanante', 1, '2010-11-04 00:00:00'),
(147, '1_so_esc_01', 'Fourniture d''un escalier droit', 1, '2010-11-04 00:00:00'),
(148, '1_so_esc_02', 'Fourniture d''un escalier d''une largeur minimale de 120 cm entre les mains courantes', 1, '2010-11-04 00:00:00'),
(149, '1_so_esc_03', 'Fourniture d''un escalier d''une largeur minimale de 140 cm entre les mains courantes', 1, '2010-11-04 00:00:00'),
(150, '1_so_esc_04', 'Si la partie sous l''escalier n''est pas un espace de circulation, il est possible de la fermer', 1, '2010-11-04 00:00:00'),
(151, '1_so_esc_05', 'Pose d''un rappel visuellement et tactilement contrastée au droit de la partie sous l''escalier', 1, '2010-11-04 00:00:00'),
(152, '1_so_esc_06', 'Pose d''éléments visuellement et tactilement contrastés dans la partie sous l''escalier (pots de fleurs, ...)', 1, '2010-11-04 00:00:00'),
(153, '1_so_esc_06', 'Pose d''éléments visuellement et tactilement contrastés dans la partie sous l''escalier (pots de fleurs, ...)', 3, '2010-11-04 00:00:00'),
(154, '1_so_esc_07', 'Mise en place d''un bande d''eveil et de vigilance conforme à la norme NFP 98-351 ou d''un revêtement présentant des caractérisitiques équivalentes à celle d''une BEV.', 1, '2010-11-04 00:00:00'),
(155, '1_so_esc_08', 'Mise en place d''un guide au sol amenant à la main courante de l''escalier et déterminer des lignes de guidage montante et descendante différenciées afin d''éviter les confrontations et d''organiser les flux', 1, '2010-11-04 00:00:00'),
(156, '1_so_esc_09', 'Mise en place d''un bande d''eveil et de vigilance conforme à la norme NFP 98-351', 1, '2010-11-04 00:00:00'),
(157, '1_so_esc_10', 'Disposer la BEV à 50 cm devant la marche', 1, '2010-11-04 00:00:00'),
(158, '1_so_esc_11', 'Changement de l''escalier', 1, '2010-11-04 00:00:00'),
(159, '1_so_esc_12', 'Réorganisation fonctionnelle (à préciser)', 3, '2010-11-04 00:00:00'),
(160, '1_so_esc_13', 'Pose d''une contre-marche', 1, '2010-11-04 00:00:00'),
(161, '1_so_esc_14', 'Peindre le nez de marche d''une couleur contrastée', 1, '2010-11-04 00:00:00'),
(162, '1_so_esc_15', 'Réalisation d''un rainurage en fonction du type de matériaux et mise en peinture. ', 1, '2010-11-04 00:00:00'),
(163, '1_so_esc_16', 'Fourniture d''un nez de marche en matériaux non glissant et de couleur contrastée .', 1, '2010-11-04 00:00:00'),
(164, '1_so_esc_17', 'Comblement de l''espace entre le giron de marche et le débord excessif, dans la mesure où le comblement ne réduit pas la longueur du giron à moins de 28 cm.', 1, '2010-11-04 00:00:00'),
(165, '1_so_esc_18', 'Couper le débord excessif, dans la mesure où le comblement ne réduit pas la longueur du giron à moins de 28 cm.', 1, '2010-11-04 00:00:00'),
(166, '1_so_esc_19', '', 0, '2010-11-04 00:00:00'),
(167, '1_so_esc_20', '', 0, '2010-11-04 00:00:00'),
(168, '1_so_esc_21', 'Mise en place d''une main courante répondant aux critères d''accessibilité', 1, '2010-11-04 00:00:00'),
(169, '1_so_esc_22', 'Fourniture et installation d''un éclairage pour une cage d''escalier menant à 1 étage, avec luminaires fournissant 150 lux en tous points (hors distribution)', 1, '2010-11-04 00:00:00'),
(170, '1_so_esc_23', 'Mise en place d''une main courante répondant aux critères d''accessibilité à une hauteur comprise entre 50 et 75 cm', 1, '2010-11-04 00:00:00'),
(171, '1_so_esc_24', 'Fourniture d''un escalier d''une largeur minimale de 100 cm entre les mains courantes', 1, '2010-11-04 00:00:00'),
(172, '1_so_esc_12', 'Réorganisation fonctionnelle (préciser)', 3, '2010-11-04 00:00:00'),
(173, '1_so_esc_21', 'Mise en place d''au moins une main courante répondant aux critères d''accessibilité', 0, '2010-11-04 00:00:00'),
(174, '1_so_esc_ext_01', 'Fourniture d''un escalier droit', 0, '2010-11-04 00:00:00'),
(175, '1_so_esc_ext_02', 'Fourniture d''un escalier d''une largeur minimale de 120 cm entre les mains courantes', 1, '2010-11-04 00:00:00'),
(176, '1_so_esc_ext_03', 'Fourniture d''un escalier d''une largeur minimale de 140 cm entre les mains courantes', 1, '2010-11-04 00:00:00'),
(177, '1_so_esc_ext_04', 'Si la partie sous l''escalier n''est pas un espace de circulation, il est possible de la fermer', 1, '2010-11-04 00:00:00'),
(178, '1_so_esc_ext_05', 'Pose d''un rappel visuellement et tactilement contrastée au droit de la partie sous l''escalier', 1, '2010-11-04 00:00:00'),
(179, '1_so_esc_ext_06', 'Pose d''obstacles visuellement et tactilement contrastés dans la partie sous l''escalier (pots de fleurs, ...)', 3, '2010-11-04 00:00:00'),
(180, '1_so_esc_ext_07', 'Mise en place d''un bande d''eveil et de vigilance conforme à la norme NFP 98-351 ou d''un revêtement présentant des caractérisitiques équivalentes à celle d''une BEV.', 1, '2010-11-04 00:00:00'),
(181, '1_so_esc_ext_08', 'Mise en place d''un guide au sol amenant à la main courante de l''escalier et déterminer des lignes de guidage montante et descendante différenciées afin d''éviter les confrontations et d''organiser les flux', 1, '2010-11-04 00:00:00'),
(182, '1_so_esc_ext_09', 'Mise en place d''un bande d''eveil et de vigilance conforme à la norme NFP 98-351', 1, '2010-11-04 00:00:00'),
(183, '1_so_esc_ext_10', 'Disposer la BEV à 50 cm devant la marche', 1, '2010-11-04 00:00:00'),
(184, '1_so_esc_ext_11', 'Changement de l''escalier', 1, '2010-11-04 00:00:00'),
(185, '1_so_esc_ext_12', 'Réorganisation fonctionnelle (préciser)', 3, '2010-11-04 00:00:00'),
(186, '1_so_esc_ext_12', 'Réorganisation fonctionnelle (à préciser)', 3, '2010-11-04 00:00:00'),
(187, '1_so_esc_ext_13', 'Pose d''une contre-marche', 1, '2010-11-04 00:00:00'),
(188, '1_so_esc_ext_14', 'Peindre le nez de marche d''une couleur contrastée', 1, '2010-11-04 00:00:00'),
(189, '1_so_esc_ext_15', 'Réalisation d''un rainurage en fonction du type de matériaux et mise en peinture. ', 1, '2010-11-04 00:00:00'),
(190, '1_so_esc_ext_16', 'Fourniture d''un nez de marche en matériaux non glissant et de couleur contrastée .', 1, '2010-11-04 00:00:00'),
(191, '1_so_esc_ext_17', 'Comblement de l''espace entre le giron de marche et le débord excessif, dans la mesure où le comblement ne réduit pas la longueur du giron à moins de 28 cm.', 1, '2010-11-04 00:00:00'),
(192, '1_so_esc_ext_18', 'Couper le débord excessif, dans la mesure où le comblement ne réduit pas la longueur du giron à moins de 28 cm.', 1, '2010-11-04 00:00:00'),
(193, '1_so_esc_ext_19', '', 0, '2010-11-04 00:00:00'),
(194, '1_so_esc_ext_20', '', 0, '2010-11-04 00:00:00'),
(195, '1_so_esc_ext_21', 'Mise en place d''une main courante répondant aux critères d''accessibilité', 1, '2010-11-04 00:00:00'),
(196, '1_so_esc_ext_22', 'Fourniture et installation d''un éclairage extérieur pour une cage d''escalier menant à 1 étage, avec luminaires fournissant 150 lux en tous points (hors distribution)', 1, '2010-11-04 00:00:00'),
(197, '1_so_esc_ext_23', 'Mise en place d''une main courante répondant aux critères d''accessibilité à une hauteur comprise entre 50 et 75 cm', 1, '2010-11-04 00:00:00'),
(198, '1_so_esc_meca_01', 'Pose d''un marquage au sol permettant de repérer l''escalier ou le dispositif mobile', 1, '2010-11-04 00:00:00'),
(199, '1_so_esc_meca_02', '', 0, '2010-11-04 00:00:00'),
(200, '1_so_esc_meca_03', 'Réorganisation des services à l''intérieur du bâtiment', 3, '2010-11-04 00:00:00'),
(201, '1_so_esc_meca_04', 'Mise en place d''un ascenseur', 1, '2010-11-04 00:00:00'),
(202, '1_so_esc_meca_05', 'Mise en place d''un escalier', 1, '2010-11-04 00:00:00'),
(203, '1_so_esc_meca_06', 'Pose d''une signalétique adaptée indiquant l''ascenseur ou le dispositif non mobile aménagé', 1, '2010-11-04 00:00:00'),
(204, '1_so_esc_meca_07', 'Fourniture d''un escalier mécanique répondant aux critères d''accessibilité', 1, '2010-11-04 00:00:00'),
(205, '1_so_esc_meca_08', 'Pose d''un marquage au sol permettant de repérer la zone de départ', 1, '2010-11-04 00:00:00'),
(206, '1_so_esc_meca_09', 'Renforcement de l''éclairage de la zone de départ', 1, '2010-11-04 00:00:00'),
(207, '1_so_esc_meca_10', 'Pose d''un marquage au sol permettant de repérer la zone d''arrivée', 1, '2010-11-04 00:00:00'),
(208, '1_so_esc_meca_11', 'Renforcement de l''éclairage de la zone d''arrivée', 1, '2010-11-04 00:00:00'),
(209, '1_so_esc_meca_12', 'Déplacer la commande d''urgence entre 90 et 130 cm', 1, '2010-11-04 00:00:00'),
(210, '1_so_esc_meca_13', 'Disposer la commande d''urgence à un emplacement facilement accessible', 1, '2010-11-04 00:00:00'),
(211, '1_so_esc_meca_14', 'Déplacer la commande d''urgence entre 90 et 130 cm', 1, '2010-11-04 00:00:00'),
(212, '1_so_esc_meca_15', 'Pose d''un système sonore indiquant l''arrivée sur la partie fixe de l''escalier mécanique', 1, '2010-11-04 00:00:00'),
(213, '1_so_esc_meca_16', 'Pose d''un système tactile indiquant l''arrivée sur la partie fixe de l''escalier mécanique', 1, '2010-11-04 00:00:00'),
(214, '1_so_esc_meca_17', 'Fourniture et installation d''un éclairage extérieur avec luminaires fournissant 150 lux en tous points (hors distribution)', 1, '2010-11-04 00:00:00'),
(215, '1_so_esc_meca_18', 'Fourniture et installation d''un éclairage avec luminaires fournissant 150 lux en tous points (hors distribution).', 1, '2010-11-04 00:00:00'),
(216, '1_so_face_po_01', 'Peindre la porte d''une couleur contrastant avec la paroi de son support', 1, '2010-11-04 00:00:00'),
(217, '1_so_face_po_02', 'Fourniture d''une porte de couleur contrastant avec la paroi de son support', 1, '2010-11-04 00:00:00'),
(218, '1_so_face_po_03', 'Fourniture d''une poignée longue', 1, '2010-11-04 00:00:00'),
(219, '1_so_face_po_04', 'Fourniture d''une poignée répondant aux critères d''accessibilité', 1, '2010-11-04 00:00:00'),
(220, '1_so_face_po_05', 'Pose d''une protection de bas de porte', 1, '2010-11-04 00:00:00'),
(221, '1_so_asc_01', 'Déplacer ou supprimer l''obstacle réduisant l''espace de 140 cm', 2, '2010-11-04 00:00:00'),
(222, '1_so_asc_02', 'Mise en place d''un revêtement de sol de couleur contrastée par rapport au sol environnent et présentant des caractéristiques permettant d''être repérable tactilement', 1, '2010-11-04 00:00:00'),
(223, '1_so_asc_03', 'Modification du panneau de commandes palières afin de respecter les critères d''accessibilité', 1, '2010-11-04 00:00:00'),
(224, '1_so_asc_04', 'Déplacer ou supprimer l''obstacle réduisant l''espace d''usage', 2, '2010-11-04 00:00:00'),
(225, '1_so_asc_05', 'Déplacer le panneau de commandes palières afin de répondre aux critères d''accessibilité', 1, '2010-11-04 00:00:00'),
(226, '1_so_asc_06', 'Mise en place d''un écran disposé à une hauteur comprise entre 180 et 250 cm reprenant les informations concernant le mouvement de la cabine d''ascenseur', 1, '2010-11-04 00:00:00'),
(227, '1_so_asc_07', 'Mise en place un système de diffusion sonore indiquant la montée et la descente', 1, '2010-11-04 00:00:00'),
(228, '1_so_asc_08', 'Mise en place d''un signal sonore indiquant l''ouverture des portes', 1, '2010-11-04 00:00:00'),
(229, '1_so_asc_09', 'Réglage de la temporisation des portes', 1, '2010-11-04 00:00:00'),
(230, '1_so_asc_10', 'Changement du modèle d''ascenseur afin de respecter les critères d''accessibilité', 1, '2010-11-04 00:00:00'),
(231, '1_so_asc_11', 'Réglage du nivelage de la cabine afin de respecter les critères d''accessibilité', 1, '2010-11-04 00:00:00'),
(232, '1_so_pente_01', 'Réalisation d''un chemin d''une largeur minimale de 140 cm en enrobé noir avec un dévers inférieur à 2%', 1, '2010-11-04 00:00:00'),
(233, '1_so_pente_02', 'Réalisation d''un chemin d''une largeur minimale de 140 cm en enrobé noir avec un dévers inférieur à 1%', 1, '2010-11-04 00:00:00'),
(234, '1_so_pente_03', 'Reprise du cheminement par la création d''un cheminement d''une largeur minimale de 140 cm respectant la réglementation accessibilité des pentes et ressauts ', 1, '2010-11-04 00:00:00'),
(235, '1_so_pente_04', 'Réalisation d''une rampe d''une pente maximale de 8% et de 160 cm de large, en  dallage gravillon lavé  avec  main-courante droite et gauche et bordure chasse-roue de couleur contrastée, sur une longueur  maxi de 200 cm (hors démolition et décaissement). ', 1, '2010-11-04 00:00:00'),
(236, '1_so_pente_05', 'Réalisation d''une rampe d''une pente maximale de 10 % et de 160 cm de large, en béton  avec main-courante droite et gauche et bordure chasse-roue de couleur contrastée, sur une longueur maxi 50 cm (hors démolition et décaissement). ', 1, '2010-11-04 00:00:00'),
(237, '1_so_pente_06', 'Réalisation d''une rampe d''une pente maximale de 12 % et de 160 cm de large, en béton  avec main-courante droite et gauche et bordure chasse-roue de couleur contrastée, sur une longueur maxi 50 cm (hors démolition et décaissement).', 1, '2010-11-04 00:00:00'),
(238, '1_so_pente_07', 'Création de paliers de repos de 120 x 140 cm en enrobé noir', 1, '2010-11-04 00:00:00'),
(239, '1_so_pente_08', 'Mise en place d''un garde corps avec main courante', 1, '2010-11-04 00:00:00'),
(240, '1_so_pente_09', 'Mise en place d''un garde corps avec double main courante', 1, '2010-11-04 00:00:00'),
(241, '1_so_pente_10', 'Dans la mesure ou cela est possible, reprise du cheminement existant et création d''une pente respectant les critères d''accessibilité sur une largeur de 140 cm', 1, '2010-11-04 00:00:00'),
(242, '1_so_pente_11', 'Si la hauteur du ressaut le permet, arrondir ou chanfreiner le ressaut', 1, '2010-11-04 00:00:00'),
(243, '1_so_pente_12', 'Supprimer le ressaut', 1, '2010-11-04 00:00:00'),
(244, '1_so_pente_13', 'Peindre le ressaut d''une couleur contrastée par rapport à son environnement', 1, '2010-11-04 00:00:00'),
(245, '1_so_pente_10', 'Dans la mesure où cela est possible, reprise du cheminement existant et création d''une pente respectant les critères d''accessibilité sur une largeur de 140 cm', 1, '2010-11-04 00:00:00'),
(246, '1_so_pente_14', 'Réorganisation fonctionnelle (à préciser)', 3, '2010-11-04 00:00:00'),
(247, '1_so_pente_15', 'Réalisation d''un chemin d''une largeur minimale de 140 cm en enrobé noir avec un dévers inférieur à 3%', 1, '2010-11-04 00:00:00'),
(248, '1_so_pente_16', 'Réalisation d''une rampe d''une pente maximale de 10% et de 160 cm de large, en  dallage gravillon lavé  avec  main-courante droite et gauche et bordure chasse-roue de couleur contrastée, sur une longueur  maxi de 200 cm (hors démolition et décaissement). ', 1, '2010-11-04 00:00:00'),
(249, '1_so_pente_17', 'Réalisation d''une rampe d''une pente maximale de 12 % et de 160 cm de large, en béton  avec main-courante droite et gauche et bordure chasse-roue de couleur contrastée, sur une longueur maxi 50 cm (hors démolition et décaissement). ', 1, '2010-11-04 00:00:00'),
(250, '1_so_gig_01', 'Création d''un emplacement adapté avec marquage au sol, bande latérale,panneaux de signalisation et de rappel à l''amende sur parking en enrobé noir.', 1, '2010-11-04 00:00:00'),
(251, '1_so_gig_02', 'Reprise de l''emplacement avec mise à niveau pour supprimer pente et/ou devers', 1, '2010-11-04 00:00:00'),
(252, '1_so_gig_03', 'Création d''un emplacement adapté avec marquage au sol, bande latérale,panneaux de signalisation et de rappel à l''amende sur parking en enrobé noir.', 1, '2010-11-04 00:00:00'),
(253, '1_so_gig_04', 'Création d''une bande latérale de 80 cm de large', 1, '2010-11-04 00:00:00'),
(254, '1_so_gig_05', 'Création d''une bande latérale de 100 cm de large', 1, '2010-11-04 00:00:00'),
(255, '1_so_gig_06', 'Suppression des obstacles réduisant la bande latérale ', 1, '2010-11-04 00:00:00'),
(256, '1_so_gig_07', 'Création d''une bande latérale permettant la circulation piétonne en dehors de la circulation automobile', 1, '2010-11-04 00:00:00'),
(257, '1_so_gig_08', 'Création d''un cheminement de 140 cm minimum de large en enrobé noir, reliant la bande latérale à l''entrée du lieu de travail ', 1, '2010-11-04 00:00:00'),
(258, '1_so_gig_09', 'Création d''un cheminement par la pose d''un marquage au sol de couleur contrastée, reliant la bande latérale à l''entrée du lieu de travail ', 1, '2010-11-04 00:00:00'),
(259, '1_so_gig_10', 'Création d''un emplacement adapté permettant la sortie par l''arrière du véhicule avec marquage au sol, bande latérale,panneaux de signalisation et de rappel à l''amende sur parking en enrobé noir.', 1, '2010-11-04 00:00:00'),
(260, '1_so_gig_11', 'Création d''un emplacement adapté d''une largeur de 450 cm, avec marquage au sol, bande latérale,panneaux de signalisation et de rappel à l''amende sur parking en enrobé noir.', 1, '2010-11-04 00:00:00'),
(261, '1_so_gig_12', 'Création d''un cheminement de 140 cm minimum de large en enrobé noir, reliant la place au cheminement aménagé', 1, '2010-11-04 00:00:00'),
(262, '1_so_gig_13', 'Création d''un cheminement par la pose d''un marquage au sol de couleur contrastée, reliant la place au cheminement aménagé', 1, '2010-11-04 00:00:00'),
(263, '1_so_gig_14', 'Dans la mesure ou cela est possible, reprise du cheminement existant et création d''une pente respectant les critères d''accessibilité sur une largeur de 140 cm', 1, '2010-11-04 00:00:00'),
(264, '1_so_gig_15', 'Si la hauteur du ressaut le permet, arrondir ou chanfreiner le ressaut', 1, '2010-11-04 00:00:00'),
(265, '1_so_gig_16', 'Supprimer le ressaut', 1, '2010-11-04 00:00:00'),
(266, '1_so_gig_17', 'Réalisation d''un chemin d''une largeur minimale de 140 cm en enrobé noir avec un dévers inférieur à 2%', 1, '2010-11-04 00:00:00'),
(267, '1_so_gig_18', 'Pose d''un marquage au sol de couleur contrastée', 1, '2010-11-04 00:00:00'),
(268, '1_so_gig_19', 'Mise en place d''un panneau de signalisation (symbole international) avec panneau de rappel d''amende', 1, '2010-11-04 00:00:00'),
(269, '1_so_gig_20', 'Réorganisation des places de parking afin de disposer les places adaptées le plus près de l''entrée', 3, '2010-11-04 00:00:00'),
(270, '1_qi_gig_01', 'Création d''une bande latérale de dégagement', 1, '2010-11-04 00:00:00'),
(271, '1_so_po_01', 'Mise en place d''une porte double vantaux de 140 cm dont le vantail principal mesure au minimum 93 cm, avec serrure et poignée préhensible et manœuvrable', 1, '2010-11-04 00:00:00'),
(272, '1_so_po_02', 'Réorganisation fonctionnelle (à préciser)', 3, '2010-11-04 00:00:00'),
(273, '1_so_po_03', 'Mise en place d''une porte double vantaux de 140 cm dont le vantail principal mesure au minimum 93 cm, avec serrure et poignée préhensible et manœuvrable', 1, '2010-11-04 00:00:00'),
(274, '1_so_po_04', 'Mise en place d''une porte double vantaux dont le vantail principal mesure au minimum 83 cm, avec serrure et poignée préhensible et manœuvrable', 1, '2010-11-04 00:00:00'),
(275, '1_so_po_05', 'Mise en place d''une porte 1 vantail de 93 cm avec serrure et poignée préhensible et manoeuvrable.  ', 1, '2010-11-04 00:00:00'),
(276, '1_so_po_06', 'Mise en place d''une porte 1 vantail de 83 cm avec serrure et poignée préhensible et manoeuvrable.  ', 1, '2010-11-04 00:00:00'),
(277, '1_so_po_07', 'Mise en place d''une porte double vantaux de 160 cm dont le vantail principal mesure au minimum 93 cm, avec serrure et poignée préhensible et manœuvrable', 1, '2010-11-04 00:00:00'),
(278, '1_so_po_08', 'Modification de l''emplacement des portiques de sécurité afin d''avoir un passage supérieur ou égal à 80 cm', 1, '2010-11-04 00:00:00'),
(279, '1_so_po_09', 'Déplacer l''obstacle', 1, '2010-11-04 00:00:00'),
(280, '1_so_po_10', 'Supprimer l''obstacle', 1, '2010-11-04 00:00:00'),
(281, '1_so_po_11', 'Mise en place d''une porte 1 vantail de 93 cm avec un passage utile de 90 cm, avec serrure et poignée préhensible et manoeuvrable.  ', 1, '2010-11-04 00:00:00'),
(282, '1_so_po_12', 'Suppression ou déplacement de l''obstacle', 2, '2010-11-04 00:00:00'),
(283, '1_so_po_13', 'Mise en place d''une porte coulissante avec serrure et poignée préhensible et manoeuvrable.  ', 1, '2010-11-04 00:00:00'),
(284, '1_so_po_10', 'Suppression de la porte dans la mesure ou sa présence n''est pas indispensable', 1, '2010-11-04 00:00:00'),
(285, '1_so_po_11', 'Suppression ou déplacement de l''obstacle, dans la mesure ou il existe.', 2, '2010-11-04 00:00:00'),
(286, '1_so_po_10', 'Suppression de la porte dans la mesure où sa présence n''est pas indispensable', 1, '2010-11-04 00:00:00'),
(287, '1_so_po_14', 'Modification de la structure du sas afin d''obtenir des espaces de manœuvre à l''intérieur et à l''extérieur.', 1, '2010-11-04 00:00:00'),
(288, '1_so_po_15', 'Modification de la structure du sas afin d''obtenir des espaces de manœuvre à l''intérieur et à l''extérieur.', 1, '2010-11-04 00:00:00'),
(289, '1_so_po_16', 'Réglage du système de ferme porte', 1, '2010-11-04 00:00:00'),
(290, '1_so_po_17', 'Rabotage de la porte', 1, '2010-11-04 00:00:00'),
(291, '1_so_po_18', 'Changement de porte', 1, '2010-11-04 00:00:00'),
(292, '1_so_po_19', 'Mise en place d''une porte automatique', 1, '2010-11-04 00:00:00'),
(293, '1_so_po_20', 'Mise en place d''un système d''ouverture et de fermeture automatique sur la porte existante', 1, '2010-11-04 00:00:00'),
(294, '1_so_po_21', 'Réglage du système d''ouverture automatique pour permettre le passage', 1, '2010-11-04 00:00:00'),
(295, '1_so_po_22', 'Modification du système d''ouverture automatique afin d''obtenir une ouverture dans les deux sens', 1, '2010-11-04 00:00:00'),
(296, '1_so_po_23', 'Réglage du système d''ouverture automatique', 1, '2010-11-04 00:00:00'),
(297, '1_so_po_24', 'Modification du système de dévérouillage', 1, '2010-11-04 00:00:00'),
(298, '1_so_po_25', 'Mise en place d''un système de communication d''urgence entre les usagers et l''accueil', 1, '2010-11-04 00:00:00'),
(299, '1_so_po_26', 'Création d''une porte respectant les critères d''accessibilité et de sécurité', 1, '2010-11-04 00:00:00'),
(300, '1_so_po_27', 'Mise en place d''une signalétique permettant d''orienter les personnes vers la porte adaptée, complété par une signalétique indiquant la porte adaptée. ', 1, '2010-11-04 00:00:00'),
(301, '1_so_po_28', 'Mise en place d''un double bandeau de sécurité ( 1,10 et 1,60m) de couleur contrastée par rapport aux murs environnants.  ', 1, '2010-11-04 00:00:00'),
(302, '1_so_po_29', 'Remplacement de la porte de type tourniquet par un portillon respectant les critères d''accessibilité', 1, '2010-11-04 00:00:00'),
(303, '1_so_po_30', 'Adapter un système de serrure déporté sur la porte', 1, '2010-11-04 00:00:00'),
(304, '1_so_po_31', 'Changement de verrou pour un modèle préhensible et facilement manipulable', 1, '2010-11-04 00:00:00'),
(305, '1_so_po_32', 'Déplacer le système de fermeture de porte à une hauteur comprise entre 90 et 130 cm', 1, '2010-11-04 00:00:00'),
(306, '1_so_po_33', 'Changement du modèle de porte pour un respectant les critères d''accessibilité', 0, '2010-11-04 00:00:00'),
(307, '1_so_po_34', 'Mise en place d''une porte 1 vantail de 83 cm avec serrure et poignée préhensible et manoeuvrable.  ', 1, '2010-11-04 00:00:00'),
(308, '1_so_po_sec_01', 'Mise en place d''une porte 1 vantail de 93 cm avec serrure et poignée préhensible et manoeuvrable.  ', 1, '2010-11-04 00:00:00'),
(309, '1_so_po_sec_02', 'Réorganisation fonctionnelle (à préciser)', 3, '2010-11-04 00:00:00'),
(310, '1_so_po_sec_03', 'Déplacer l''obstacle', 1, '2010-11-04 00:00:00'),
(311, '1_so_po_sec_04', 'Supprimer l''obstacle', 1, '2010-11-04 00:00:00'),
(312, '1_so_po_sec_05', 'Suppression ou déplacement de l''obstacle, dans la mesure ou il existe.', 2, '2010-11-04 00:00:00'),
(313, '1_so_po_sec_06', 'Réorganisation fonctionnelle (à préciser)', 3, '2010-11-04 00:00:00'),
(314, '1_so_po_sec_07', 'Suppression de la porte dans la mesure ou sa présence n''est pas indispensable', 1, '2010-11-04 00:00:00'),
(315, '1_so_po_sec_08', 'Déplacer le système d''ouverture à une hauteur comprise entre 90 et 130 cm', 1, '2010-11-04 00:00:00'),
(316, '1_so_po_sec_09', 'Modification du système d''ouverture pour un manoeuvrable', 1, '2010-11-04 00:00:00'),
(317, '1_so_po_sec_10', 'Réglage du système de ferme porte', 1, '2010-11-04 00:00:00'),
(318, '1_so_po_sec_11', 'Rabotage de la porte', 1, '2010-11-04 00:00:00'),
(319, '1_so_po_sec_12', 'Changement de porte', 1, '2010-11-04 00:00:00'),
(320, '1_so_po_sec_13', 'Mise en place d''une signalétique adaptée permettant de repérer la sortie de secours', 1, '2010-11-04 00:00:00'),
(321, '1_so_quai_ext_01', 'Mise en place d''un bande d''eveil et de vigilance conforme à la norme NFP 98-351 ou d''un revêtement présentant des caractérisitiques équivalentes à celle d''une BEV.', 1, '2010-11-04 00:00:00'),
(322, '1_so_quai_ext_02', 'Déplacer la bande d''éveil de vigilance', 1, '2010-11-04 00:00:00'),
(323, '1_so_quai_ext_03', 'Peindre la bande d''éveil de vigilance', 1, '2010-11-04 00:00:00'),
(324, '1_so_quai_ext_04', 'Fourniture de sièges et d''appui assis debout', 1, '2010-11-04 00:00:00'),
(325, '1_so_quai_ext_05', 'Fourniture d''un revêtement tactilement contrasté permettant de détecter l''élément', 1, '2010-11-04 00:00:00'),
(326, '1_so_quai_ext_06', 'Fourniture de luminaires extérieurs de 20 lux minimum au sol sur une surface de 16 m²  ', 1, '2010-11-04 00:00:00'),
(327, '1_so_quai_ext_07', 'Fourniture de luminaires extérieurs de 50 lux minimum au sol sur une surface de 16 m²  ', 1, '2010-11-04 00:00:00'),
(328, '1_so_quai_ext_08', 'Fourniture de luminaires extérieurs de 100 lux minimum au sol sur une surface de 16 m²  ', 1, '2010-11-04 00:00:00'),
(329, '1_so_quai_ext_09', 'Fourniture de luminaires extérieurs de 50 lux minimum au sol sur une surface de 16 m²  ', 1, '2010-11-04 00:00:00'),
(330, '1_so_quai_in_01', 'Mise en place d''un bande d''eveil et de vigilance conforme à la norme NFP 98-351 ou d''un revêtement présentant des caractérisitiques équivalentes à celle d''une BEV.', 1, '2010-11-04 00:00:00'),
(331, '1_so_quai_in_02', 'Déplacer la bande d''éveil de vigilance', 1, '2010-11-04 00:00:00'),
(332, '1_so_quai_in_02', 'Peindre la bande d''éveil de vigilance', 1, '2010-11-04 00:00:00'),
(333, '1_so_quai_in_03', 'Fourniture de sièges et d''appuis assis debout', 1, '2010-11-04 00:00:00'),
(334, '1_so_quai_in_04', 'Fourniture d''un revêtement tactilement contrasté permettant de détecter l''élément', 1, '2010-11-04 00:00:00'),
(335, '1_so_quai_in_05', 'Fourniture de luminaires extérieurs de 100 lux minimum au sol sur une surface de 16 m²  ', 1, '2010-11-04 00:00:00'),
(336, '1_so_quai_in_06', 'Fourniture de luminaires extérieurs de 120 lux minimum au sol sur une surface de 16 m²  ', 1, '2010-11-04 00:00:00'),
(337, '1_so_quai_in_07', 'Fourniture de luminaires extérieurs de 250 lux minimum au sol sur une surface de 16 m²  ', 1, '2010-11-04 00:00:00'),
(338, '1_so_quai_in_08', 'Fourniture de luminaires extérieurs de 250 lux minimum au sol sur une surface de 16 m²  ', 1, '2010-11-04 00:00:00'),
(339, '1_qi_quai_in_01', '', 0, '2010-11-04 00:00:00'),
(340, '1_so_san_01', 'Fourniture d''un bloc WC  avec réservoir et chasse à déclenchement automatique.', 0, '2010-11-04 00:00:00'),
(341, 'Plombier', '', 0, '2010-11-04 00:00:00'),
(342, '1_so_san_02', 'Fourniture d''un lavabo adapté avec robinet automatique', 1, '2010-11-04 00:00:00'),
(343, '1_so_san_03', 'Aménagement d''un sanitaire adapté de 180 cm x 160 cm minimum, porte 93 cm avec poignée et serrure préhensible, bloc WC adapté, réservoir avec robinetterie de chasse automatique, barre d''appui latérale coudée, dévidoir papier, lavabo accessible robinet automatique, miroir inclinable avec levier, sèch', 1, '2010-11-04 00:00:00'),
(344, '1_so_san_03', 'Aménagement d''un sanitaire adapté de 180 cm x 160 cm minimum, porte 93 cm avec poignée et serrure préhensible, bloc WC adapté, réservoir avec robinetterie de chasse automatique, barre d''appui latérale coudée, dévidoir papier, lavabo accessible robinet automatique, miroir inclinable avec levier, sèch', 1, '2010-11-04 00:00:00'),
(345, '1_so_san_02', 'Fourniture d''un bloc WC  avec réservoir et chasse à déclenchement automatique.', 0, '2010-11-04 00:00:00'),
(346, '1_so_san_04', 'Fourniture d''un lavabo adapté avec robinet automatique', 1, '2010-11-04 00:00:00'),
(347, '1_so_san_05', 'Fourniture d''un robinet à déclenchement automatique.', 1, '2010-11-04 00:00:00'),
(348, '1_so_san_06', 'Fourniture d''un miroir inclinable avec levier', 1, '2010-11-04 00:00:00'),
(349, '1_so_san_07', 'Fourniture d''un urinoir individuel de face,robinet de chasse automatique.', 1, '2010-11-04 00:00:00'),
(350, '1_so_san_08', 'Fourniture d''un luminaire fournissant 100 lux au sol minimum, commandé par interrupteur automatique', 1, '2010-11-04 00:00:00'),
(351, '1_so_sign_01', 'Fourniture d''une signalétique reprenant l''ensemble des informations', 1, '2010-11-04 00:00:00'),
(352, '1_so_sign_02', 'Modification du support de l''information afin d''obtenir un contraste entre le support et son environnement.', 1, '2010-11-04 00:00:00'),
(353, '1_so_sign_03', 'Si possible, ajout d''un cadre autour du support de couleur contrastée par rapport à celui ci ', 1, '2010-11-04 00:00:00'),
(354, '1_so_sign_04', 'Déplacer le support de l''information à une hauteur permettant une lecture aisée en position assise', 1, '2010-11-04 00:00:00'),
(355, '1_so_sign_05', 'Déplacer le support de l''information à une hauteur permettant une lecture aisée en position assise et debout', 1, '2010-11-04 00:00:00'),
(356, '1_so_sign_06', 'Déplacer le support d''information afin de supprimer le contre jour', 1, '2010-11-04 00:00:00');
INSERT INTO `gevu_solutions` (`id_solution`, `ref`, `lib`, `id_type_solution`, `maj`) VALUES
(357, '1_so_sign_07', 'Modification du support d''information et préférer un support réduisant les effets de contre jour', 1, '2010-11-04 00:00:00'),
(358, '1_so_sign_08', 'Déplacer le support d''information à une hauteur inférieure à 220 cm', 1, '2010-11-04 00:00:00'),
(359, '1_so_sign_09', 'Doubler le support d''information par une signalétique positionnée à une hauteur inférieure à 220 cm', 1, '2010-11-04 00:00:00'),
(360, '1_so_sign_10', 'Déplacer le support d''information afin de permettre aux personnes de s''en approcher à moins d''un mètre', 1, '2010-11-04 00:00:00'),
(361, '1_so_sign_11', 'Si présence d''obstacle, déplacer ou supprimer l''obstacle', 2, '2010-11-04 00:00:00'),
(362, '1_so_sign_12', 'Déplacer le support d''information à une hauteur comprise entre 90 et 130 cm', 1, '2010-11-04 00:00:00'),
(363, '1_so_sign_13', 'Doubler le support d''information par une signalétique positionnée entre 90 et 130 cm', 1, '2010-11-04 00:00:00'),
(364, '1_so_sign_14', 'Modification du support de l''information pour un dont la forme permet de compléter l''information (ex : un panneau ayant la forme d''une flèche. celui ci permet d''orienter la personne)', 1, '2010-11-04 00:00:00'),
(365, '1_so_sign_15', 'Fourniture d''une signalétique où les informations sont contrastées par rapport au support', 1, '2010-11-04 00:00:00'),
(366, '1_so_sign_16', 'Fourniture d''une signalétique d''orientation disposant de caractères ayant une hauteur supérieure à 1,5 cm', 1, '2010-11-04 00:00:00'),
(367, '1_so_sign_17', 'Fourniture d''une signalétique avec des caractères d''une hauteur supérieure à 0,45 cm', 1, '2010-11-04 00:00:00'),
(368, '1_so_sign_18', 'Doubler les informations par une version en relief', 1, '2010-11-04 00:00:00'),
(369, '1_so_sign_19', 'Fourniture d''une signalétique intégrant les informations en relief', 1, '2010-11-04 00:00:00'),
(370, '1_so_sign_20', 'Doubler les informations par une version en braille', 1, '2010-11-04 00:00:00'),
(371, '1_so_sign_21', 'Fourniture d''une signalétique intégrant les informations en braille', 1, '2010-11-04 00:00:00'),
(372, '1_so_sign_22', 'Compléter la signalétique existante par des pictogrammes normalisés', 1, '2010-11-04 00:00:00'),
(373, '1_so_sign_23', 'Fourniture d''une signalétique comportant des pictogrammes en complément des informations écrites', 1, '2010-11-04 00:00:00'),
(374, '1_so_sign_24', 'Utiliser des pictogrammes normalisés', 0, '2010-11-04 00:00:00'),
(375, '1_so_sign_25', 'Compléter les annonces sonores par un jingle', 1, '2010-11-04 00:00:00'),
(376, '1_so_sign_26', 'Définir une charte de couleur permettant l''identification des fonctions à l''intérieur du bâtiment', 0, '2010-11-04 00:00:00'),
(377, '1_so_sign_27', 'Fourniture d''étiquettes contrastées et en reliefs décrivant les fonctions à l''intérieur des pièces', 0, '2010-11-04 00:00:00'),
(378, '1_so_sign_28', 'Fourniture d''un écran à affichage instantanée permettant de reporter les informations sonores (type écran LCD)', 1, '2010-11-04 00:00:00'),
(379, '1_so_sol_ext_01', 'Réalisation d''un dallage en gravillon lavé. (mini 140 cm de largeur)', 1, '2010-11-04 00:00:00'),
(380, '1_so_sol_ext_02', 'Réalisation d''une dalle en béton . (mini 140 cm de largeur)', 1, '2010-11-04 00:00:00'),
(381, '1_so_sol_ext_03', 'Réalisation d''un chemin de voirie en enrobé noir. (mini 140 cm de largeur)', 1, '2010-11-04 00:00:00'),
(382, '1_so_sol_ext_04', 'Dépend de la nature de l''obstacle', 0, '2010-11-04 00:00:00'),
(383, '1_so_sol_ext_05', 'Dans le cas de grilles d''évacuation des eaux, fourniture de grilles dont les fentes ont une largeur inférieure à 2 cm', 1, '2010-11-04 00:00:00'),
(384, '1_so_sol_ext_06', 'Si les trous ou les fentes sont liés à des revêtements détériorés. Comblement des revêtements avec des matériaux adaptés', 1, '2010-11-04 00:00:00'),
(385, '1_so_sol_ext_07', 'Modification de la nature de l''obstacle afin de répondre aux critères d''acceesibilité', 1, '2010-11-04 00:00:00'),
(386, '1_so_sol_ext_08', 'Si possible, supprimer l''obstacle', 1, '2010-11-04 00:00:00'),
(387, '1_so_sol_ext_09', 'Si possible, déplacer l''obstacle afin de laisser un passage libre de 220 cm de haut', 1, '2010-11-04 00:00:00'),
(388, '1_so_sol_ext_10', 'Peindre d''une couleur contrastée l''obstacle en saillie par rapport à son environnement', 1, '2010-11-04 00:00:00'),
(389, '1_so_sol_ext_11', 'Disposer un rappel au sol sous l''obstacle en saillie', 1, '2010-11-04 00:00:00'),
(390, '1_so_sol_ext_12', 'Peindre d''une couleur contrastée l''obstacle en saillie par rapport à son environnement et disposer un rappel au sol sous l''obstacle en saillie', 1, '2010-11-04 00:00:00'),
(391, '1_so_sol_ext_13', 'Déplacer l''obstacle en saillie afin de répondre au critère d''accessibilité', 1, '2010-11-04 00:00:00'),
(392, '1_so_sol_ext_14', 'Si possible, supprimer l''obstacle', 1, '2010-11-04 00:00:00'),
(393, '1_so_sol_ext_15', 'Combler l''espace vide entre le sol et l''obstacle en saillie', 1, '2010-11-04 00:00:00'),
(394, '1_so_sol_ext_16', 'Peindre d''une couleur contrastée  le ou les obstacle(s) par rapport à leur environnement', 1, '2010-11-04 00:00:00'),
(395, '1_so_sol_ext_17', 'Mise en place d''un double bandeau de sécurité ( 1,10 et 1,60m) de couleur contrastée par rapport aux murs environnants. ', 1, '2010-11-04 00:00:00'),
(396, '1_qi_sol_ext_01', '', 0, '2010-11-04 00:00:00'),
(397, '1_so_sol_01', 'Réalisation d''un revêtement de sol stable en parquet flottant', 1, '2010-11-04 00:00:00'),
(398, '1_so_sol_02', 'Réalisation d''un revêtement de sol stable moquette à poil ras', 1, '2010-11-04 00:00:00'),
(399, '1_so_sol_03', 'Réalisation d''un revêtement de sol stable en carrelage', 1, '2010-11-04 00:00:00'),
(400, '1_so_sol_04', 'Réalisation d''un revêtement de sol stable en dalles vinyles', 1, '2010-11-04 00:00:00'),
(401, '1_so_sol_05', 'Traitement antireflet du revêtement de sol. Traitement chimique ou mécanique ', 1, '2010-11-04 00:00:00'),
(402, '1_so_sol_06', 'Dépend de l''obstacle constaté', 0, '2010-11-04 00:00:00'),
(403, '1_so_sol_07', 'Dans le cas de grilles d''évacuation des eaux, fourniture de grilles dont les fentes ont une largeur inférieure à 2 cm', 1, '2010-11-04 00:00:00'),
(404, '1_so_sol_08', 'Si les trous ou les fentes sont liés à des revêtements détériorés, comblement des revêtements avec des matériaux adaptés', 1, '2010-11-04 00:00:00'),
(405, '1_so_sol_09', 'Identification du sens de cheminement et disposition la grille perpendiculairement à ce dernier', 1, '2010-11-04 00:00:00'),
(406, '1_so_sol_09', 'Fourniture d''un tapis de sol fixe et dur', 1, '2010-11-04 00:00:00'),
(407, '1_so_sol_10', 'Modification du cadre recevant le tapis pour un dont la hauteur est inférieure ou égale à 2 cm', 1, '2010-11-04 00:00:00'),
(408, '1_so_sol_11', 'Dans le cas d''obstacles réduisant la largeur de cheminement, déplacer ou supprimer les obstacles.', 2, '2010-11-04 00:00:00'),
(409, '1_so_sol_12', 'Modification des itinéraires de circulation dans le bâtiment', 3, '2010-11-04 00:00:00'),
(410, '1_so_sol_13', 'Dans le cas d''obstacles réduisant la largeur de cheminement, déplacer ou supprimer les obstacles.', 2, '2010-11-04 00:00:00'),
(411, '1_so_sol_14', 'Suppression de l''obstacle ', 2, '2010-11-04 00:00:00'),
(412, '1_so_sol_15', 'Déplacer l''obstacle afin d''obtenir un passage supérieur ou égal à 220 cm', 2, '2010-11-04 00:00:00'),
(413, '1_so_sol_16', 'Modification de la nature de l''obstacle afin d''obtenir un passage supérieur ou égal à 220 cm (exemple: changement du support du panneau d''affichage)', 1, '2010-11-04 00:00:00'),
(414, '1_so_sol_17', 'Peindre de couleur contrastée l''obstacle en saillie par rapport à son environnement', 1, '2010-11-04 00:00:00'),
(415, '1_so_sol_18', 'Disposer un rappel au sol sous l''obstacle en saillie', 1, '2010-11-04 00:00:00'),
(416, '1_so_sol_19', 'Peindre de couleur contrastée l''obstacle en saillie par rapport à son environnement et disposer un rappel au sol sous l''obstacle en saillie', 1, '2010-11-04 00:00:00'),
(417, '1_so_sol_20', 'Déplacer l''obstacle en saillie afin de répondre au critère d''accessibilité', 1, '2010-11-04 00:00:00'),
(418, '1_so_sol_14', 'Suppression de l''obstacle ', 1, '2010-11-04 00:00:00'),
(419, '1_so_sol_21', 'Combler l''espace vide entre le sol et l''obstacle en saillie', 1, '2010-11-04 00:00:00'),
(420, '1_so_sol_22', 'Peindre de couleur contrastée le ou les obstacle(s) par rapport à leur environnement', 1, '2010-11-04 00:00:00'),
(421, '1_so_sol_23', 'Mise en place d''un double bandeau de sécurité ( 1,10 et 1,60m) de couleur contrastée par rapport aux murs environnants. ', 1, '2010-11-04 00:00:00'),
(422, '1_so_sol_24', 'Mise en place d''une main courante répondant aux critères réglementaires ', 1, '2010-11-04 00:00:00'),
(423, '1_so_sol_25', 'Modification de la main courante afin que celle ci réponde aux critères d''accessibilité', 1, '2010-11-04 00:00:00'),
(424, '1_so_sol_26', 'Mise en place d''un revêtement sur la main courante incluant des informations en relief et en braille permettant d''orienter les usagers,', 1, '2010-11-04 00:00:00'),
(425, '1_so_sol_27', 'Mise en place d''une bande de guidage au sol ', 1, '2010-11-04 00:00:00'),
(426, '1_so_sol_28', 'Mise en place d''une signalétique comprenant des pictogrammes pour orienter vers les services', 1, '2010-11-04 00:00:00'),
(427, '1_so_sol_29', 'Fourniture de cloison acoustique', 1, '2010-11-04 00:00:00'),
(428, '1_so_sol_30', 'Fourniture d''une signalétique répondant aux critères d''accessibilité', 1, '2010-11-04 00:00:00'),
(429, '1_so_sol_31', 'Utilisation de matériaux différents entre le cheminement et son environnement proche ', 1, '2010-11-04 00:00:00'),
(430, '1_so_sol_32', 'Mise en place d''un plan d''orientation en relief', 1, '2010-11-04 00:00:00'),
(431, '1_so_sor_03', 'Dépend de la nature de l''obstacle', 0, '2010-11-04 00:00:00'),
(432, '1_so_sor_01', 'Fourniture d''un ou plusieurs panneaux signalant la sortie et répondant aux critères d''accessibilité.', 1, '2010-11-04 00:00:00'),
(433, '1_so_sor_02', 'Mise en place d''un plan d''orientation avec des informations écrites en relief sortant et en braille', 1, '2010-11-04 00:00:00'),
(434, '1_so_wc_01', 'S''il existe un espace disponible, création d''un WC disposant d''un espace de manœuvre de 150 cm de diamètre.', 1, '2010-11-04 00:00:00'),
(435, '1_so_wc_02', 'Déplacer les éventuels obstacles réduisant l''espace de manœuvre', 4, '2010-11-04 00:00:00'),
(436, '1_so_wc_03', 'S''il existe un espace disponible, création d''un espace de manœuvre devant le WC', 1, '2010-11-04 00:00:00'),
(437, '1_so_wc_04', 'Fourniture d''un système de ferme porte', 1, '2010-11-04 00:00:00'),
(438, '1_so_wc_05', 'Fourniture d''un dispositif facilitant la fermeture de la porte de type barre horizontale en complément de la poignée', 1, '2010-11-04 00:00:00'),
(439, '1_so_wc_06', 'S''il existe un espace disponible, création d''un WC comportant au minimum un espace d''usage de 80x130 cm', 1, '2010-11-04 00:00:00'),
(440, '1_so_wc_07', 'Déplacer les éventuels obstacles réduisant l''espace d''usage', 2, '2010-11-04 00:00:00'),
(441, '1_so_wc_08', 'Création d''un WC comportant des espaces d''usage de 80x130 cm de part et d''autre de la cuvette, des barres rabattables sont disposées de chaque côté.', 1, '2010-11-04 00:00:00'),
(442, '1_so_wc_09', 'Fourniture d''une barre d''appui latéral', 1, '2010-11-04 00:00:00'),
(443, '1_so_wc_10', 'Fourniture d''une barre d''appui latéral comportant une partie horizontale', 1, '2010-11-04 00:00:00'),
(444, '1_so_wc_11', 'Fourniture d''une barre d''appui horizontale complémentaire à celle existante', 1, '2010-11-04 00:00:00'),
(445, '1_so_wc_12', 'Déplacer la barre d''appui à une hauteur comprise entre 70 et 80 cm', 1, '2010-11-04 00:00:00'),
(446, '1_so_wc_13', 'Renforcer l''ancrage de la barre d''appui', 1, '2010-11-04 00:00:00'),
(447, '1_so_wc_14', 'Fourniture d''un lave main répondant aux critères d''accessibilité', 1, '2010-11-04 00:00:00'),
(448, '1_so_wc_15', 'Déplacer le lave main à une hauteur répondant aux critères d''accessibilité', 1, '2010-11-04 00:00:00'),
(449, '1_so_wc_16', 'Déplacer le lave main à une hauteur répondant aux critères d''accessibilité', 1, '2010-11-04 00:00:00'),
(450, '1_so_wc_17', 'Fourniture d''un robinet à déclenchement automatique.', 1, '2010-11-04 00:00:00'),
(451, '1_so_wc_18', 'Fourniture d''un bloc WC avec réservoir et chasse à déclenchement automatique', 1, '2010-11-04 00:00:00'),
(452, '1_so_wc_19', 'Déplacer la cuvette du WC et ajuster l''axe de celle-ci afin de respecter les critères d''accessibilité', 1, '2010-11-04 00:00:00'),
(453, '1_so_wc_20', 'Déplacer la cuvette du WC et ajuster la hauteur de celle-ci afin de respecter les critères d''accessibilité', 1, '2010-11-04 00:00:00'),
(454, '1_so_wc_21', 'Fourniture d''une robinetterie électronique pour chasse automatique de WC à déclenchement au départ de l''utilisateur.', 1, '2010-11-04 00:00:00'),
(455, '1_so_wc_22', 'Déplacer la commande de chasse d''eau pour une disposition au plus près de l''espace d''usage du WC', 1, '2010-11-04 00:00:00'),
(456, '1_so_wc_22', 'Fourniture d''un interrupteur électrique automatique', 1, '2010-11-04 00:00:00'),
(457, '1_so_wc_23', 'Fourniture d''un éclairage de 100 lux mini au sol en tous points.', 1, '2010-11-04 00:00:00'),
(458, '1_so_wc_24', '', 0, '2010-11-04 00:00:00'),
(459, '3_so_voirie_equip_01', 'Dans le cas de grilles d''évacuation des eaux, fourniture de grilles dont les fentes ont une largeur inférieure à 2 cm', 1, '2010-11-04 00:00:00'),
(460, '3_so_voirie_equip_15', 'Si les trous ou les fentes sont liés à des revêtements détériorés, comblement des revêtements avec des matériaux adaptés', 1, '2010-11-04 00:00:00'),
(461, '3_so_voirie_equip_02', 'Pose d''une bande d''une largeur minimale de 10 cm, contrastée  par rapport au mobilier urbain et située à une hauteur comprise entre 120 et 140 cm (cette hauteur peut-être adaptée si le mobilier mesure moins de 130 cm)', 1, '2010-11-04 00:00:00'),
(462, '3_so_voirie_equip_03', 'Suppression du mobilier ', 1, '2010-11-04 00:00:00'),
(463, '3_so_voirie_equip_04', 'Pose d''un rappel tactile à l''aplomb du mobilier urbain (à 40cm maximum du sol)', 1, '2010-11-04 00:00:00'),
(464, '3_so_voirie_equip_05', 'Fourniture d''un système d''urgence fournissant une information écrite et par induction magnétique', 1, '2010-11-04 00:00:00'),
(465, '3_so_voirie_equip_06', 'Fourniture d''un poteau ou d''une borne respectant les règles de l''abaque de détection', 1, '2010-11-04 00:00:00'),
(466, '3_so_voirie_equip_07', 'Fourniture d''un affichage permettant une lecture proche (caractères d''au moins 1,5 cm) et utilisation de pictogrammes ou d''icônes.', 1, '2010-11-04 00:00:00'),
(467, '3_so_voirie_equip_01', 'Doubler les informations visuelles par un signal sonore', 1, '2010-11-04 00:00:00'),
(468, '3_so_voirie_equip_08', 'Fourniture d''une boucle magnétique ou d''un système d''amplification sonore', 1, '2010-11-04 00:00:00'),
(469, '3_so_voirie_equip_09', 'Fourniture d''un équipement disposant de commandes à une hauteur comprise entre 90 cm et 130 cm.', 1, '2010-11-04 00:00:00'),
(470, '3_so_voirie_equip_10', 'Déplacer les commandes à une hauteur comprise entre 90 cm et 130 cm.', 1, '2010-11-04 00:00:00'),
(471, '3_so_voirie_equip_11', 'Fourniture d''un équipement disposant de commandes identifiées par un pictogramme ou une inscription en relief', 1, '2010-11-04 00:00:00'),
(472, '3_so_voirie_equip_12', 'Changer les commandes afin qu''elles soient identifiées par un pictogramme ou une inscription en relief', 1, '2010-11-04 00:00:00'),
(473, '3_so_voirie_equip_13', 'Changer l''emplacement de l''équipement ', 3, '2010-11-04 00:00:00'),
(474, '3_so_voirie_equip_14', 'Suppression des éventuels obstacles réduisant l''espace de manœuvre de l''équipement', 1, '2010-11-04 00:00:00'),
(475, '3_so_voirie_esca_01', 'Fourniture d''un escalier d''une largeur minimale de 120 cm entre les mains courantes', 1, '2010-11-04 00:00:00'),
(476, '3_so_voirie_esca_02', 'Fourniture d''un escalier d''une largeur minimale de 130 cm entre les mains courantes', 1, '2010-11-04 00:00:00'),
(477, '3_so_voirie_esca_03', 'Fourniture d''un escalier d''une largeur minimale de 140 cm entre les mains courantes', 1, '2010-11-04 00:00:00'),
(478, '3_so_voirie_esca_04', 'Changement de l''escalier', 1, '2010-11-04 00:00:00'),
(479, '3_so_voirie_esca_05', 'Peindre le nez de marche d''une couleur contrastée (5 cm de large minimum)', 1, '2010-11-04 00:00:00'),
(480, '3_so_voirie_esca_06', 'Mise en place d''une main courante répondant aux critères d''accessibilité', 1, '2010-11-04 00:00:00'),
(481, '3_so_voirie_esca_07', 'Mise en place d''une double main courante centrale répondant aux critères d''accessibilité', 1, '2010-11-04 00:00:00'),
(482, '3_so_voirie_esca_08', 'Mise en place d''une main courante répondant aux critères d''accessibilité', 1, '2010-11-04 00:00:00'),
(483, '3_so_voirie_esca_09', 'Mise en place d''un bande d''eveil et de vigilance conforme à la norme NFP 98-351 ou d''un revêtement présentant des caractérisitiques équivalentes à celle d''une BEV.', 1, '2010-11-04 00:00:00'),
(484, '3_so_voirie_esca_10', 'Réalisation d''un rainurage en fonction du type de matériaux et mise en peinture. ', 1, '2010-11-04 00:00:00'),
(485, '3_so_voirie_esca_10', 'Fourniture d''un nez de marche en matériaux non glissant et de couleur contrastée .', 1, '2010-11-04 00:00:00'),
(486, '3_so_voirie_esca_11', 'Mise en place d''une main courante répondant aux critères d''accessibilité à une hauteur comprise entre 50 et 75 cm', 1, '2010-11-04 00:00:00'),
(487, '3_so_voirie_esca_12', 'Fourniture et installation d''un éclairage extérieur avec luminaires fournissant 150 lux en tous points (hors distribution)', 1, '2010-11-04 00:00:00'),
(488, '3_so_voirie_pieton_01', 'Mise en place d''un abaissé de trottoir répondant aux critères d''accessibilité au droit des passages piétons', 1, '2010-11-04 00:00:00'),
(489, '3_so_voirie_pieton_02', 'Reprise de la pente afin qu''elle réponde aux critères d''accessibilité', 1, '2010-11-04 00:00:00'),
(490, '3_so_voirie_pieton_03', 'Dans la mesure ou cela est possible, reprise du cheminement existant et création d''une pente respectant les critères d''accessibilité sur une largeur de 140 cm', 1, '2010-11-04 00:00:00'),
(491, '3_so_voirie_pieton_04', 'Si la hauteur du ressaut le permet, arrondir ou chanfreiner le ressaut', 1, '2010-11-04 00:00:00'),
(492, '3_so_voirie_pieton_05', 'Supprimer le ressaut', 1, '2010-11-04 00:00:00'),
(493, '3_so_voirie_pieton_06', 'Suppression des obstacles afin de créer un passage horizontal de 80 cm au droit du passage piéton entre la pente du plan incliné et le cadre bâti et tout autre obstacle.', 1, '2010-11-04 00:00:00'),
(494, '3_so_voirie_pieton_07', 'Mise en place d''un bande d''eveil et de vigilance conforme à la norme NFP 98-351 ', 1, '2010-11-04 00:00:00'),
(495, '3_so_voirie_pieton_08', 'Disposer la BEV à 50 cm du bord du trottoir', 1, '2010-11-04 00:00:00'),
(496, '3_so_voirie_pieton_09', 'Réalisation d''un marquage réglementaire de passage pour piéton', 1, '2010-11-04 00:00:00'),
(497, '3_so_voirie_pieton_10', 'Fourniture de dispositifs auditifs complémentaires aux signaux lumineux indiquant les périodes durant lesquelles il est possible de traverser.', 1, '2010-11-04 00:00:00'),
(498, '3_so_voirie_pieton_11', 'Réalisation d''une chicane laissant un passage libre de 80 cm x 130 cm', 1, '2010-11-04 00:00:00'),
(499, '3_so_voirie_pieton_12', 'Mise en place d''un bande d''eveil et de vigilance conforme à la norme NFP 98-351, positionnée perpendiculairement à l''axe de la traversée', 1, '2010-11-04 00:00:00'),
(500, '3_so_voirie_pente_01', 'Réalisation d''un chemin d''une largeur minimale de 140 cm en enrobé noir avec un dévers inférieur à 2%', 1, '2010-11-04 00:00:00'),
(501, '3_so_voirie_pente_02', 'Reprise du cheminement par la création d''un cheminement d''une largeur minimale de 140 cm respectant la réglementation accessibilité des pentes et ressauts ', 1, '2010-11-04 00:00:00'),
(502, '3_so_voirie_pente_03', 'Création de paliers de repos de 120 x 140 cm en enrobé noir', 1, '2010-11-04 00:00:00'),
(503, '3_so_voirie_pente_04', 'Mise en place d''une main courante répondant aux critères d''accessibilité', 1, '2010-11-04 00:00:00'),
(504, '3_so_voirie_pente_05', 'Suppression des éventuels obstacles', 1, '2010-11-04 00:00:00'),
(505, '3_so_voirie_pente_01', 'Création d''un palier de repos de manoeuvre de 200 cm de diamètre', 1, '2010-11-04 00:00:00'),
(506, '3_so_voirie_gic_01', 'Création d''un emplacement adapté d''une largeur de 200 cm minimale, avec marquage au sol, bande latérale,panneaux de signalisation et de rappel à l''amende sur parking en enrobé noir.', 1, '2010-11-04 00:00:00'),
(507, '3_so_voirie_gic_02', 'Suppression des éventuels obstacles', 1, '2010-11-04 00:00:00'),
(508, '3_so_voirie_gic_03', 'Pose d''un marquage au sol de couleur contrastée', 1, '2010-11-04 00:00:00'),
(509, '3_so_voirie_gic_04', 'Mise en place d''un panneau de signalisation (symbole international) avec panneau de rappel d''amende', 1, '2010-11-04 00:00:00'),
(510, '3_so_voirie_gic_05', 'Création d''un emplacement adapté d''une largeur de 330 cm minimale, avec marquage au sol, bande latérale,panneaux de signalisation et de rappel à l''amende sur parking en enrobé noir.', 1, '2010-11-04 00:00:00'),
(511, '3_so_voirie_gic_06', 'Création d''un emplacement adapté d''une largeur de 350 cm minimale, avec marquage au sol, bande latérale,panneaux de signalisation et de rappel à l''amende sur parking en enrobé noir.', 1, '2010-11-04 00:00:00'),
(512, '3_so_voirie_gic_07', 'Création d''un emplacement adapté permettant la sortie par l''arrière du véhicule avec marquage au sol, bande latérale,panneaux de signalisation et de rappel à l''amende sur parking en enrobé noir.', 1, '2010-11-04 00:00:00'),
(513, '3_so_voirie_gic_08', 'Création d''un emplacement adapté avec marquage au sol, bande latérale,panneaux de signalisation et de rappel à l''amende sur parking en enrobé noir.', 1, '2010-11-04 00:00:00'),
(514, '3_so_voirie_gic_09', 'Réalisation d''un chemin d''une largeur minimale de 140 cm en enrobé noir avec un dévers inférieur à 2%', 1, '2010-11-04 00:00:00'),
(515, '3_so_voirie_gic_10', 'Veiller à une répartition homogène des emplacements GIG/GIC sur la commune', 2, '2010-11-04 00:00:00'),
(516, '3_so_voirie_ressaut_01', 'Dans la mesure ou cela est possible, reprise du cheminement existant et création d''une pente respectant les critères d''accessibilité sur une largeur de 140 cm', 1, '2010-11-04 00:00:00'),
(517, '3_so_voirie_ressaut_02', 'Si la hauteur du ressaut le permet, arrondir ou chanfreiner le ressaut', 1, '2010-11-04 00:00:00'),
(518, '3_so_voirie_ressaut_03', 'Supprimer le ressaut', 1, '2010-11-04 00:00:00'),
(519, '3_so_voirie_signal_01', 'Fourniture d''un panneau de signalisation resistant aux intempéries', 1, '2010-11-04 00:00:00'),
(520, '3_so_voirie_signal_01', 'Doubler les informations visuelles par un signal sonore', 1, '2010-11-04 00:00:00'),
(521, '3_so_voirie_signal_01', 'Fourniture d''une signalétique où les informations sont contrastées par rapport au support', 1, '2010-11-04 00:00:00'),
(522, '3_so_voirie_signal_01', 'Fourniture d''une signalétique d''orientation disposant de caractères ayant une hauteur supérieure à 1,5 cm', 1, '2010-11-04 00:00:00'),
(523, '3_so_voirie_signal_01', 'Fourniture d''une signalétique d''orientation disposant de caractères ayant une hauteur supérieure à 15 cm', 1, '2010-11-04 00:00:00'),
(524, '3_so_voirie_signal_01', 'Fourniture d''une signalétique d''orientation disposant de caractères ayant une hauteur supérieure à 20 cm', 1, '2010-11-04 00:00:00'),
(525, '3_so_voirie_signal_01', 'Fourniture d''une signalétique comportant des pictogrammes en complément des informations écrites', 1, '2010-11-04 00:00:00');

-- --------------------------------------------------------

--
-- Structure de la table `gevu_solutionsxcouts`
--

DROP TABLE IF EXISTS `gevu_solutionsxcouts`;
CREATE TABLE IF NOT EXISTS `gevu_solutionsxcouts` (
  `id_solution` int(11) NOT NULL,
  `id_cout` int(11) NOT NULL,
  PRIMARY KEY (`id_solution`,`id_cout`)
) ENGINE=MyISAM DEFAULT CHARSET=utf8 COLLATE=utf8_bin ROW_FORMAT=DYNAMIC;

--
-- Contenu de la table `gevu_solutionsxcouts`
--

INSERT INTO `gevu_solutionsxcouts` (`id_solution`, `id_cout`) VALUES
(1, 5),
(2, 6),
(3, 7),
(4, 8),
(5, 9),
(6, 10),
(7, 11),
(8, 12),
(9, 13),
(10, 14),
(11, 15),
(12, 16),
(13, 17),
(14, 18),
(15, 19),
(16, 20),
(17, 21),
(18, 22),
(19, 23),
(20, 24),
(21, 25),
(22, 26),
(23, 27),
(24, 28),
(25, 29),
(26, 41),
(27, 42),
(28, 43),
(29, 44),
(30, 45),
(31, 46),
(32, 47),
(33, 48),
(35, 49),
(36, 50),
(37, 61),
(38, 62),
(39, 63),
(40, 64),
(42, 65),
(43, 66),
(44, 67),
(45, 68),
(46, 69),
(47, 70),
(48, 71),
(49, 72),
(50, 73),
(51, 74),
(52, 75),
(53, 76),
(55, 77),
(56, 78),
(57, 79),
(58, 80),
(59, 81),
(60, 82),
(61, 83),
(62, 84),
(63, 85),
(64, 86),
(65, 87),
(66, 88),
(67, 89),
(68, 90),
(69, 2),
(70, 3),
(71, 91),
(72, 92),
(73, 93),
(74, 94),
(75, 95),
(76, 96),
(77, 97),
(78, 98),
(79, 99),
(80, 100),
(81, 101),
(82, 102),
(83, 103),
(84, 104),
(85, 105),
(86, 106),
(87, 107),
(88, 108),
(89, 109),
(90, 110),
(91, 111),
(92, 112),
(93, 113),
(94, 114),
(95, 115),
(96, 231),
(97, 232),
(98, 233),
(99, 234),
(100, 235),
(101, 236),
(102, 237),
(103, 238),
(104, 239),
(105, 240),
(106, 241),
(107, 242),
(108, 243),
(109, 244),
(110, 245),
(111, 246),
(112, 116),
(113, 117),
(114, 118),
(115, 119),
(116, 120),
(117, 121),
(118, 122),
(119, 123),
(120, 124),
(121, 125),
(122, 126),
(123, 127),
(124, 128),
(125, 129),
(126, 130),
(127, 131),
(128, 132),
(129, 133),
(130, 134),
(131, 135),
(132, 136),
(133, 137),
(134, 138),
(135, 139),
(136, 140),
(137, 51),
(138, 52),
(139, 53),
(140, 54),
(141, 55),
(142, 56),
(143, 57),
(144, 58),
(145, 59),
(146, 60),
(147, 141),
(148, 142),
(149, 143),
(150, 144),
(151, 145),
(152, 146),
(154, 147),
(155, 148),
(156, 149),
(157, 150),
(158, 151),
(159, 152),
(160, 153),
(161, 154),
(162, 155),
(163, 156),
(164, 157),
(165, 158),
(166, 159),
(167, 160),
(168, 161),
(169, 162),
(170, 163),
(171, 164),
(174, 165),
(175, 166),
(176, 167),
(177, 168),
(178, 169),
(179, 170),
(180, 171),
(181, 172),
(182, 173),
(183, 174),
(184, 175),
(185, 176),
(187, 177),
(188, 178),
(189, 179),
(190, 180),
(191, 181),
(192, 182),
(193, 183),
(194, 184),
(195, 185),
(196, 186),
(197, 187),
(198, 188),
(199, 189),
(200, 190),
(201, 191),
(202, 192),
(203, 193),
(204, 194),
(205, 195),
(206, 196),
(207, 197),
(208, 198),
(209, 199),
(210, 200),
(211, 201),
(212, 202),
(213, 203),
(214, 204),
(215, 205),
(216, 206),
(217, 207),
(218, 208),
(219, 209),
(220, 210),
(221, 30),
(222, 31),
(223, 32),
(224, 33),
(225, 34),
(226, 35),
(227, 36),
(228, 37),
(229, 38),
(230, 39),
(231, 40),
(232, 247),
(233, 248),
(234, 249),
(235, 250),
(236, 251),
(237, 252),
(238, 253),
(239, 254),
(240, 255),
(241, 256),
(242, 257),
(243, 258),
(244, 259),
(246, 260),
(247, 261),
(248, 262),
(249, 263),
(250, 211),
(251, 212),
(252, 213),
(253, 214),
(254, 215),
(255, 216),
(256, 217),
(257, 218),
(258, 219),
(259, 220),
(260, 221),
(261, 222),
(262, 223),
(263, 224),
(264, 225),
(265, 226),
(266, 227),
(267, 228),
(268, 229),
(269, 230),
(270, 1),
(271, 264),
(272, 265),
(273, 266),
(274, 267),
(275, 268),
(276, 269),
(277, 270),
(278, 271),
(279, 272),
(280, 273),
(281, 274),
(282, 275),
(283, 276),
(287, 277),
(288, 278),
(289, 279),
(290, 280),
(291, 281),
(292, 282),
(293, 283),
(294, 284),
(295, 285),
(296, 286),
(297, 287),
(298, 288),
(299, 289),
(300, 290),
(301, 291),
(302, 292),
(303, 293),
(304, 294),
(305, 295),
(306, 296),
(307, 297),
(308, 298),
(309, 299),
(310, 300),
(311, 301),
(312, 302),
(313, 303),
(314, 304),
(315, 305),
(316, 306),
(317, 307),
(318, 308),
(319, 309),
(320, 310),
(321, 311),
(322, 312),
(323, 313),
(324, 314),
(325, 315),
(326, 316),
(327, 317),
(328, 318),
(329, 319),
(330, 320),
(331, 321),
(333, 322),
(334, 323),
(335, 324),
(336, 325),
(337, 326),
(338, 327),
(340, 328),
(342, 329),
(343, 330),
(346, 331),
(347, 332),
(348, 333),
(349, 334),
(350, 335),
(351, 336),
(352, 337),
(353, 338),
(354, 339),
(355, 340),
(356, 341),
(357, 342),
(358, 343),
(359, 344),
(360, 345),
(361, 346),
(362, 347),
(363, 348),
(364, 349),
(365, 350),
(366, 351),
(367, 352),
(368, 353),
(369, 354),
(370, 355),
(371, 356),
(372, 357),
(373, 358),
(374, 359),
(375, 360),
(376, 361),
(377, 362),
(378, 363),
(379, 396),
(380, 397),
(381, 398),
(382, 399),
(383, 400),
(384, 401),
(385, 402),
(386, 403),
(387, 404),
(388, 405),
(389, 406),
(390, 407),
(391, 408),
(392, 409),
(393, 410),
(394, 411),
(395, 412),
(396, 4),
(397, 364),
(398, 365),
(399, 366),
(400, 367),
(401, 368),
(402, 369),
(403, 370),
(404, 371),
(405, 372),
(407, 373),
(408, 374),
(409, 375),
(410, 376),
(411, 377),
(412, 378),
(413, 379),
(414, 380),
(415, 381),
(416, 382),
(417, 383),
(419, 384),
(420, 385),
(421, 386),
(422, 387),
(423, 388),
(424, 389),
(425, 390),
(426, 391),
(427, 392),
(428, 393),
(429, 394),
(430, 395),
(431, 415),
(432, 413),
(433, 414),
(434, 416),
(435, 417),
(436, 418),
(437, 419),
(438, 420),
(439, 421),
(440, 422),
(441, 423),
(442, 424),
(443, 425),
(444, 426),
(445, 427),
(446, 428),
(447, 429),
(448, 430),
(449, 431),
(450, 432),
(451, 433),
(452, 434),
(453, 435),
(454, 436),
(455, 437),
(457, 438),
(458, 439),
(459, 440),
(460, 454),
(461, 441),
(462, 442),
(463, 443),
(464, 444),
(465, 445),
(466, 446),
(468, 447),
(469, 448),
(470, 449),
(471, 450),
(472, 451),
(473, 452),
(474, 453),
(475, 455),
(476, 456),
(477, 457),
(478, 458),
(479, 459),
(480, 460),
(481, 461),
(482, 462),
(483, 463),
(484, 464),
(486, 465),
(487, 466),
(488, 482),
(489, 483),
(490, 484),
(491, 485),
(492, 486),
(493, 487),
(494, 488),
(496, 489),
(497, 490),
(498, 491),
(499, 492),
(500, 477),
(501, 478),
(502, 479),
(503, 480),
(504, 481),
(506, 467),
(507, 468),
(508, 469),
(509, 470),
(510, 471),
(511, 472),
(512, 473),
(513, 474),
(514, 475),
(515, 476),
(516, 493),
(517, 494),
(518, 495),
(519, 496);

-- --------------------------------------------------------

--
-- Structure de la table `gevu_solutionsxcriteres`
--

DROP TABLE IF EXISTS `gevu_solutionsxcriteres`;
CREATE TABLE IF NOT EXISTS `gevu_solutionsxcriteres` (
  `id_solution` int(11) NOT NULL,
  `id_critere` int(11) NOT NULL,
  PRIMARY KEY (`id_solution`,`id_critere`)
) ENGINE=MyISAM DEFAULT CHARSET=utf8 COLLATE=utf8_bin ROW_FORMAT=FIXED;

--
-- Contenu de la table `gevu_solutionsxcriteres`
--

INSERT INTO `gevu_solutionsxcriteres` (`id_solution`, `id_critere`) VALUES
(1, 1),
(1, 4),
(1, 5),
(1, 6),
(1, 8),
(1, 9),
(1, 10),
(1, 11),
(2, 2),
(3, 3),
(4, 6),
(5, 6),
(6, 12),
(7, 12),
(7, 13),
(8, 14),
(9, 15),
(10, 16),
(11, 17),
(12, 17),
(13, 17),
(14, 19),
(15, 20),
(16, 20),
(17, 20),
(18, 23),
(19, 27),
(20, 28),
(21, 29),
(21, 30),
(21, 31),
(22, 32),
(22, 33),
(22, 34),
(22, 35),
(22, 36),
(22, 41),
(23, 37),
(24, 38),
(25, 39),
(26, 43),
(26, 44),
(26, 45),
(26, 46),
(26, 47),
(27, 48),
(27, 49),
(27, 50),
(27, 51),
(27, 52),
(27, 53),
(28, 54),
(28, 55),
(28, 56),
(29, 57),
(30, 58),
(31, 59),
(32, 60),
(32, 61),
(33, 62),
(34, 63),
(34, 64),
(34, 65),
(34, 66),
(34, 68),
(35, 67),
(36, 69),
(37, 73),
(37, 74),
(38, 73),
(38, 74),
(39, 73),
(39, 74),
(40, 73),
(41, 74),
(42, 75),
(43, 75),
(44, 75),
(45, 75),
(46, 75),
(47, 76),
(48, 77),
(48, 78),
(48, 79),
(48, 80),
(48, 81),
(48, 82),
(48, 83),
(48, 84),
(48, 85),
(48, 86),
(49, 87),
(49, 88),
(50, 89),
(51, 90),
(52, 90),
(52, 91),
(53, 91),
(53, 105),
(54, 92),
(55, 93),
(56, 94),
(57, 95),
(58, 96),
(59, 97),
(60, 98),
(61, 98),
(62, 99),
(63, 100),
(64, 101),
(65, 102),
(66, 103),
(67, 104),
(68, 106),
(69, 107),
(70, 108),
(71, 111),
(72, 111),
(73, 111),
(74, 111),
(75, 112),
(76, 112),
(77, 113),
(78, 114),
(79, 114),
(80, 115),
(81, 116),
(82, 116),
(83, 117),
(84, 118),
(85, 119),
(86, 120),
(87, 121),
(88, 122),
(89, 122),
(90, 123),
(91, 123),
(92, 124),
(93, 125),
(94, 126),
(95, 127),
(96, 129),
(97, 130),
(98, 131),
(99, 131),
(100, 132),
(101, 132),
(102, 133),
(103, 133),
(104, 134),
(105, 134),
(106, 135),
(107, 136),
(108, 137),
(109, 138),
(110, 138),
(111, 139),
(112, 140),
(113, 140),
(114, 140),
(115, 141),
(116, 142),
(117, 142),
(118, 142),
(119, 143),
(120, 144),
(121, 145),
(122, 146),
(123, 146),
(124, 146),
(125, 147),
(126, 147),
(127, 148),
(128, 148),
(129, 149),
(130, 150),
(131, 151),
(132, 151),
(133, 152),
(134, 153),
(135, 154),
(136, 155),
(137, 157),
(138, 158),
(139, 159),
(140, 160),
(141, 161),
(142, 161),
(143, 162),
(144, 162),
(145, 163),
(145, 164),
(146, 165),
(147, 166),
(148, 167),
(149, 168),
(150, 169),
(151, 169),
(151, 170),
(152, 169),
(153, 170),
(154, 171),
(155, 171),
(156, 172),
(156, 173),
(156, 175),
(156, 176),
(157, 174),
(158, 177),
(158, 179),
(158, 180),
(158, 211),
(159, 177),
(159, 178),
(159, 179),
(159, 180),
(160, 181),
(160, 182),
(160, 186),
(160, 187),
(161, 183),
(162, 184),
(163, 184),
(164, 185),
(165, 185),
(166, 188),
(167, 189),
(168, 190),
(168, 191),
(168, 192),
(168, 193),
(168, 194),
(168, 195),
(168, 196),
(168, 197),
(168, 198),
(168, 199),
(168, 200),
(168, 201),
(168, 202),
(168, 203),
(168, 204),
(168, 205),
(168, 206),
(168, 207),
(169, 208),
(170, 209),
(171, 210),
(172, 211),
(173, 212),
(174, 214),
(175, 215),
(176, 216),
(177, 217),
(178, 217),
(178, 218),
(179, 218),
(180, 219),
(181, 220),
(182, 221),
(182, 222),
(182, 224),
(183, 223),
(184, 225),
(185, 225),
(186, 226),
(186, 227),
(186, 228),
(187, 229),
(187, 230),
(187, 234),
(187, 235),
(188, 231),
(189, 232),
(190, 232),
(191, 233),
(192, 233),
(193, 236),
(194, 237),
(195, 238),
(195, 239),
(195, 240),
(195, 241),
(195, 242),
(195, 243),
(195, 244),
(195, 245),
(195, 246),
(196, 247),
(197, 248),
(198, 250),
(199, 251),
(200, 252),
(201, 252),
(202, 252),
(203, 253),
(203, 254),
(203, 255),
(204, 256),
(204, 257),
(204, 258),
(204, 259),
(204, 260),
(204, 261),
(205, 262),
(206, 262),
(207, 263),
(208, 264),
(209, 264),
(210, 265),
(211, 266),
(211, 267),
(212, 268),
(213, 268),
(214, 269),
(215, 269),
(216, 270),
(217, 270),
(218, 271),
(219, 272),
(219, 273),
(219, 274),
(220, 275),
(221, 276),
(222, 277),
(223, 278),
(223, 282),
(224, 279),
(225, 280),
(225, 281),
(226, 283),
(226, 284),
(227, 285),
(228, 286),
(229, 287),
(230, 288),
(230, 289),
(231, 290),
(232, 291),
(233, 292),
(234, 293),
(234, 316),
(235, 294),
(236, 295),
(237, 296),
(238, 297),
(238, 298),
(238, 299),
(238, 300),
(238, 301),
(238, 302),
(238, 303),
(238, 304),
(239, 305),
(239, 306),
(240, 307),
(240, 308),
(241, 309),
(241, 310),
(241, 311),
(242, 309),
(242, 310),
(242, 311),
(243, 309),
(243, 310),
(243, 311),
(243, 312),
(244, 312),
(245, 313),
(246, 313),
(246, 314),
(247, 315),
(248, 317),
(249, 318),
(250, 321),
(250, 323),
(251, 321),
(252, 322),
(253, 324),
(254, 325),
(255, 326),
(256, 327),
(257, 328),
(258, 328),
(259, 329),
(260, 330),
(261, 331),
(262, 331),
(263, 332),
(264, 332),
(265, 332),
(266, 333),
(267, 334),
(268, 335),
(268, 336),
(268, 337),
(269, 338),
(270, 339),
(271, 340),
(272, 340),
(272, 341),
(272, 342),
(272, 343),
(272, 344),
(272, 345),
(272, 349),
(272, 350),
(272, 351),
(272, 352),
(272, 353),
(272, 371),
(273, 341),
(274, 342),
(275, 343),
(276, 344),
(277, 345),
(278, 346),
(279, 347),
(280, 347),
(281, 348),
(282, 349),
(282, 367),
(283, 349),
(283, 350),
(283, 351),
(284, 349),
(284, 350),
(285, 350),
(285, 351),
(286, 351),
(286, 352),
(286, 353),
(287, 352),
(288, 353),
(289, 354),
(290, 354),
(291, 354),
(292, 355),
(293, 355),
(294, 356),
(295, 357),
(296, 357),
(296, 358),
(297, 359),
(297, 360),
(298, 361),
(299, 362),
(300, 363),
(301, 364),
(301, 365),
(302, 366),
(303, 367),
(304, 368),
(305, 369),
(306, 370),
(307, 371),
(308, 380),
(309, 380),
(310, 381),
(311, 381),
(312, 382),
(313, 382),
(314, 382),
(315, 383),
(316, 384),
(317, 385),
(318, 385),
(319, 385),
(320, 386),
(321, 388),
(321, 389),
(321, 390),
(321, 392),
(321, 399),
(322, 391),
(323, 392),
(324, 393),
(325, 394),
(326, 395),
(327, 396),
(328, 397),
(329, 398),
(330, 400),
(330, 401),
(330, 402),
(331, 403),
(332, 404),
(333, 405),
(334, 406),
(335, 407),
(336, 408),
(337, 409),
(338, 410),
(339, 411),
(340, 412),
(340, 413),
(341, 674),
(342, 412),
(342, 413),
(343, 412),
(344, 413),
(345, 414),
(345, 415),
(346, 416),
(346, 417),
(346, 418),
(346, 419),
(346, 420),
(347, 421),
(348, 422),
(349, 423),
(350, 424),
(351, 425),
(352, 426),
(353, 426),
(354, 427),
(355, 428),
(356, 429),
(357, 429),
(358, 430),
(359, 430),
(360, 431),
(361, 431),
(362, 432),
(363, 432),
(364, 433),
(365, 434),
(366, 435),
(367, 436),
(368, 437),
(369, 437),
(370, 438),
(371, 438),
(372, 439),
(373, 439),
(374, 440),
(375, 441),
(376, 442),
(377, 443),
(378, 444),
(379, 446),
(379, 447),
(379, 448),
(379, 451),
(379, 453),
(380, 446),
(380, 447),
(380, 448),
(380, 449),
(380, 451),
(380, 452),
(380, 453),
(381, 446),
(381, 447),
(381, 448),
(381, 449),
(381, 452),
(381, 453),
(382, 449),
(383, 450),
(384, 450),
(385, 454),
(386, 454),
(387, 454),
(388, 455),
(389, 455),
(390, 455),
(391, 455),
(392, 455),
(393, 455),
(394, 456),
(395, 457),
(396, 458),
(397, 459),
(397, 460),
(397, 461),
(397, 465),
(397, 466),
(398, 459),
(398, 460),
(398, 461),
(398, 465),
(398, 466),
(399, 459),
(399, 460),
(399, 461),
(399, 465),
(399, 466),
(400, 459),
(400, 460),
(400, 461),
(400, 465),
(400, 466),
(401, 461),
(402, 462),
(403, 463),
(403, 464),
(404, 463),
(405, 464),
(406, 467),
(407, 467),
(408, 468),
(408, 470),
(409, 468),
(409, 469),
(409, 470),
(410, 469),
(411, 471),
(412, 471),
(413, 471),
(414, 472),
(415, 472),
(416, 472),
(417, 472),
(418, 472),
(419, 472),
(420, 473),
(421, 474),
(422, 475),
(423, 476),
(424, 477),
(425, 478),
(425, 484),
(425, 485),
(425, 486),
(425, 487),
(425, 488),
(426, 479),
(427, 480),
(428, 481),
(428, 482),
(428, 483),
(428, 487),
(428, 488),
(429, 485),
(430, 487),
(431, 492),
(431, 493),
(432, 491),
(432, 494),
(433, 491),
(434, 645),
(435, 645),
(435, 647),
(436, 647),
(437, 649),
(438, 649),
(439, 651),
(440, 651),
(441, 653),
(442, 654),
(442, 658),
(443, 655),
(444, 655),
(445, 657),
(446, 658),
(447, 659),
(447, 660),
(447, 661),
(448, 660),
(449, 661),
(450, 662),
(451, 663),
(451, 664),
(451, 665),
(451, 666),
(452, 663),
(452, 665),
(452, 666),
(453, 664),
(454, 667),
(454, 668),
(454, 669),
(455, 668),
(456, 670),
(457, 671),
(458, 672),
(459, 522),
(460, 522),
(461, 523),
(461, 524),
(461, 525),
(461, 526),
(462, 523),
(462, 524),
(462, 525),
(462, 527),
(462, 528),
(462, 530),
(462, 531),
(463, 527),
(463, 528),
(464, 529),
(465, 530),
(465, 531),
(466, 532),
(466, 533),
(467, 534),
(468, 535),
(469, 536),
(470, 536),
(471, 538),
(472, 538),
(473, 539),
(474, 539),
(475, 541),
(475, 580),
(476, 542),
(477, 543),
(478, 544),
(478, 545),
(478, 546),
(478, 551),
(478, 562),
(479, 547),
(479, 548),
(479, 549),
(480, 550),
(481, 552),
(482, 553),
(482, 554),
(482, 555),
(482, 556),
(482, 557),
(482, 558),
(482, 559),
(482, 560),
(482, 561),
(482, 565),
(482, 566),
(482, 567),
(482, 568),
(482, 569),
(482, 570),
(482, 571),
(482, 572),
(482, 573),
(482, 574),
(482, 577),
(482, 578),
(483, 563),
(484, 564),
(485, 564),
(486, 575),
(487, 576),
(488, 581),
(488, 582),
(488, 583),
(488, 584),
(488, 585),
(488, 600),
(489, 586),
(489, 587),
(490, 588),
(490, 589),
(491, 588),
(491, 589),
(492, 588),
(492, 589),
(493, 590),
(493, 591),
(494, 592),
(494, 593),
(495, 594),
(496, 595),
(496, 596),
(497, 597),
(498, 598),
(499, 599),
(500, 601),
(501, 602),
(501, 603),
(501, 604),
(501, 617),
(502, 605),
(502, 606),
(502, 607),
(502, 608),
(502, 610),
(502, 611),
(502, 612),
(502, 613),
(502, 614),
(502, 615),
(503, 609),
(504, 611),
(504, 613),
(504, 615),
(505, 616),
(506, 618),
(507, 619),
(508, 620),
(509, 621),
(509, 622),
(509, 623),
(509, 631),
(510, 624),
(511, 625),
(512, 626),
(513, 627),
(513, 628),
(514, 629),
(515, 630),
(516, 633),
(516, 634),
(516, 635),
(516, 636),
(517, 633),
(517, 634),
(518, 633),
(518, 634),
(519, 637),
(519, 638),
(520, 639),
(521, 640),
(522, 641),
(523, 642),
(524, 643),
(525, 644);

-- --------------------------------------------------------

--
-- Structure de la table `gevu_solutionsxmetiers`
--

DROP TABLE IF EXISTS `gevu_solutionsxmetiers`;
CREATE TABLE IF NOT EXISTS `gevu_solutionsxmetiers` (
  `id_solution` int(11) NOT NULL,
  `id_metier` int(11) NOT NULL,
  PRIMARY KEY (`id_solution`,`id_metier`)
) ENGINE=MyISAM DEFAULT CHARSET=utf8 COLLATE=utf8_bin ROW_FORMAT=FIXED;

--
-- Contenu de la table `gevu_solutionsxmetiers`
--

INSERT INTO `gevu_solutionsxmetiers` (`id_solution`, `id_metier`) VALUES
(18, 1),
(24, 1),
(25, 1),
(76, 1),
(77, 1),
(78, 1),
(79, 1),
(80, 1),
(81, 1),
(82, 1),
(83, 2),
(93, 2),
(94, 2),
(95, 2),
(98, 1),
(99, 1),
(100, 1),
(101, 1),
(102, 1),
(103, 1),
(104, 1),
(105, 1),
(106, 1),
(107, 1),
(108, 1),
(109, 1),
(110, 1),
(111, 1),
(112, 3),
(115, 3),
(117, 3),
(118, 1),
(124, 3),
(161, 3),
(188, 3),
(214, 1),
(215, 1),
(216, 3),
(244, 3),
(271, 4),
(273, 4),
(274, 4),
(275, 4),
(276, 4),
(277, 4),
(281, 4),
(283, 4),
(307, 4),
(308, 4),
(326, 1),
(327, 1),
(328, 1),
(329, 1),
(335, 1),
(336, 1),
(337, 1),
(338, 1),
(342, 2),
(343, 2),
(343, 5),
(344, 2),
(344, 5),
(346, 2),
(350, 1),
(353, 3),
(388, 3),
(390, 3),
(394, 3),
(397, 6),
(398, 6),
(399, 6),
(400, 6),
(414, 3),
(416, 3),
(420, 3),
(434, 5),
(434, 7),
(434, 8),
(434, 9),
(435, 2),
(436, 5),
(436, 7),
(436, 8),
(436, 9),
(439, 5),
(439, 7),
(439, 8),
(439, 9),
(440, 2),
(441, 5),
(441, 7),
(441, 8),
(441, 9),
(447, 2),
(448, 2),
(449, 2),
(450, 2),
(451, 2),
(452, 2),
(453, 2),
(454, 2),
(455, 2),
(456, 1),
(457, 1);

-- --------------------------------------------------------

--
-- Structure de la table `gevu_solutionsxproduits`
--

DROP TABLE IF EXISTS `gevu_solutionsxproduits`;
CREATE TABLE IF NOT EXISTS `gevu_solutionsxproduits` (
  `id_solution` int(11) NOT NULL,
  `id_produit` int(11) NOT NULL,
  PRIMARY KEY (`id_solution`,`id_produit`)
) ENGINE=MyISAM DEFAULT CHARSET=utf8 COLLATE=utf8_bin ROW_FORMAT=FIXED;

--
-- Contenu de la table `gevu_solutionsxproduits`
--


-- --------------------------------------------------------

--
-- Structure de la table `gevu_synchros`
--

DROP TABLE IF EXISTS `gevu_synchros`;
CREATE TABLE IF NOT EXISTS `gevu_synchros` (
  `id_lieu` int(11) NOT NULL
) ENGINE=MyISAM DEFAULT CHARSET=utf8 COLLATE=utf8_bin;

--
-- Contenu de la table `gevu_synchros`
--


-- --------------------------------------------------------

--
-- Structure de la table `gevu_typesxcontroles`
--

DROP TABLE IF EXISTS `gevu_typesxcontroles`;
CREATE TABLE IF NOT EXISTS `gevu_typesxcontroles` (
  `id_type_controle` int(11) NOT NULL AUTO_INCREMENT,
  `lib` varchar(255) COLLATE utf8_bin NOT NULL,
  PRIMARY KEY (`id_type_controle`)
) ENGINE=MyISAM  DEFAULT CHARSET=utf8 COLLATE=utf8_bin ROW_FORMAT=DYNAMIC AUTO_INCREMENT=38 ;

--
-- Contenu de la table `gevu_typesxcontroles`
--

INSERT INTO `gevu_typesxcontroles` (`id_type_controle`, `lib`) VALUES
(1, 'Accueil'),
(2, 'Aire de stationnement'),
(3, 'Cabine ascenseur'),
(4, 'Cheminement exterieur'),
(5, 'Commandes'),
(6, 'Douche'),
(7, 'Eclairage'),
(8, 'Entrée'),
(9, 'Equipement'),
(10, 'ERP Assis'),
(11, 'Escalier'),
(12, 'Escalier extérieur'),
(13, 'Escalier mécanique'),
(14, 'Face des portes'),
(15, 'Palier ascenseur'),
(16, 'Pentes ressauts'),
(17, 'Place GIC'),
(18, 'Porte'),
(19, 'Porte de secours'),
(20, 'Quai extérieur'),
(21, 'Quai intérieur'),
(22, 'Sanitaire'),
(23, 'Signalétique'),
(24, 'Sol extérieur'),
(25, 'Sols Murs Plafonds'),
(26, 'Sortie'),
(27, 'Voirie bus'),
(28, 'Voirie cheminement'),
(29, 'Voirie équipement'),
(30, 'Voirie escalier'),
(31, 'Voirie passage piétons'),
(32, 'Voirie Pente'),
(33, 'Voirie place GIC'),
(34, 'Voirie Ressaut'),
(35, 'Voirie signalétique'),
(36, 'WC'),
(37, 'Réglementaire');

-- --------------------------------------------------------

--
-- Structure de la table `gevu_typesxcriteres`
--

DROP TABLE IF EXISTS `gevu_typesxcriteres`;
CREATE TABLE IF NOT EXISTS `gevu_typesxcriteres` (
  `id_type_critere` int(11) NOT NULL AUTO_INCREMENT,
  `lib` varchar(255) COLLATE utf8_bin NOT NULL,
  PRIMARY KEY (`id_type_critere`)
) ENGINE=MyISAM  DEFAULT CHARSET=utf8 COLLATE=utf8_bin ROW_FORMAT=DYNAMIC AUTO_INCREMENT=6 ;

--
-- Contenu de la table `gevu_typesxcriteres`
--

INSERT INTO `gevu_typesxcriteres` (`id_type_critere`, `lib`) VALUES
(1, 'Réglementaire'),
(2, ''),
(3, 'Souhaitable'),
(4, 'ERP_IOP'),
(5, 'Logement');

-- --------------------------------------------------------

--
-- Structure de la table `gevu_typesxdeficiences`
--

DROP TABLE IF EXISTS `gevu_typesxdeficiences`;
CREATE TABLE IF NOT EXISTS `gevu_typesxdeficiences` (
  `id_type_deficience` int(11) NOT NULL AUTO_INCREMENT,
  `lib` varchar(255) COLLATE utf8_bin NOT NULL,
  PRIMARY KEY (`id_type_deficience`)
) ENGINE=MyISAM  DEFAULT CHARSET=utf8 COLLATE=utf8_bin ROW_FORMAT=DYNAMIC AUTO_INCREMENT=8 ;

--
-- Contenu de la table `gevu_typesxdeficiences`
--

INSERT INTO `gevu_typesxdeficiences` (`id_type_deficience`, `lib`) VALUES
(1, 'motrice'),
(2, 'auditive'),
(3, 'visuelle'),
(4, 'cognitive'),
(5, ' '),
(6, '0'),
(7, 'Il existe une pente supérieure à 5%');

-- --------------------------------------------------------

--
-- Structure de la table `gevu_typesxdroits`
--

DROP TABLE IF EXISTS `gevu_typesxdroits`;
CREATE TABLE IF NOT EXISTS `gevu_typesxdroits` (
  `id_type_droit` int(11) NOT NULL AUTO_INCREMENT,
  `lib` varchar(255) COLLATE utf8_bin NOT NULL,
  PRIMARY KEY (`id_type_droit`)
) ENGINE=MyISAM  DEFAULT CHARSET=utf8 COLLATE=utf8_bin ROW_FORMAT=DYNAMIC AUTO_INCREMENT=10 ;

--
-- Contenu de la table `gevu_typesxdroits`
--

INSERT INTO `gevu_typesxdroits` (`id_type_droit`, `lib`) VALUES
(1, ''),
(2, 'ERP_IOP'),
(3, 'ERP_IOP existant'),
(4, 'Travail'),
(5, 'Voirie'),
(6, 'Modalité particulière'),
(7, 'Logement'),
(8, 'auditive'),
(9, 'visuelle');

-- --------------------------------------------------------

--
-- Structure de la table `gevu_typesxsolutions`
--

DROP TABLE IF EXISTS `gevu_typesxsolutions`;
CREATE TABLE IF NOT EXISTS `gevu_typesxsolutions` (
  `id_type_solution` int(11) NOT NULL AUTO_INCREMENT,
  `lib` varchar(255) COLLATE utf8_bin NOT NULL,
  PRIMARY KEY (`id_type_solution`)
) ENGINE=MyISAM  DEFAULT CHARSET=utf8 COLLATE=utf8_bin ROW_FORMAT=DYNAMIC AUTO_INCREMENT=6 ;

--
-- Contenu de la table `gevu_typesxsolutions`
--

INSERT INTO `gevu_typesxsolutions` (`id_type_solution`, `lib`) VALUES
(1, 'Technique'),
(2, 'Humaine'),
(3, 'Organisationnelle'),
(4, 'Technique, Humaine'),
(5, 'sdfgsdfg');
